年度,歳入区分,区分２,区分３,区分順序１,区分順序２,区分順序３,決算額（千円）,決算額（億円）,決算額（兆円）
2005,地方税,地方税,地方税,1,1,1,"4,602,717,816","46,027",4.602717816
2005,地方譲与税,地方道路譲与税,地方道路譲与税,2,1,1,"2,412,707",24,0.002412707
2005,地方譲与税,特別とん譲与税,特別とん譲与税,2,2,1,"389,706",4,0.000389706
2005,地方譲与税,石油ガス譲与税,石油ガス譲与税,2,3,1,"475,222",5,0.000475222
2005,地方譲与税,航空機燃料譲与税,航空機燃料譲与税,2,4,1,"150,403",2,0.000150403
2005,地方譲与税,所得譲与税,所得譲与税,2,5,1,"63,638,882",636,0.063638882
2005,市町村たばこ税都道府県交付金,市町村たばこ税都道府県交付金,市町村たばこ税都道府県交付金,3,1,1,0,0,0
2005,地方特例交付金,減税補てん特例交付金,減税補てん特例交付金,4,1,1,"157,802,592","1,578",0.157802592
2005,地方特例交付金,税源委譲予定特例交付,税源委譲予定特例交付,4,2,1,"38,773,872",388,0.038773872
2005,地方交付税,普通交付税,普通交付税,5,1,1,0,0,0
2005,地方交付税,特別交付税,特別交付税,5,2,1,0,0,0
2005,交通安全対策特別交付金,交通安全対策特別交付金,交通安全対策特別交付金,6,1,1,"4,584,310",46,0.00458431
2005,分担金及び負担金,同級他団体からのもの,同級他団体からのもの,7,1,1,"316,947",3,0.000316947
2005,分担金及び負担金,市町村からのもの,市町村からのもの,7,2,1,"58,307,548",583,0.058307548
2005,分担金及び負担金,その他,その他,7,3,1,"6,381,698",64,0.006381698
2005,使用料,授業料,高等学校,8,1,1,"12,749,313",127,0.012749313
2005,使用料,授業料,その他,8,1,2,"643,912",6,0.000643912
2005,使用料,発電水利使用料,発電水利使用料,8,2,1,"76,820",1,0.00007682
2005,使用料,公営住宅使用料,公営住宅使用料,8,3,1,"74,365,092",744,0.074365092
2005,使用料,その他,その他,8,4,1,"47,387,524",474,0.047387524
2005,手数料,法定受託事務に係るもの,法定受託事務に係るもの,9,1,1,"1,739,921",17,0.001739921
2005,手数料,自治事務に係るもの,自治事務に係るもの,9,2,1,"25,333,068",253,0.025333068
2005,国庫支出金,義務教育費負担金,義務教育費負担金,10,1,1,"144,369,666","1,444",0.144369666
2005,国庫支出金,生活保護費負担金,生活保護費負担金,10,2,1,"1,350,751",14,0.001350751
2005,国庫支出金,児童保護費負担金,児童保護費負担金,10,3,1,"11,599,596",116,0.011599596
2005,国庫支出金,結核医療費負担金,結核医療費負担金,10,4,1,"127,170",1,0.00012717
2005,国庫支出金,精神保健費負担金,精神保健費負担金,10,5,1,"10,531,492",105,0.010531492
2005,国庫支出金,老人保護費負担金,老人保護費負担金,10,6,1,0,0,0
2005,国庫支出金,普通建設事業費支出金,普通建設事業費支出金,10,7,1,"93,640,813",936,0.093640813
2005,国庫支出金,災害復旧事業費支出金,災害復旧事業費支出金,10,8,1,"6,788,045",68,0.006788045
2005,国庫支出金,失業対策事業費支出金,失業対策事業費支出金,10,9,1,0,0,0
2005,国庫支出金,委託金,普通建設事業,10,10,1,0,0,0
2005,国庫支出金,委託金,災害復旧事業,10,10,2,0,0,0
2005,国庫支出金,委託金,その他,10,10,3,"17,907,895",179,0.017907895
2005,国庫支出金,委託金,財政補給金,10,10,4,0,0,0
2005,国庫支出金,委託金,電源立地地域対策交付,10,10,5,"14,015",0,0.000014015
2005,国庫支出金,委託金,石油貯蔵施設立地対策,10,10,6,"10,647",0,0.000010647
2005,国庫支出金,委託金,その他,10,10,7,"129,228,789","1,292",0.129228789
2005,国有提供施設等所在市町村助成交付金,国有提供施設等所在市町村助成交付金,国有提供施設等所在市町村助成交付金,11,1,1,"20,736",0,0.000020736
2005,財産収入,財産運用収入,財産運用収入,12,1,1,"15,395,179",154,0.015395179
2005,財産収入,財産売払収入,土地建物,12,2,1,"50,309,131",503,0.050309131
2005,財産収入,財産売払収入,立木竹,12,2,2,0,0,0
2005,財産収入,財産売払収入,その他,12,2,3,"199,602",2,0.000199602
2005,寄附金,市町村からのもの,市町村からのもの,13,1,1,0,0,0
2005,寄附金,その他からのもの,その他からのもの,13,2,1,"7,450",0,0.00000745
2005,繰入金,繰入金,繰入金,14,1,1,"15,203,750",152,0.01520375
2005,繰越金,純繰越金,純繰越金,15,1,1,"97,293,560",973,0.09729356
2005,繰越金,繰越事業費等充当財源,繰越事業費等充当財源,15,2,1,"50,208,472",502,0.050208472
2005,諸収入,延滞金加算金及び過料,延滞金加算金及び過料,16,1,1,"9,964,948",100,0.009964948
2005,諸収入,預金利子,預金利子,16,2,1,"259,908",3,0.000259908
2005,諸収入,公営企業貸付金元利収,公営企業貸付金元利収,16,3,1,0,0,0
2005,諸収入,貸付金元利収入,市町村からのもの,16,4,1,"1,018,672",10,0.001018672
2005,諸収入,貸付金元利収入,その他からのもの,16,4,2,"260,357,405","2,604",0.260357405
2005,諸収入,受託事業収入,同級他団体からのもの,16,5,1,"2,218,814",22,0.002218814
2005,諸収入,受託事業収入,市町村からのもの,16,5,2,"995,449",10,0.000995449
2005,諸収入,受託事業収入,民間からのもの,16,5,3,"695,975",7,0.000695975
2005,諸収入,収益事業収入,収益事業収入,16,6,1,"71,456,899",715,0.071456899
2005,諸収入,利子割清算金収入,利子割清算金収入,16,7,1,"61,630",1,0.00006163
2005,諸収入,雑入,市町村からのもの,16,8,1,"6,407,153",64,0.006407153
2005,諸収入,雑入,その他からのもの,16,8,2,"36,758,612",368,0.036758612
2005,地方債,地方債,地方債,17,7,1,"300,737,210","3,007",0.30073721
2006,地方税,地方税,地方税,1,1,1,"4,927,071,851","49,271",4.927071851
2006,地方譲与税,所得譲与税,所得譲与税,2,1,1,"228,917,483","2,289",0.228917483
2006,地方譲与税,地方道路譲与税,地方道路譲与税,2,2,1,"2,394,000",24,0.002394
2006,地方譲与税,特別とん譲与税,特別とん譲与税,2,3,1,"380,179",4,0.000380179
2006,地方譲与税,石油ガス譲与税,石油ガス譲与税,2,4,1,"452,646",5,0.000452646
2006,地方譲与税,航空機燃料譲与税,航空機燃料譲与税,2,5,1,"157,826",2,0.000157826
2006,市町村たばこ税都道府県交付金,市町村たばこ税都道府県交付金,市町村たばこ税都道府県交付金,3,1,1,0,0,0
2006,地方特例交付金,減税補てん特例交付金,減税補てん特例交付金,4,1,1,"179,148,462","1,791",0.179148462
2006,地方特例交付金,税源委譲予定特例交付,税源委譲予定特例交付,4,2,1,"2,359,406",24,0.002359406
2006,地方交付税,普通交付税,普通交付税,5,1,1,0,0,0
2006,地方交付税,特別交付税,特別交付税,5,2,1,0,0,0
2006,交通安全対策特別交付金,交通安全対策特別交付金,交通安全対策特別交付金,6,1,1,"4,787,471",48,0.004787471
2006,分担金及び負担金,同級他団体からのもの,同級他団体からのもの,7,1,1,"352,154",4,0.000352154
2006,分担金及び負担金,市町村からのもの,市町村からのもの,7,2,1,"57,390,368",574,0.057390368
2006,分担金及び負担金,その他,その他,7,3,1,"3,286,225",33,0.003286225
2006,使用料,授業料,高等学校,8,1,1,"12,477,353",125,0.012477353
2006,使用料,授業料,その他,8,1,2,"687,448",7,0.000687448
2006,使用料,発電水利使用料,発電水利使用料,8,2,1,"72,353",1,0.000072353
2006,使用料,公営住宅使用料,公営住宅使用料,8,3,1,"74,670,319",747,0.074670319
2006,使用料,その他,その他,8,4,1,"47,754,456",478,0.047754456
2006,手数料,法定受託事務に係るも,法定受託事務に係るも,9,1,1,"1,994,821",20,0.001994821
2006,手数料,自治事務に係るもの,自治事務に係るもの,9,2,1,"26,655,824",267,0.026655824
2006,国庫支出金,義務教育費負担金,義務教育費負担金,10,1,1,"115,301,559","1,153",0.115301559
2006,国庫支出金,生活保護費負担金,生活保護費負担金,10,2,1,"1,327,493",13,0.001327493
2006,国庫支出金,児童保護費負担金,児童保護費負担金,10,3,1,"11,086,007",111,0.011086007
2006,国庫支出金,結核医療費負担金,結核医療費負担金,10,4,1,"98,584",1,0.000098584
2006,国庫支出金,精神保健費負担金,精神保健費負担金,10,5,1,"10,024,358",100,0.010024358
2006,国庫支出金,老人保護費負担金,老人保護費負担金,10,6,1,0,0,0
2006,国庫支出金,普通建設事業費支出金,普通建設事業費支出金,10,7,1,"84,671,854",847,0.084671854
2006,国庫支出金,災害復旧事業費支出金,災害復旧事業費支出金,10,8,1,"3,370,192",34,0.003370192
2006,国庫支出金,失業対策事業費支出金,失業対策事業費支出金,10,9,1,0,0,0
2006,国庫支出金,委託金,普通建設事業,10,10,1,0,0,0
2006,国庫支出金,委託金,災害復旧事業,10,10,2,0,0,0
2006,国庫支出金,委託金,その他,10,10,3,"6,659,965",67,0.006659965
2006,国庫支出金,委託金,財政補給金,10,10,4,0,0,0
2006,国庫支出金,委託金,電源立地地域対策交付,10,10,5,"14,012",0,0.000014012
2006,国庫支出金,委託金,石油貯蔵施設立地対策,10,10,6,"5,968",0,0.000005968
2006,国庫支出金,委託金,その他,10,10,7,"119,887,135","1,199",0.119887135
2006,国有提供施設等所在市町村助成交付金,国有提供施設等所在市町村助成交付金,国有提供施設等所在市町村助成交付金,11,1,1,"21,598",0,0.000021598
2006,財産収入,財産運用収入,財産運用収入,12,1,1,"17,279,160",173,0.01727916
2006,財産収入,財産売払収入,土地建物,12,2,1,"61,254,335",613,0.061254335
2006,財産収入,財産売払収入,立木竹,12,2,2,0,0,0
2006,財産収入,財産売払収入,その他,12,2,3,"105,679",1,0.000105679
2006,寄附金,市町村からのもの,市町村からのもの,13,1,1,0,0,0
2006,寄附金,その他からのもの,その他からのもの,13,2,1,"206,281",2,0.000206281
2006,繰入金,繰入金,繰入金,14,1,1,"18,773,594",188,0.018773594
2006,繰越金,純繰越金,純繰越金,15,1,1,"97,656,924",977,0.097656924
2006,繰越金,繰越事業費等充当財源,繰越事業費等充当財源,15,2,1,"115,514,166","1,155",0.115514166
2006,諸収入,延滞金加算金及び過料,延滞金加算金及び過料,16,1,1,"15,184,786",152,0.015184786
2006,諸収入,預金利子,預金利子,16,2,1,"1,316,848",13,0.001316848
2006,諸収入,公営企業貸付金元利収,公営企業貸付金元利収,16,3,1,0,0,0
2006,諸収入,貸付金元利収入,市町村からのもの,16,4,1,"863,953",9,0.000863953
2006,諸収入,貸付金元利収入,その他からのもの,16,4,2,"240,946,884","2,409",0.240946884
2006,諸収入,受託事業収入,同級他団体からのもの,16,5,1,"3,111,116",31,0.003111116
2006,諸収入,受託事業収入,市町村からのもの,16,5,2,"714,320",7,0.00071432
2006,諸収入,受託事業収入,民間からのもの,16,5,3,"951,066",10,0.000951066
2006,諸収入,収益事業収入,収益事業収入,16,6,1,"72,274,414",723,0.072274414
2006,諸収入,利子割清算金収入,利子割清算金収入,16,7,1,"88,652",1,0.000088652
2006,諸収入,雑入,市町村からのもの,16,8,1,"5,877,179",59,0.005877179
2006,諸収入,雑入,その他からのもの,16,8,2,"37,926,955",379,0.037926955
2006,地方債,地方債,地方債,17,7,1,"214,259,792","2,143",0.214259792
2007,地方税,地方税,地方税,1,1,1,"5,497,271,578","54,973",5.497271578
2007,地方譲与税,所得譲与税,所得譲与税,2,1,1,0,0,0
2007,地方譲与税,地方道路譲与税,地方道路譲与税,2,2,1,"2,462,249",25,0.002462249
2007,地方譲与税,特別とん譲与税,特別とん譲与税,2,3,1,"371,606",4,0.000371606
2007,地方譲与税,石油ガス譲与税,石油ガス譲与税,2,4,1,"467,924",5,0.000467924
2007,地方譲与税,航空機燃料譲与税,航空機燃料譲与税,2,5,1,"157,813",2,0.000157813
2007,市町村たばこ税都道府県交付金,市町村たばこ税都道府県交付金,市町村たばこ税都道府県交付金,3,1,1,0,0,0
2007,地方特例交付金,減税補てん特例交付金,減税補てん特例交付金,4,1,1,"4,010,108",40,0.004010108
2007,地方特例交付金,税源委譲予定特例交付,税源委譲予定特例交付,4,2,1,"58,440,464",584,0.058440464
2007,地方交付税,普通交付税,普通交付税,5,1,1,0,0,0
2007,地方交付税,特別交付税,特別交付税,5,2,1,0,0,0
2007,交通安全対策特別交付金,交通安全対策特別交付金,交通安全対策特別交付金,6,1,1,"4,683,978",47,0.004683978
2007,分担金及び負担金,同級他団体からのもの,同級他団体からのもの,7,1,1,"261,005",3,0.000261005
2007,分担金及び負担金,市町村からのもの,市町村からのもの,7,2,1,"58,398,778",584,0.058398778
2007,分担金及び負担金,その他,その他,7,3,1,"2,111,317",21,0.002111317
2007,使用料,授業料,高等学校,8,1,1,"12,363,774",124,0.012363774
2007,使用料,授業料,幼稚園,8,1,2,0,0,0
2007,使用料,授業料,その他,8,1,3,"796,161",8,0.000796161
2007,使用料,保育所使用料,保育所使用料,8,2,1,0,0,0
2007,使用料,発電水利使用料,発電水利使用料,8,3,1,"76,709",1,0.000076709
2007,使用料,公営住宅使用料,公営住宅使用料,8,4,1,"75,035,988",750,0.075035988
2007,使用料,その他,その他,8,5,1,"50,591,856",506,0.050591856
2007,手数料,法定受託事務に係るも,法定受託事務に係るも,9,1,1,"1,875,436",19,0.001875436
2007,手数料,自治事務に係るもの,自治事務に係るもの,9,2,1,"26,978,447",270,0.026978447
2007,国庫支出金,義務教育費負担金,義務教育費負担金,10,1,1,"116,470,158","1,165",0.116470158
2007,国庫支出金,生活保護費負担金,生活保護費負担金,10,2,1,"1,400,906",14,0.001400906
2007,国庫支出金,児童保護費負担金,児童保護費負担金,10,3,1,"11,528,787",115,0.011528787
2007,国庫支出金,結核医療費負担金,結核医療費負担金,10,4,1,"8,669,663",87,0.008669663
2007,国庫支出金,精神保健費負担金,精神保健費負担金,10,5,1,0,0,0
2007,国庫支出金,老人保護費負担金,老人保護費負担金,10,6,1,0,0,0
2007,国庫支出金,普通建設事業費支出金,普通建設事業費支出金,10,7,1,"85,580,240",856,0.08558024
2007,国庫支出金,災害復旧事業費支出金,災害復旧事業費支出金,10,8,1,"1,898,949",19,0.001898949
2007,国庫支出金,失業対策事業費支出金,失業対策事業費支出金,10,9,1,0,0,0
2007,国庫支出金,委託金,普通建設事業,10,1,1,"1,564,750",16,0.00156475
2007,国庫支出金,委託金,災害復旧事業,10,1,2,0,0,0
2007,国庫支出金,委託金,その他,10,1,3,"10,974,839",110,0.010974839
2007,国庫支出金,委託金,財政補給金,10,1,4,0,0,0
2007,国庫支出金,委託金,電源立地地域対策交付,10,1,5,"14,012",0,0.000014012
2007,国庫支出金,委託金,石油貯蔵施設立地対策,10,1,6,"5,914",0,0.000005914
2007,国庫支出金,委託金,地方道路整備臨時交付金,10,1,7,"67,233,083",672,0.067233083
2007,国庫支出金,委託金,その他,10,1,8,"43,228,483",432,0.043228483
2007,国有提供施設等所在市町村助成交付金,国有提供施設等所在市町村助成交付金,国有提供施設等所在市町村助成交付金,11,1,1,"22,173",0,0.000022173
2007,財産収入,財産運用収入,財産運用収入,12,1,1,"28,741,009",287,0.028741009
2007,財産収入,財産売払収入,土地建物,12,2,1,"43,610,703",436,0.043610703
2007,財産収入,財産売払収入,立木竹,12,2,2,"1,051",0,0.000001051
2007,財産収入,財産売払収入,その他,12,2,3,"73,981",1,0.000073981
2007,寄附金,市町村からのもの,市町村からのもの,13,1,1,0,0,0
2007,寄附金,その他からのもの,その他からのもの,13,2,1,"149,065",1,0.000149065
2007,繰入金,繰入金,繰入金,14,1,1,"59,293,554",593,0.059293554
2007,繰越金,純繰越金,純繰越金,15,1,1,"235,319,181","2,353",0.235319181
2007,繰越金,繰越事業費等充当財源,繰越事業費等充当財源,15,2,1,"76,018,795",760,0.076018795
2007,諸収入,延滞金加算金及び過料,延滞金加算金及び過料,16,1,1,"18,319,984",183,0.018319984
2007,諸収入,預金利子,預金利子,16,2,1,"2,936,703",29,0.002936703
2007,諸収入,公営企業貸付金元利収,公営企業貸付金元利収,16,4,1,0,0,0
2007,諸収入,貸付金元利収入,市町村からのもの,16,3,1,"778,087",8,0.000778087
2007,諸収入,貸付金元利収入,その他からのもの,16,3,2,"256,861,231","2,569",0.256861231
2007,諸収入,受託事業収入,同級他団体からのもの,16,4,1,"3,106,839",31,0.003106839
2007,諸収入,受託事業収入,市町村からのもの,16,4,2,"1,608,045",16,0.001608045
2007,諸収入,受託事業収入,民間からのもの,16,4,3,"194,359",2,0.000194359
2007,諸収入,収益事業収入,収益事業収入,16,6,1,"69,736,311",697,0.069736311
2007,諸収入,利子割清算金収入,利子割清算金収入,16,7,1,"212,910",2,0.00021291
2007,諸収入,雑入,市町村からのもの,16,8,1,"6,312,923",63,0.006312923
2007,諸収入,雑入,その他からのもの,16,8,2,"38,054,695",381,0.038054695
2007,地方債,地方債,地方債,17,1,1,"157,283,601","1,573",0.157283601
2008,地方税,地方税,地方税,1,1,1,"5,293,276,749","52,933",5.293276749
2008,地方譲与税,地方道路譲与税,地方道路譲与税,2,1,1,"2,225,694",22,0.002225694
2008,地方譲与税,特別とん譲与税,特別とん譲与税,2,2,1,"376,728",4,0.000376728
2008,地方譲与税,石油ガス譲与税,石油ガス譲与税,2,3,1,"456,230",5,0.00045623
2008,地方譲与税,航空機燃料譲与税,航空機燃料譲与税,2,4,1,"140,403",1,0.000140403
2008,市町村たばこ税都道府県交付金,市町村たばこ税都道府県交付金,市町村たばこ税都道府県交付金,3,1,1,0,0,0
2008,地方特例交付金,児童手当特例交付金,児童手当特例交付金,4,1,1,"4,300,483",43,0.004300483
2008,地方特例交付金,減税補てん特例交付金,減税補てん特例交付金,4,2,1,"6,212,615",62,0.006212615
2008,地方特例交付金,特別交付金,特別交付金,4,3,1,"58,440,464",584,0.058440464
2008,地方特例交付金,地方税等減収補てん臨時交付金,地方税等減収補てん臨時交付金,4,4,1,"2,553,099",26,0.002553099
2008,地方交付税,普通交付税,普通交付税,5,1,1,0,0,0
2008,地方交付税,特別交付税,特別交付税,5,2,1,0,0,0
2008,交通安全対策特別交付金,交通安全対策特別交付金,交通安全対策特別交付金,6,1,1,"4,141,167",41,0.004141167
2008,分担金及び負担金,同級他団体からのもの,同級他団体からのもの,7,1,1,"583,814",6,0.000583814
2008,分担金及び負担金,市町村からのもの,市町村からのもの,7,2,1,"54,553,228",546,0.054553228
2008,分担金及び負担金,その他,その他,7,3,1,"2,991,817",30,0.002991817
2008,使用料,授業料,高等学校,8,1,1,"12,539,447",125,0.012539447
2008,使用料,授業料,幼稚園,8,1,2,0,0,0
2008,使用料,授業料,その他,8,1,3,"472,749",5,0.000472749
2008,使用料,保育所使用料,保育所使用料,8,2,1,0,0,0
2008,使用料,発電水利使用料,発電水利使用料,8,3,1,"76,670",1,0.00007667
2008,使用料,公営住宅使用料,公営住宅使用料,8,4,1,"75,321,958",753,0.075321958
2008,使用料,その他,その他,8,5,1,"49,607,154",496,0.049607154
2008,手数料,法定受託事務に係るも,法定受託事務に係るも,9,1,1,"1,836,365",18,0.001836365
2008,手数料,自治事務に係るもの,自治事務に係るもの,9,2,1,"25,394,217",254,0.025394217
2008,国庫支出金,義務教育費負担金,義務教育費負担金,10,1,1,"116,297,857","1,163",0.116297857
2008,国庫支出金,生活保護費負担金,生活保護費負担金,10,2,1,"1,312,697",13,0.001312697
2008,国庫支出金,児童保護費負担金,児童保護費負担金,10,3,1,"12,241,817",122,0.012241817
2008,国庫支出金,障害者自立支援給付費等負担金,障害者自立支援給付費等負担金,10,4,1,"8,893,545",89,0.008893545
2008,国庫支出金,私立高等学校等経常費助成費補助金,私立高等学校等経常費助成費補助金,10,5,1,"16,349,963",163,0.016349963
2008,国庫支出金,老人保護費負担金,老人保護費負担金,10,6,1,0,0,0
2008,国庫支出金,普通建設事業費支出金,普通建設事業費支出金,10,7,1,"100,685,120","1,007",0.10068512
2008,国庫支出金,災害復旧事業費支出金,災害復旧事業費支出金,10,8,1,"2,197,578",22,0.002197578
2008,国庫支出金,失業対策事業費支出金,失業対策事業費支出金,10,9,1,0,0,0
2008,国庫支出金,委託金,普通建設事業,10,10,1,414,0,0.000000414
2008,国庫支出金,委託金,災害復旧事業,10,10,2,0,0,0
2008,国庫支出金,委託金,その他,10,10,3,"7,313,759",73,0.007313759
2008,国庫支出金,委託金,財政補給金,10,10,4,0,0,0
2008,国庫支出金,委託金,電源立地地域対策交付,10,10,5,"14,011",0,0.000014011
2008,国庫支出金,委託金,石油貯蔵施設立地対策,10,10,6,"5,925",0,0.000005925
2008,国庫支出金,委託金,地方道路整備臨時交付金,10,10,7,"64,224,877",642,0.064224877
2008,国庫支出金,委託金,その他,10,10,8,"74,837,197",748,0.074837197
2008,国有提供施設等所在市町村助成交付金,国有提供施設等所在市町村助成交付金,国有提供施設等所在市町村助成交付金,11,1,1,"22,277",0,0.000022277
2008,財産収入,財産運用収入,財産運用収入,12,1,1,"41,183,676",412,0.041183676
2008,財産収入,財産売払収入,土地建物,12,2,1,"13,246,098",132,0.013246098
2008,財産収入,財産売払収入,立木竹,12,2,2,"5,499",0,0.000005499
2008,財産収入,財産売払収入,その他,12,2,3,"76,596",1,0.000076596
2008,寄附金,市町村からのもの,市町村からのもの,13,1,1,0,0,0
2008,寄附金,その他からのもの,その他からのもの,13,2,1,"330,708",3,0.000330708
2008,繰入金,繰入金,繰入金,14,1,1,"76,786,595",768,0.076786595
2008,繰越金,純繰越金,純繰越金,15,1,1,"179,045,036","1,790",0.179045036
2008,繰越金,繰越事業費等充当財源,繰越事業費等充当財源,15,2,1,"62,831,639",628,0.062831639
2008,諸収入,延滞金加算金及び過料,延滞金加算金及び過料,16,1,1,"17,151,275",172,0.017151275
2008,諸収入,預金利子,預金利子,16,2,1,"2,463,224",25,0.002463224
2008,諸収入,公営企業貸付金元利収,公営企業貸付金元利収,16,3,1,0,0,0
2008,諸収入,貸付金元利収入,市町村からのもの,16,4,1,"733,976",7,0.000733976
2008,諸収入,貸付金元利収入,その他からのもの,16,4,2,"260,137,228","2,601",0.260137228
2008,諸収入,受託事業収入,同級他団体からのもの,16,5,1,"5,635,265",56,0.005635265
2008,諸収入,受託事業収入,市町村からのもの,16,5,2,"1,519,438",15,0.001519438
2008,諸収入,受託事業収入,民間からのもの,16,5,3,"205,760",2,0.00020576
2008,諸収入,収益事業収入,収益事業収入,16,6,1,"65,318,250",653,0.06531825
2008,諸収入,利子割清算金収入,利子割清算金収入,16,7,1,"399,703",4,0.000399703
2008,諸収入,雑入,市町村からのもの,16,8,1,"5,067,031",51,0.005067031
2008,諸収入,雑入,その他からのもの,16,8,2,"41,516,240",415,0.04151624
2008,地方債,地方債,地方債,17,1,1,"303,876,226","3,039",0.303876226
2009,地方税,地方税,地方税,1,1,1,"4,256,072,132","42,561",4.256072132
2009,地方譲与税,地方揮発油譲与税,地方揮発油譲与税,2,1,1,"1,403,338",14,0.001403338
2009,地方譲与税,地方道路譲与税,地方道路譲与税,2,2,1,"963,767",10,0.000963767
2009,地方譲与税,特別とん譲与税,特別とん譲与税,2,3,1,"362,277",4,0.000362277
2009,地方譲与税,石油ガス譲与税,石油ガス譲与税,2,4,1,"441,677",4,0.000441677
2009,地方譲与税,航空機燃料譲与税,航空機燃料譲与税,2,5,1,"142,724",1,0.000142724
2009,地方譲与税,地方法人特別譲与税,地方法人特別譲与税,2,6,1,"79,064,309",791,0.079064309
2009,市町村たばこ税都道府県交付金,市町村たばこ税都道府県交付金,市町村たばこ税都道府県交付金,3,1,1,0,0,0
2009,地方特例交付金,児童手当特例交付金,児童手当特例交付金,4,1,1,"4,342,307",43,0.004342307
2009,地方特例交付金,減税補てん特例交付金,減税補てん特例交付金,4,2,1,"3,882,620",39,0.00388262
2009,地方特例交付金,税源委譲予定特例交付,税源委譲予定特例交付,4,3,1,"60,475,444",605,0.060475444
2009,地方交付税,普通交付税,普通交付税,5,1,1,0,0,0
2009,地方交付税,特別交付税,特別交付税,5,2,1,0,0,0
2009,交通安全対策特別交付金,交通安全対策特別交付金,交通安全対策特別交付金,6,1,1,"4,103,511",41,0.004103511
2009,分担金及び負担金,同級他団体からのもの,同級他団体からのもの,7,1,1,"199,744",2,0.000199744
2009,分担金及び負担金,市町村からのもの,市町村からのもの,7,2,1,"54,207,480",542,0.05420748
2009,分担金及び負担金,その他,その他,7,3,1,"5,511,784",55,0.005511784
2009,使用料,授業料,高等学校,8,1,1,"12,716,434",127,0.012716434
2009,使用料,授業料,幼稚園,8,1,2,0,0,0
2009,使用料,授業料,その他,8,1,3,"500,691",5,0.000500691
2009,使用料,発電水利使用料,発電水利使用料,8,2,4,"76,664",1,0.000076664
2009,使用料,公営住宅使用料,公営住宅使用料,8,3,5,"73,644,868",736,0.073644868
2009,使用料,その他,その他,8,4,6,"41,958,446",420,0.041958446
2009,手数料,法定受託事務に係るもの,法定受託事務に係るもの,9,1,1,"1,750,120",18,0.00175012
2009,手数料,自治事務に係るもの,自治事務に係るもの,10,1,1,"24,917,241",249,0.024917241
2009,国庫支出金,義務教育費負担金,義務教育費負担金,11,1,1,"113,237,421","1,132",0.113237421
2009,国庫支出金,生活保護費負担金,生活保護費負担金,11,2,1,"1,508,110",15,0.00150811
2009,国庫支出金,児童保護費負担金,児童保護費負担金,11,3,1,"11,641,761",116,0.011641761
2009,国庫支出金,結核医療費負担金,結核医療費負担金,11,4,1,"9,768,495",98,0.009768495
2009,国庫支出金,精神保健費負担金,精神保健費負担金,11,5,1,"17,352,525",174,0.017352525
2009,国庫支出金,老人保護費負担金,老人保護費負担金,11,6,1,0,0,0
2009,国庫支出金,普通建設事業費支出金,普通建設事業費支出金,11,7,1,"174,553,275","1,746",0.174553275
2009,国庫支出金,災害復旧事業費支出金,災害復旧事業費支出金,11,8,1,"1,602,070",16,0.00160207
2009,国庫支出金,失業対策事業費支出金,失業対策事業費支出金,11,9,1,0,0,0
2009,国庫支出金,委託金,普通建設事業,11,10,1,102,0,0.000000102
2009,国庫支出金,委託金,災害復旧事業,11,10,2,0,0,0
2009,国庫支出金,委託金,その他,11,10,3,"14,579,885",146,0.014579885
2009,国庫支出金,委託金,財政補給金,11,10,4,0,0,0
2009,国庫支出金,委託金,電源立地地域対策交付,11,10,5,"14,706",0,0.000014706
2009,国庫支出金,委託金,石油貯蔵施設立地対策,11,10,6,"10,522",0,0.000010522
2009,国庫支出金,委託金,地域活力基盤創造交付,11,10,7,"54,526,528",545,0.054526528
2009,国庫支出金,委託金,その他,11,10,8,"185,180,315","1,852",0.185180315
2009,国有提供施設等所在市町村助成交付金,国有提供施設等所在市町村助成交付金,国有提供施設等所在市町村助成交付金,12,1,1,"22,086",0,0.000022086
2009,財産収入,財産運用収入,財産運用収入,13,1,1,"40,836,626",408,0.040836626
2009,財産収入,財産売払収入,土地建物,14,1,2,"17,411,726",174,0.017411726
2009,財産収入,財産売払収入,立木竹,14,1,3,"1,836",0,0.000001836
2009,財産収入,財産売払収入,その他,14,1,4,"80,664",1,0.000080664
2009,寄附金,市町村からのもの,市町村からのもの,15,1,1,0,0,0
2009,寄附金,その他からのもの,その他からのもの,16,1,1,"183,273",2,0.000183273
2009,繰入金,繰入金,繰入金,17,1,1,"355,147,136","3,551",0.355147136
2009,繰越金,純繰越金,純繰越金,18,1,1,"95,078,296",951,0.095078296
2009,繰越金,繰越事業費等充当財源,繰越事業費等充当財源,18,1,1,"71,085,747",711,0.071085747
2009,諸収入,延滞金加算金及び過料,延滞金加算金及び過料,19,1,1,"15,626,083",156,0.015626083
2009,諸収入,預金利子,預金利子,19,1,1,"389,335",4,0.000389335
2009,諸収入,公営企業貸付金元利収,公営企業貸付金元利収,19,1,1,0,0,0
2009,諸収入,貸付金元利収入,市町村からのもの,19,1,1,"308,431",3,0.000308431
2009,諸収入,貸付金元利収入,その他からのもの,19,2,1,"244,385,734","2,444",0.244385734
2009,諸収入,受託事業収入,同級他団体からのもの,19,1,1,"9,754,539",98,0.009754539
2009,諸収入,受託事業収入,市町村からのもの,19,2,2,"1,171,653",12,0.001171653
2009,諸収入,受託事業収入,民間からのもの,19,3,3,"157,809",2,0.000157809
2009,諸収入,収益事業収入,収益事業収入,16,6,1,"61,269,714",613,0.061269714
2009,諸収入,利子割清算金収入,利子割清算金収入,16,7,1,"422,478",4,0.000422478
2009,諸収入,雑入,市町村からのもの,16,8,1,"3,809,351",38,0.003809351
2009,諸収入,雑入,その他からのもの,16,8,2,"55,144,367",551,0.055144367
2009,地方債,地方債,地方債,20,1,1,"475,295,352","4,753",0.475295352
2010,地方税,地方税,地方税,1,1,1,"4,190,131,675","41,901",4.190131675
2010,地方譲与税,地方揮発油譲与税,地方揮発油譲与税,2,1,1,"2,497,126",25,0.002497126
2010,地方譲与税,地方道路譲与税,地方道路譲与税,2,2,1,6,0,0.000000006
2010,地方譲与税,特別とん譲与税,特別とん譲与税,2,3,1,"364,206",4,0.000364206
2010,地方譲与税,石油ガス譲与税,石油ガス譲与税,2,4,1,"464,675",5,0.000464675
2010,地方譲与税,航空機燃料譲与税,航空機燃料譲与税,2,5,1,"143,844",1,0.000143844
2010,地方譲与税,地方法人特別譲与税,地方法人特別譲与税,2,6,1,"174,793,817","1,748",0.174793817
2010,市町村たばこ税都道府県交付金,市町村たばこ税都道府県交付金,市町村たばこ税都道府県交付金,3,1,1,0,0,0
2010,地方特例交付金,地方特例交付金,地方特例交付金,4,1,1,"16,458,361",165,0.016458361
2010,地方交付税,普通交付税,普通交付税,5,1,1,0,0,0
2010,地方交付税,特別交付税,特別交付税,5,2,1,0,0,0
2010,地方交付税,震災復興特別交付税,震災復興特別交付税,5,3,1,0,0,0
2010,交通安全対策特別交付金,交通安全対策特別交付金,交通安全対策特別交付金,6,1,1,"3,853,528",39,0.003853528
2010,分担金及び負担金,同級他団体からのもの,同級他団体からのもの,7,1,1,"102,101",1,0.000102101
2010,分担金及び負担金,市町村からのもの,市町村からのもの,7,2,1,"53,378,554",534,0.053378554
2010,分担金及び負担金,その他,その他,7,3,1,"5,180,323",52,0.005180323
2010,使用料,授業料,高等学校,8,1,1,"265,409",3,0.000265409
2010,使用料,授業料,幼稚園,8,1,2,0,0,0
2010,使用料,授業料,その他,8,1,3,"508,981",5,0.000508981
2010,使用料,発電水利使用料,発電水利使用料,8,2,1,"77,598",1,0.000077598
2010,使用料,公営住宅使用料,公営住宅使用料,8,3,1,"72,788,651",728,0.072788651
2010,使用料,その他,その他,8,4,1,"41,917,772",419,0.041917772
2010,手数料,法定受託事務に係るもの,法定受託事務に係るもの,9,1,1,"1,761,002",18,0.001761002
2010,手数料,自治事務に係るもの,自治事務に係るもの,9,2,1,"23,996,661",240,0.023996661
2010,国庫支出金,義務教育費負担金,義務教育費負担金,10,1,1,"113,165,885","1,132",0.113165885
2010,国庫支出金,生活保護費負担金,生活保護費負担金,10,2,1,"1,577,297",16,0.001577297
2010,国庫支出金,児童保護費等負担金,児童保護費等負担金,10,3,1,"13,425,737",134,0.013425737
2010,国庫支出金,障害者自立支援給付費等負担金,障害者自立支援給付費等負担金,10,4,1,"10,943,399",109,0.010943399
2010,国庫支出金,私立高等学校等経常費助成費補助金,私立高等学校等経常費助成費補助金,10,5,1,"17,006,868",170,0.017006868
2010,国庫支出金,児童手当等交付金,児童手当等交付金,10,6,1,0,0,0
2010,国庫支出金,公立高等学校授業料不徴収交付金,公立高等学校授業料不徴収交付金,10,7,1,"12,486,732",125,0.012486732
2010,国庫支出金,高等学校等就学支援金交付金,高等学校等就学支援金交付金,10,8,1,"23,840,625",238,0.023840625
2010,国庫支出金,普通建設事業費支出金,普通建設事業費支出金,10,9,1,"69,585,647",696,0.069585647
2010,国庫支出金,災害復旧事業費支出金,災害復旧事業費支出金,10,10,1,"873,116",9,0.000873116
2010,国庫支出金,失業対策事業費支出金,失業対策事業費支出金,10,11,1,0,0,0
2010,国庫支出金,委託金,普通建設事業,10,12,1,0,0,0
2010,国庫支出金,委託金,災害復旧事業,10,12,2,0,0,0
2010,国庫支出金,委託金,その他,10,12,3,"19,053,666",191,0.019053666
2010,国庫支出金,財政補給金,財政補給金,10,13,1,0,0,0
2010,国庫支出金,電源立地地域対策交付金,電源立地地域対策交付金,10,14,1,"14,703",0,0.000014703
2010,国庫支出金,石油貯蔵施設立地対策等交付金,石油貯蔵施設立地対策等交付金,10,15,1,"4,746",0,0.000004746
2010,国庫支出金,社会資本整備総合交付金,社会資本整備総合交付金,10,16,1,"66,621,254",666,0.066621254
2010,国庫支出金,地域活性化・地域住民生活等緊急支援交付金,地域活性化・地域住民生活等緊急支援交付金,10,17,1,0,0,0
2010,国庫支出金,東日本大震災復興交付金,東日本大震災復興交付金,10,18,1,0,0,0
2010,国庫支出金,その他,その他,10,19,1,"104,247,792","1,042",0.104247792
2010,国庫支出金,子供のための金銭の給付交付金,子供のための金銭の給付交付金,10,20,1,0,0,0
2010,国庫支出金,地域の元気臨時交付金,地域の元気臨時交付金,10,21,1,0,0,0
2011,国庫支出金,地域自主戦略交付金,地域自主戦略交付金,10,22,1,0,0,0
2010,国庫支出金,新型コロナウイルス感染症対応地方創生臨時交付金,新型コロナウイルス感染症対応地方創生臨時交付金,10,23,1,0,0,0
2010,国庫支出金,新型コロナウイルス感染症緊急包括支援交付金,新型コロナウイルス感染症緊急包括支援交付金,10,24,1,0,0,0
2010,国庫支出金,その他新型コロナウイルス感染症対策関係交付金等,その他新型コロナウイルス感染症対策関係交付金等,10,25,1,0,0,0
2010,国有提供施設等所在市町村助成交付金,国有提供施設等所在市町村助成交付金,国有提供施設等所在市町村助成交付金,11,1,1,"23,745",0,0.000023745
2010,財産収入,財産運用収入,財産運用収入,12,1,1,"30,222,547",302,0.030222547
2010,財産収入,財産売払収入,土地建物,12,2,1,"32,635,400",326,0.0326354
2010,財産収入,財産売払収入,立木竹,12,2,2,"4,516",0,0.000004516
2010,財産収入,財産売払収入,その他,12,2,3,"175,728",2,0.000175728
2010,寄附金,市町村からのもの,市町村からのもの,13,1,1,0,0,0
2010,寄附金,その他,その他,13,2,1,"7,813,181",78,0.007813181
2010,繰入金,繰入金,繰入金,14,1,1,"248,950,094","2,490",0.248950094
2010,繰越金,純繰越金,純繰越金,15,1,1,"61,373,577",614,0.061373577
2010,繰越金,繰越事業費等充当財源繰越額,繰越事業費等充当財源繰越額,15,2,1,"46,509,681",465,0.046509681
2010,諸収入,延滞金加算金及び過料,延滞金加算金及び過料,16,1,1,"12,613,036",126,0.012613036
2010,諸収入,預金利子,預金利子,16,2,1,"220,475",2,0.000220475
2010,諸収入,公営企業貸付金元利収入,公営企業貸付金元利収入,16,3,1,0,0,0
2010,諸収入,貸付金元利収入,市町村からのもの,16,4,1,"193,591",2,0.000193591
2010,諸収入,貸付金元利収入,その他からのもの,16,4,2,"232,528,429","2,325",0.232528429
2010,諸収入,受託事業収入,同級他団体からのもの,16,5,1,"6,413,205",64,0.006413205
2010,諸収入,受託事業収入,市町村からのもの,16,5,2,"1,264,982",13,0.001264982
2010,諸収入,受託事業収入,民間からのもの,16,5,3,"150,012",2,0.000150012
2010,諸収入,収益事業収入,収益事業収入,16,6,1,"55,705,508",557,0.055705508
2010,諸収入,利子割清算金収入,利子割清算金収入,16,7,1,"222,177",2,0.000222177
2010,諸収入,雑入,市町村からのもの,16,8,1,"4,483,506",45,0.004483506
2010,諸収入,雑入,その他からのもの,16,8,2,"35,412,428",354,0.035412428
2010,地方債,地方債,地方債,17,1,1,"352,253,678","3,523",0.352253678
2011,地方税,地方税,地方税,1,1,1,"4,149,759,765","41,498",4.149759765
2011,地方譲与税,地方揮発油譲与税,地方揮発油譲与税,2,1,1,"2,284,665",23,0.002284665
2011,地方譲与税,地方道路譲与税,地方道路譲与税,2,2,1,10,0,0.00000001
2011,地方譲与税,特別とん譲与税,特別とん譲与税,2,3,1,"388,152",4,0.000388152
2011,地方譲与税,石油ガス譲与税,石油ガス譲与税,2,4,1,"422,768",4,0.000422768
2011,地方譲与税,航空機燃料譲与税,航空機燃料譲与税,2,5,1,"129,394",1,0.000129394
2011,地方譲与税,地方法人特別譲与税,地方法人特別譲与税,2,6,1,"199,125,494","1,991",0.199125494
2011,市町村たばこ税都道府県交付金,市町村たばこ税都道府県交付金,市町村たばこ税都道府県交付金,3,1,1,0,0,0
2011,地方特例交付金,地方特例交付金,地方特例交付金,4,1,1,"21,199,302",212,0.021199302
2011,地方交付税,普通交付税,普通交付税,5,1,1,0,0,0
2011,地方交付税,特別交付税,特別交付税,5,2,1,"3,517,754",35,0.003517754
2011,地方交付税,震災復興特別交付税,震災復興特別交付税,5,3,1,0,0,0
2011,交通安全対策特別交付金,交通安全対策特別交付金,交通安全対策特別交付金,6,1,1,"3,723,905",37,0.003723905
2011,分担金及び負担金,同級他団体からのもの,同級他団体からのもの,7,1,1,"3,490,555",35,0.003490555
2011,分担金及び負担金,市町村からのもの,市町村からのもの,7,2,1,"52,129,140",521,0.05212914
2011,分担金及び負担金,その他,その他,7,3,1,"6,187,709",62,0.006187709
2011,使用料,授業料,高等学校,8,1,1,"261,766",3,0.000261766
2011,使用料,授業料,幼稚園,8,1,2,0,0,0
2011,使用料,授業料,その他,8,1,3,"496,473",5,0.000496473
2011,使用料,発電水利使用料,発電水利使用料,8,2,1,"77,144",1,0.000077144
2011,使用料,公営住宅使用料,公営住宅使用料,8,3,1,"70,486,177",705,0.070486177
2011,使用料,その他,その他,8,4,1,"43,217,608",432,0.043217608
2011,手数料,法定受託事務に係るもの,法定受託事務に係るもの,9,1,1,"1,659,744",17,0.001659744
2011,手数料,自治事務に係るもの,自治事務に係るもの,9,2,1,"22,908,394",229,0.022908394
2011,国庫支出金,義務教育費負担金,義務教育費負担金,10,1,1,"112,400,067","1,124",0.112400067
2011,国庫支出金,生活保護費負担金,生活保護費負担金,10,2,1,"1,994,863",20,0.001994863
2011,国庫支出金,児童保護費等負担金,児童保護費等負担金,10,3,1,"12,866,274",129,0.012866274
2011,国庫支出金,障害者自立支援給付費等負担金,障害者自立支援給付費等負担金,10,4,1,"12,273,145",123,0.012273145
2011,国庫支出金,私立高等学校等経常費助成費補助金,私立高等学校等経常費助成費補助金,10,5,1,"17,382,777",174,0.017382777
2011,国庫支出金,児童手当等交付金,児童手当等交付金,10,6,1,0,0,0
2011,国庫支出金,公立高等学校授業料不徴収交付金,公立高等学校授業料不徴収交付金,10,7,1,"12,807,951",128,0.012807951
2011,国庫支出金,高等学校等就学支援金交付金,高等学校等就学支援金交付金,10,8,1,"23,779,455",238,0.023779455
2011,国庫支出金,普通建設事業費支出金,普通建設事業費支出金,10,9,1,"40,340,168",403,0.040340168
2011,国庫支出金,災害復旧事業費支出金,災害復旧事業費支出金,10,10,1,"237,419",2,0.000237419
2011,国庫支出金,失業対策事業費支出金,失業対策事業費支出金,10,11,1,0,0,0
2011,国庫支出金,委託金,普通建設事業,10,12,1,0,0,0
2011,国庫支出金,委託金,災害復旧事業,10,12,2,0,0,0
2011,国庫支出金,委託金,その他,10,12,3,"9,794,068",98,0.009794068
2011,国庫支出金,財政補給金,財政補給金,10,13,1,0,0,0
2011,国庫支出金,電源立地地域対策交付金,電源立地地域対策交付金,10,14,1,"13,506",0,0.000013506
2011,国庫支出金,石油貯蔵施設立地対策等交付金,石油貯蔵施設立地対策等交付金,10,15,1,"16,278",0,0.000016278
2011,国庫支出金,社会資本整備総合交付金,社会資本整備総合交付金,10,16,1,"85,045,969",850,0.085045969
2011,国庫支出金,地域活性化・地域住民生活等緊急支援交付金,地域活性化・地域住民生活等緊急支援交付金,10,17,1,0,0,0
2011,国庫支出金,東日本大震災復興交付金,東日本大震災復興交付金,10,18,1,0,0,0
2011,国庫支出金,その他,その他,10,19,1,"92,796,847",928,0.092796847
2011,国庫支出金,子供のための金銭の給付交付金,子供のための金銭の給付交付金,10,20,1,0,0,0
2011,国庫支出金,地域の元気臨時交付金,地域の元気臨時交付金,10,21,1,0,0,0
2011,国庫支出金,地域自主戦略交付金,地域自主戦略交付金,10,22,1,"18,214,644",182,0.018214644
2011,国庫支出金,新型コロナウイルス感染症対応地方創生臨時交付金,新型コロナウイルス感染症対応地方創生臨時交付金,10,23,1,0,0,0
2011,国庫支出金,新型コロナウイルス感染症緊急包括支援交付金,新型コロナウイルス感染症緊急包括支援交付金,10,24,1,0,0,0
2011,国庫支出金,その他新型コロナウイルス感染症対策関係交付金等,その他新型コロナウイルス感染症対策関係交付金等,10,25,1,0,0,0
2011,国有提供施設等所在市町村助成交付金,国有提供施設等所在市町村助成交付金,国有提供施設等所在市町村助成交付金,11,1,1,"29,049",0,0.000029049
2011,財産収入,財産運用収入,財産運用収入,12,1,1,"28,187,146",282,0.028187146
2011,財産収入,財産売払収入,土地建物,12,2,1,"9,881,102",99,0.009881102
2011,財産収入,財産売払収入,立木竹,12,2,2,"4,594",0,0.000004594
2011,財産収入,財産売払収入,その他,12,2,3,"446,944",4,0.000446944
2011,寄附金,市町村からのもの,市町村からのもの,13,1,1,0,0,0
2011,寄附金,その他,その他,13,2,1,"161,085",2,0.000161085
2011,繰入金,繰入金,繰入金,14,1,1,"214,732,714","2,147",0.214732714
2011,繰越金,純繰越金,純繰越金,15,1,1,"100,112,101","1,001",0.100112101
2011,繰越金,繰越事業費等充当財源繰越額,繰越事業費等充当財源繰越額,15,2,1,"58,315,735",583,0.058315735
2011,諸収入,延滞金加算金及び過料,延滞金加算金及び過料,16,1,1,"12,835,435",128,0.012835435
2011,諸収入,預金利子,預金利子,16,2,1,"166,545",2,0.000166545
2011,諸収入,公営企業貸付金元利収入,公営企業貸付金元利収入,16,3,1,0,0,0
2011,諸収入,貸付金元利収入,市町村からのもの,16,4,1,"287,955",3,0.000287955
2011,諸収入,貸付金元利収入,その他からのもの,16,4,2,"224,799,107","2,248",0.224799107
2011,諸収入,受託事業収入,同級他団体からのもの,16,5,1,"3,716,489",37,0.003716489
2011,諸収入,受託事業収入,市町村からのもの,16,5,2,"683,492",7,0.000683492
2011,諸収入,受託事業収入,民間からのもの,16,5,3,"352,670",4,0.00035267
2011,諸収入,収益事業収入,収益事業収入,16,6,1,"57,695,772",577,0.057695772
2011,諸収入,利子割清算金収入,利子割清算金収入,16,7,1,"226,639",2,0.000226639
2011,諸収入,雑入,市町村からのもの,16,8,1,"5,728,302",57,0.005728302
2011,諸収入,雑入,その他からのもの,16,8,2,"50,410,483",504,0.050410483
2011,地方債,地方債,地方債,17,1,1,"457,165,200","4,572",0.4571652
2012,地方税,地方税,地方税,1,1,1,"4,257,081,520","42,571",4.25708152
2012,地方譲与税,地方揮発油譲与税,地方揮発油譲与税,2,1,1,"2,290,226",23,0.002290226
2012,地方譲与税,地方道路譲与税,地方道路譲与税,2,2,1,11,0,0.000000011
2012,地方譲与税,特別とん譲与税,特別とん譲与税,2,3,1,"355,516",4,0.000355516
2012,地方譲与税,石油ガス譲与税,石油ガス譲与税,2,4,1,"409,408",4,0.000409408
2012,地方譲与税,航空機燃料譲与税,航空機燃料譲与税,2,5,1,"139,667",1,0.000139667
2012,地方譲与税,地方法人特別譲与税,地方法人特別譲与税,2,6,1,"282,245,524","2,822",0.282245524
2012,市町村たばこ税都道府県交付金,市町村たばこ税都道府県交付金,市町村たばこ税都道府県交付金,3,1,1,0,0,0
2012,地方特例交付金,地方特例交付金,地方特例交付金,4,1,1,"5,556,614",56,0.005556614
2012,地方交付税,普通交付税,普通交付税,5,1,1,0,0,0
2012,地方交付税,特別交付税,特別交付税,5,2,1,0,0,0
2012,地方交付税,震災復興特別交付税,震災復興特別交付税,5,3,1,0,0,0
2012,交通安全対策特別交付金,交通安全対策特別交付金,交通安全対策特別交付金,6,1,1,"3,662,728",37,0.003662728
2012,分担金及び負担金,同級他団体からのもの,同級他団体からのもの,7,1,1,"2,381,972",24,0.002381972
2012,分担金及び負担金,市町村からのもの,市町村からのもの,7,2,1,"52,563,842",526,0.052563842
2012,分担金及び負担金,その他,その他,7,3,1,"8,399,006",84,0.008399006
2012,使用料,授業料,高等学校,8,1,1,"262,575",3,0.000262575
2012,使用料,授業料,幼稚園,8,1,2,0,0,0
2012,使用料,授業料,その他,8,1,3,"497,129",5,0.000497129
2012,使用料,発電水利使用料,発電水利使用料,8,2,1,"77,255",1,0.000077255
2012,使用料,公営住宅使用料,公営住宅使用料,8,3,1,"69,450,215",695,0.069450215
2012,使用料,その他,その他,8,4,1,"44,956,871",450,0.044956871
2012,手数料,法定受託事務に係るもの,法定受託事務に係るもの,9,1,1,"1,568,349",16,0.001568349
2012,手数料,自治事務に係るもの,自治事務に係るもの,9,2,1,"22,317,210",223,0.02231721
2012,国庫支出金,義務教育費負担金,義務教育費負担金,10,1,1,"110,946,565","1,109",0.110946565
2012,国庫支出金,生活保護費負担金,生活保護費負担金,10,2,1,"2,019,943",20,0.002019943
2012,国庫支出金,児童保護費等負担金,児童保護費等負担金,10,3,1,"10,718,518",107,0.010718518
2012,国庫支出金,障害者自立支援給付費等負担金,障害者自立支援給付費等負担金,10,4,1,"13,291,139",133,0.013291139
2012,国庫支出金,私立高等学校等経常費助成費補助金,私立高等学校等経常費助成費補助金,10,5,1,"16,526,855",165,0.016526855
2012,国庫支出金,児童手当等交付金,児童手当等交付金,10,6,1,0,0,0
2012,国庫支出金,公立高等学校授業料不徴収交付金,公立高等学校授業料不徴収交付金,10,7,1,"13,069,680",131,0.01306968
2012,国庫支出金,高等学校等就学支援金交付金,高等学校等就学支援金交付金,10,8,1,"23,807,972",238,0.023807972
2012,国庫支出金,普通建設事業費支出金,普通建設事業費支出金,10,9,1,"35,963,710",360,0.03596371
2012,国庫支出金,災害復旧事業費支出金,災害復旧事業費支出金,10,10,1,"391,635",4,0.000391635
2012,国庫支出金,失業対策事業費支出金,失業対策事業費支出金,10,11,1,0,0,0
2012,国庫支出金,委託金,普通建設事業,10,12,1,0,0,0
2012,国庫支出金,委託金,災害復旧事業,10,12,2,0,0,0
2012,国庫支出金,委託金,その他,10,12,3,"12,633,774",126,0.012633774
2012,国庫支出金,財政補給金,財政補給金,10,13,1,0,0,0
2012,国庫支出金,電源立地地域対策交付金,電源立地地域対策交付金,10,14,1,"12,520",0,0.00001252
2012,国庫支出金,石油貯蔵施設立地対策等交付金,石油貯蔵施設立地対策等交付金,10,15,1,"9,484",0,0.000009484
2012,国庫支出金,社会資本整備総合交付金,社会資本整備総合交付金,10,16,1,"58,596,474",586,0.058596474
2012,国庫支出金,地域活性化・地域住民生活等緊急支援交付金,地域活性化・地域住民生活等緊急支援交付金,10,17,1,0,0,0
2012,国庫支出金,東日本大震災復興交付金,東日本大震災復興交付金,10,18,1,0,0,0
2012,国庫支出金,その他,その他,10,19,1,"74,001,364",740,0.074001364
2012,国庫支出金,子供のための金銭の給付交付金,子供のための金銭の給付交付金,10,20,1,0,0,0
2012,国庫支出金,地域の元気臨時交付金,地域の元気臨時交付金,10,21,1,0,0,0
2012,国庫支出金,地域自主戦略交付金,地域自主戦略交付金,10,22,1,"23,485,677",235,0.023485677
2012,国庫支出金,新型コロナウイルス感染症対応地方創生臨時交付金,新型コロナウイルス感染症対応地方創生臨時交付金,10,23,1,0,0,0
2012,国庫支出金,新型コロナウイルス感染症緊急包括支援交付金,新型コロナウイルス感染症緊急包括支援交付金,10,24,1,0,0,0
2012,国庫支出金,その他新型コロナウイルス感染症対策関係交付金等,その他新型コロナウイルス感染症対策関係交付金等,10,25,1,0,0,0
2012,国有提供施設等所在市町村助成交付金,国有提供施設等所在市町村助成交付金,国有提供施設等所在市町村助成交付金,11,1,1,"32,758",0,0.000032758
2012,財産収入,財産運用収入,財産運用収入,12,1,1,"26,733,643",267,0.026733643
2012,財産収入,財産売払収入,土地建物,12,2,1,"15,150,836",152,0.015150836
2012,財産収入,財産売払収入,立木竹,12,2,2,"6,651",0,0.000006651
2012,財産収入,財産売払収入,その他,12,2,3,"77,407",1,0.000077407
2012,寄附金,市町村からのもの,市町村からのもの,13,1,1,0,0,0
2012,寄附金,その他,その他,13,2,1,"1,586,969",16,0.001586969
2012,繰入金,繰入金,繰入金,14,1,1,"159,713,453","1,597",0.159713453
2012,繰越金,純繰越金,純繰越金,15,1,1,"100,310,363","1,003",0.100310363
2012,繰越金,繰越事業費等充当財源繰越額,繰越事業費等充当財源繰越額,15,2,1,"68,218,686",682,0.068218686
2012,諸収入,延滞金加算金及び過料,延滞金加算金及び過料,16,1,1,"13,141,753",131,0.013141753
2012,諸収入,預金利子,預金利子,16,2,1,"182,096",2,0.000182096
2012,諸収入,公営企業貸付金元利収入,公営企業貸付金元利収入,16,3,1,0,0,0
2012,諸収入,貸付金元利収入,市町村からのもの,16,4,1,"285,147",3,0.000285147
2012,諸収入,貸付金元利収入,その他からのもの,16,4,2,"254,667,082","2,547",0.254667082
2012,諸収入,受託事業収入,同級他団体からのもの,16,5,1,"4,461,755",45,0.004461755
2012,諸収入,受託事業収入,市町村からのもの,16,5,2,"794,786",8,0.000794786
2012,諸収入,受託事業収入,民間からのもの,16,5,3,"491,522",5,0.000491522
2012,諸収入,収益事業収入,収益事業収入,16,6,1,"55,492,668",555,0.055492668
2012,諸収入,利子割清算金収入,利子割清算金収入,16,7,1,"145,828",1,0.000145828
2012,諸収入,雑入,市町村からのもの,16,8,1,"5,896,889",59,0.005896889
2012,諸収入,雑入,その他からのもの,16,8,2,"34,644,355",346,0.034644355
2012,地方債,地方債,地方債,17,1,1,"341,258,867","3,413",0.341258867
2013,地方税,地方税,地方税,1,1,1,"4,534,213,943","45,342",4.534213943
2013,地方譲与税,地方揮発油譲与税,地方揮発油譲与税,2,1,1,"2,238,600",22,0.0022386
2013,地方譲与税,地方道路譲与税,地方道路譲与税,2,2,1,0,0,0
2013,地方譲与税,特別とん譲与税,特別とん譲与税,2,3,1,"372,846",4,0.000372846
2013,地方譲与税,石油ガス譲与税,石油ガス譲与税,2,4,1,"384,699",4,0.000384699
2013,地方譲与税,航空機燃料譲与税,航空機燃料譲与税,2,5,1,"146,259",1,0.000146259
2013,地方譲与税,地方法人特別譲与税,地方法人特別譲与税,2,6,1,"301,449,711","3,014",0.301449711
2013,市町村たばこ税都道府県交付金,市町村たばこ税都道府県交付金,市町村たばこ税都道府県交付金,3,1,1,469,0,0.000000469
2013,地方特例交付金,地方特例交付金,地方特例交付金,4,1,1,"5,426,397",54,0.005426397
2013,地方交付税,普通交付税,普通交付税,5,1,1,0,0,0
2013,地方交付税,特別交付税,特別交付税,5,2,1,0,0,0
2013,地方交付税,震災復興特別交付税,震災復興特別交付税,5,3,1,0,0,0
2013,交通安全対策特別交付金,交通安全対策特別交付金,交通安全対策特別交付金,6,1,1,"3,450,596",35,0.003450596
2013,分担金及び負担金,同級他団体からのもの,同級他団体からのもの,7,1,1,"1,328,766",13,0.001328766
2013,分担金及び負担金,市町村からのもの,市町村からのもの,7,2,1,"50,087,656",501,0.050087656
2013,分担金及び負担金,その他,その他,7,3,1,"8,843,056",88,0.008843056
2013,使用料,授業料,高等学校,8,1,1,"262,983",3,0.000262983
2013,使用料,授業料,幼稚園,8,1,2,0,0,0
2013,使用料,授業料,その他,8,1,3,"533,677",5,0.000533677
2013,使用料,発電水利使用料,発電水利使用料,8,2,1,"77,257",1,0.000077257
2013,使用料,公営住宅使用料,公営住宅使用料,8,3,1,"68,873,272",689,0.068873272
2013,使用料,その他,その他,8,4,1,"45,187,820",452,0.04518782
2013,手数料,法定受託事務に係るもの,法定受託事務に係るもの,9,1,1,"1,488,385",15,0.001488385
2013,手数料,自治事務に係るもの,自治事務に係るもの,9,2,1,"21,821,296",218,0.021821296
2013,国庫支出金,義務教育費負担金,義務教育費負担金,10,1,1,"105,921,492","1,059",0.105921492
2013,国庫支出金,生活保護費負担金,生活保護費負担金,10,2,1,"2,013,849",20,0.002013849
2013,国庫支出金,児童保護費等負担金,児童保護費等負担金,10,3,1,"10,561,142",106,0.010561142
2013,国庫支出金,障害者自立支援給付費等負担金,障害者自立支援給付費等負担金,10,4,1,"14,105,974",141,0.014105974
2013,国庫支出金,私立高等学校等経常費助成費補助金,私立高等学校等経常費助成費補助金,10,5,1,"16,605,479",166,0.016605479
2013,国庫支出金,児童手当等交付金,児童手当等交付金,10,6,1,0,0,0
2013,国庫支出金,公立高等学校授業料不徴収交付金,公立高等学校授業料不徴収交付金,10,7,1,"13,114,716",131,0.013114716
2013,国庫支出金,高等学校等就学支援金交付金,高等学校等就学支援金交付金,10,8,1,"23,498,944",235,0.023498944
2013,国庫支出金,普通建設事業費支出金,普通建設事業費支出金,10,9,1,"41,255,533",413,0.041255533
2013,国庫支出金,災害復旧事業費支出金,災害復旧事業費支出金,10,10,1,"525,304",5,0.000525304
2013,国庫支出金,失業対策事業費支出金,失業対策事業費支出金,10,11,1,0,0,0
2013,国庫支出金,委託金,普通建設事業,10,12,1,0,0,0
2013,国庫支出金,委託金,災害復旧事業,10,12,2,0,0,0
2013,国庫支出金,委託金,その他,10,12,3,"11,960,397",120,0.011960397
2013,国庫支出金,財政補給金,財政補給金,10,13,1,0,0,0
2013,国庫支出金,電源立地地域対策交付金,電源立地地域対策交付金,10,14,1,"12,480",0,0.00001248
2013,国庫支出金,石油貯蔵施設立地対策等交付金,石油貯蔵施設立地対策等交付金,10,15,1,"10,335",0,0.000010335
2013,国庫支出金,社会資本整備総合交付金,社会資本整備総合交付金,10,16,1,"46,183,628",462,0.046183628
2013,国庫支出金,地域活性化・地域住民生活等緊急支援交付金,地域活性化・地域住民生活等緊急支援交付金,10,17,1,0,0,0
2013,国庫支出金,東日本大震災復興交付金,東日本大震災復興交付金,10,18,1,0,0,0
2013,国庫支出金,その他,その他,10,19,1,"89,336,192",893,0.089336192
2013,国庫支出金,子供のための金銭の給付交付金,子供のための金銭の給付交付金,10,20,1,0,0,0
2013,国庫支出金,地域の元気臨時交付金,地域の元気臨時交付金,10,21,1,"35,000,450",350,0.03500045
2013,国庫支出金,地域自主戦略交付金,地域自主戦略交付金,10,22,1,0,0,0
2013,国庫支出金,新型コロナウイルス感染症対応地方創生臨時交付金,新型コロナウイルス感染症対応地方創生臨時交付金,10,23,1,0,0,0
2013,国庫支出金,新型コロナウイルス感染症緊急包括支援交付金,新型コロナウイルス感染症緊急包括支援交付金,10,24,1,0,0,0
2013,国庫支出金,その他新型コロナウイルス感染症対策関係交付金等,その他新型コロナウイルス感染症対策関係交付金等,10,25,1,0,0,0
2013,国有提供施設等所在市町村助成交付金,国有提供施設等所在市町村助成交付金,国有提供施設等所在市町村助成交付金,11,1,1,"29,687",0,0.000029687
2013,財産収入,財産運用収入,財産運用収入,12,1,1,"26,538,919",265,0.026538919
2013,財産収入,財産売払収入,土地建物,12,2,1,"15,450,696",155,0.015450696
2013,財産収入,財産売払収入,立木竹,12,2,2,"6,167",0,0.000006167
2013,財産収入,財産売払収入,その他,12,2,3,"89,659",1,0.000089659
2013,寄附金,市町村からのもの,市町村からのもの,13,1,1,0,0,0
2013,寄附金,その他,その他,13,2,1,"116,305",1,0.000116305
2013,繰入金,繰入金,繰入金,14,1,1,"67,995,846",680,0.067995846
2013,繰越金,純繰越金,純繰越金,15,1,1,"107,608,205","1,076",0.107608205
2013,繰越金,繰越事業費等充当財源繰越額,繰越事業費等充当財源繰越額,15,2,1,"83,597,622",836,0.083597622
2013,諸収入,延滞金加算金及び過料,延滞金加算金及び過料,16,1,1,"12,994,572",130,0.012994572
2013,諸収入,預金利子,預金利子,16,2,1,"241,149",2,0.000241149
2013,諸収入,公営企業貸付金元利収入,公営企業貸付金元利収入,16,3,1,0,0,0
2013,諸収入,貸付金元利収入,市町村からのもの,16,4,1,"3,355,406",34,0.003355406
2013,諸収入,貸付金元利収入,その他からのもの,16,4,2,"332,850,971","3,329",0.332850971
2013,諸収入,受託事業収入,同級他団体からのもの,16,5,1,"4,487,518",45,0.004487518
2013,諸収入,受託事業収入,市町村からのもの,16,5,2,"640,785",6,0.000640785
2013,諸収入,受託事業収入,民間からのもの,16,5,3,"171,352",2,0.000171352
2013,諸収入,収益事業収入,収益事業収入,16,6,1,"56,448,019",564,0.056448019
2013,諸収入,利子割清算金収入,利子割清算金収入,16,7,1,"138,561",1,0.000138561
2013,諸収入,雑入,市町村からのもの,16,8,1,"6,794,403",68,0.006794403
2013,諸収入,雑入,その他からのもの,16,8,2,"41,729,358",417,0.041729358
2013,地方債,地方債,地方債,17,1,1,"237,585,867","2,376",0.237585867
2014,地方税,地方税,地方税,1,1,1,"4,734,915,193","47,349",4.734915193
2014,地方譲与税,地方揮発油譲与税,地方揮発油譲与税,2,1,1,"2,054,488",21,0.002054488
2014,地方譲与税,地方道路譲与税,地方道路譲与税,2,2,1,0,0,0
2014,地方譲与税,特別とん譲与税,特別とん譲与税,2,3,1,"365,251",4,0.000365251
2014,地方譲与税,石油ガス譲与税,石油ガス譲与税,2,4,1,"347,096",3,0.000347096
2014,地方譲与税,航空機燃料譲与税,航空機燃料譲与税,2,5,1,"123,826",1,0.000123826
2014,地方譲与税,地方法人特別譲与税,地方法人特別譲与税,2,6,1,"361,916,026","3,619",0.361916026
2014,市町村たばこ税都道府県交付金,市町村たばこ税都道府県交付金,市町村たばこ税都道府県交付金,3,1,1,497,0,0.000000497
2014,地方特例交付金,地方特例交付金,地方特例交付金,4,1,1,"4,897,972",49,0.004897972
2014,地方交付税,普通交付税,普通交付税,5,1,1,0,0,0
2014,地方交付税,特別交付税,特別交付税,5,2,1,0,0,0
2014,地方交付税,震災復興特別交付税,震災復興特別交付税,5,3,1,0,0,0
2014,交通安全対策特別交付金,交通安全対策特別交付金,交通安全対策特別交付金,6,1,1,"2,967,777",30,0.002967777
2014,分担金及び負担金,同級他団体からのもの,同級他団体からのもの,7,1,1,"1,250,473",13,0.001250473
2014,分担金及び負担金,市町村からのもの,市町村からのもの,7,2,1,"49,485,130",495,0.04948513
2014,分担金及び負担金,その他,その他,7,3,1,"2,955,511",30,0.002955511
2014,使用料,授業料,高等学校,8,1,1,"5,557,683",56,0.005557683
2014,使用料,授業料,幼稚園,8,1,2,0,0,0
2014,使用料,授業料,その他,8,1,3,"572,041",6,0.000572041
2014,使用料,発電水利使用料,発電水利使用料,8,2,1,"77,051",1,0.000077051
2014,使用料,公営住宅使用料,公営住宅使用料,8,3,1,"69,371,060",694,0.06937106
2014,使用料,その他,その他,8,4,1,"45,087,529",451,0.045087529
2014,手数料,法定受託事務に係るもの,法定受託事務に係るもの,9,1,1,"1,486,166",15,0.001486166
2014,手数料,自治事務に係るもの,自治事務に係るもの,9,2,1,"22,061,527",221,0.022061527
2014,国庫支出金,義務教育費負担金,義務教育費負担金,10,1,1,"111,864,796","1,119",0.111864796
2014,国庫支出金,生活保護費負担金,生活保護費負担金,10,2,1,"1,991,896",20,0.001991896
2014,国庫支出金,児童保護費等負担金,児童保護費等負担金,10,3,1,"10,774,628",108,0.010774628
2014,国庫支出金,障害者自立支援給付費等負担金,障害者自立支援給付費等負担金,10,4,1,"15,085,060",151,0.01508506
2014,国庫支出金,私立高等学校等経常費助成費補助金,私立高等学校等経常費助成費補助金,10,5,1,"16,702,380",167,0.01670238
2014,国庫支出金,児童手当等交付金,児童手当等交付金,10,6,1,0,0,0
2014,国庫支出金,公立高等学校授業料不徴収交付金,公立高等学校授業料不徴収交付金,10,7,1,"8,852,488",89,0.008852488
2014,国庫支出金,高等学校等就学支援金交付金,高等学校等就学支援金交付金,10,8,1,"24,697,521",247,0.024697521
2014,国庫支出金,普通建設事業費支出金,普通建設事業費支出金,10,9,1,"49,472,268",495,0.049472268
2014,国庫支出金,災害復旧事業費支出金,災害復旧事業費支出金,10,10,1,"1,589,023",16,0.001589023
2014,国庫支出金,失業対策事業費支出金,失業対策事業費支出金,10,11,1,0,0,0
2014,国庫支出金,委託金,普通建設事業,10,12,1,0,0,0
2014,国庫支出金,委託金,災害復旧事業,10,12,2,0,0,0
2014,国庫支出金,委託金,その他,10,12,3,"13,590,127",136,0.013590127
2014,国庫支出金,財政補給金,財政補給金,10,13,1,0,0,0
2014,国庫支出金,電源立地地域対策交付金,電源立地地域対策交付金,10,14,1,"12,456",0,0.000012456
2014,国庫支出金,石油貯蔵施設立地対策等交付金,石油貯蔵施設立地対策等交付金,10,15,1,"10,352",0,0.000010352
2014,国庫支出金,社会資本整備総合交付金,社会資本整備総合交付金,10,16,1,"38,618,806",386,0.038618806
2014,国庫支出金,地域活性化・地域住民生活等緊急支援交付金,地域活性化・地域住民生活等緊急支援交付金,10,17,1,0,0,0
2014,国庫支出金,東日本大震災復興交付金,東日本大震災復興交付金,10,18,1,0,0,0
2014,国庫支出金,その他,その他,10,19,1,"92,858,532",929,0.092858532
2014,国庫支出金,子供のための金銭の給付交付金,子供のための金銭の給付交付金,10,20,1,0,0,0
2014,国庫支出金,地域の元気臨時交付金,地域の元気臨時交付金,10,21,1,0,0,0
2014,国庫支出金,地域自主戦略交付金,地域自主戦略交付金,10,22,1,0,0,0
2014,国庫支出金,新型コロナウイルス感染症対応地方創生臨時交付金,新型コロナウイルス感染症対応地方創生臨時交付金,10,23,1,0,0,0
2014,国庫支出金,新型コロナウイルス感染症緊急包括支援交付金,新型コロナウイルス感染症緊急包括支援交付金,10,24,1,0,0,0
2014,国庫支出金,その他新型コロナウイルス感染症対策関係交付金等,その他新型コロナウイルス感染症対策関係交付金等,10,25,1,0,0,0
2014,国有提供施設等所在市町村助成交付金,国有提供施設等所在市町村助成交付金,国有提供施設等所在市町村助成交付金,11,1,1,"29,788",0,0.000029788
2014,財産収入,財産運用収入,財産運用収入,12,1,1,"25,462,037",255,0.025462037
2014,財産収入,財産売払収入,土地建物,12,2,1,"16,972,153",170,0.016972153
2014,財産収入,財産売払収入,立木竹,12,2,2,"4,124",0,0.000004124
2014,財産収入,財産売払収入,その他,12,2,3,"646,784",6,0.000646784
2014,寄附金,市町村からのもの,市町村からのもの,13,1,1,0,0,0
2014,寄附金,その他,その他,13,2,1,"38,765",0,0.000038765
2014,繰入金,繰入金,繰入金,14,1,1,"66,493,908",665,0.066493908
2014,繰越金,純繰越金,純繰越金,15,1,1,"148,088,362","1,481",0.148088362
2014,繰越金,繰越事業費等充当財源繰越額,繰越事業費等充当財源繰越額,15,2,1,"104,838,086","1,048",0.104838086
2014,諸収入,延滞金加算金及び過料,延滞金加算金及び過料,16,1,1,"11,366,918",114,0.011366918
2014,諸収入,預金利子,預金利子,16,2,1,"256,792",3,0.000256792
2014,諸収入,公営企業貸付金元利収入,公営企業貸付金元利収入,16,3,1,0,0,0
2014,諸収入,貸付金元利収入,市町村からのもの,16,4,1,"200,599",2,0.000200599
2014,諸収入,貸付金元利収入,その他からのもの,16,4,2,"509,775,660","5,098",0.50977566
2014,諸収入,受託事業収入,同級他団体からのもの,16,5,1,"3,501,940",35,0.00350194
2014,諸収入,受託事業収入,市町村からのもの,16,5,2,"628,819",6,0.000628819
2014,諸収入,受託事業収入,民間からのもの,16,5,3,"154,261",2,0.000154261
2014,諸収入,収益事業収入,収益事業収入,16,6,1,"53,587,346",536,0.053587346
2014,諸収入,利子割清算金収入,利子割清算金収入,16,7,1,"119,416",1,0.000119416
2014,諸収入,雑入,市町村からのもの,16,8,1,"8,474,596",85,0.008474596
2014,諸収入,雑入,その他からのもの,16,8,2,"44,156,163",442,0.044156163
2014,地方債,地方債,地方債,17,1,1,"167,019,453","1,670",0.167019453
2015,地方税,地方税,地方税,1,1,1,"5,162,436,445","51,624",5.162436445
2015,地方譲与税,地方揮発油譲与税,地方揮発油譲与税,2,1,1,"2,195,643",22,0.002195643
2015,地方譲与税,地方道路譲与税,地方道路譲与税,2,2,1,0,0,0
2015,地方譲与税,特別とん譲与税,特別とん譲与税,2,3,1,"396,432",4,0.000396432
2015,地方譲与税,石油ガス譲与税,石油ガス譲与税,2,4,1,"338,693",3,0.000338693
2015,地方譲与税,航空機燃料譲与税,航空機燃料譲与税,2,5,1,"149,679",1,0.000149679
2015,地方譲与税,地方法人特別譲与税,地方法人特別譲与税,2,6,1,"268,900,635","2,689",0.268900635
2015,市町村たばこ税都道府県交付金,市町村たばこ税都道府県交付金,市町村たばこ税都道府県交付金,3,1,1,544,0,0.000000544
2015,地方特例交付金,地方特例交付金,地方特例交付金,4,1,1,"4,700,412",47,0.004700412
2015,地方交付税,普通交付税,普通交付税,5,1,1,0,0,0
2015,地方交付税,特別交付税,特別交付税,5,2,1,0,0,0
2015,地方交付税,震災復興特別交付税,震災復興特別交付税,5,3,1,0,0,0
2015,交通安全対策特別交付金,交通安全対策特別交付金,交通安全対策特別交付金,6,1,1,"3,101,940",31,0.00310194
2015,分担金及び負担金,同級他団体からのもの,同級他団体からのもの,7,1,1,"1,185,623",12,0.001185623
2015,分担金及び負担金,市町村からのもの,市町村からのもの,7,2,1,"48,851,692",489,0.048851692
2015,分担金及び負担金,その他,その他,7,3,1,"4,303,482",43,0.004303482
2015,使用料,授業料,高等学校,8,1,1,"10,674,256",107,0.010674256
2015,使用料,授業料,幼稚園,8,1,2,0,0,0
2015,使用料,授業料,その他,8,1,3,"607,330",6,0.00060733
2015,使用料,発電水利使用料,発電水利使用料,8,2,1,"65,674",1,0.000065674
2015,使用料,公営住宅使用料,公営住宅使用料,8,3,1,"68,968,767",690,0.068968767
2015,使用料,その他,その他,8,4,1,"44,865,315",449,0.044865315
2015,手数料,法定受託事務に係るもの,法定受託事務に係るもの,9,1,1,"1,555,553",16,0.001555553
2015,手数料,自治事務に係るもの,自治事務に係るもの,9,2,1,"21,510,873",215,0.021510873
2015,国庫支出金,義務教育費負担金,義務教育費負担金,10,1,1,"112,140,636","1,121",0.112140636
2015,国庫支出金,生活保護費負担金,生活保護費負担金,10,2,1,"2,097,890",21,0.00209789
2015,国庫支出金,児童保護費等負担金,児童保護費等負担金,10,3,1,"12,932,246",129,0.012932246
2015,国庫支出金,障害者自立支援給付費等負担金,障害者自立支援給付費等負担金,10,4,1,"15,522,536",155,0.015522536
2015,国庫支出金,私立高等学校等経常費助成費補助金,私立高等学校等経常費助成費補助金,10,5,1,"17,181,100",172,0.0171811
2015,国庫支出金,児童手当等交付金,児童手当等交付金,10,6,1,0,0,0
2015,国庫支出金,公立高等学校授業料不徴収交付金,公立高等学校授業料不徴収交付金,10,7,1,"4,440,240",44,0.00444024
2015,国庫支出金,高等学校等就学支援金交付金,高等学校等就学支援金交付金,10,8,1,"25,643,497",256,0.025643497
2015,国庫支出金,普通建設事業費支出金,普通建設事業費支出金,10,9,1,"43,347,037",433,0.043347037
2015,国庫支出金,災害復旧事業費支出金,災害復旧事業費支出金,10,10,1,"1,320,515",13,0.001320515
2015,国庫支出金,失業対策事業費支出金,失業対策事業費支出金,10,11,1,0,0,0
2015,国庫支出金,委託金,普通建設事業,10,12,1,0,0,0
2015,国庫支出金,委託金,災害復旧事業,10,12,2,0,0,0
2015,国庫支出金,委託金,その他,10,12,3,"13,111,426",131,0.013111426
2015,国庫支出金,財政補給金,財政補給金,10,13,1,0,0,0
2015,国庫支出金,電源立地地域対策交付金,電源立地地域対策交付金,10,14,1,"12,172",0,0.000012172
2015,国庫支出金,石油貯蔵施設立地対策等交付金,石油貯蔵施設立地対策等交付金,10,15,1,"10,347",0,0.000010347
2015,国庫支出金,社会資本整備総合交付金,社会資本整備総合交付金,10,16,1,"25,504,490",255,0.02550449
2015,国庫支出金,地域活性化・地域住民生活等緊急支援交付金,地域活性化・地域住民生活等緊急支援交付金,10,17,1,"3,016,668",30,0.003016668
2015,国庫支出金,東日本大震災復興交付金,東日本大震災復興交付金,10,18,1,0,0,0
2015,国庫支出金,その他,その他,10,19,1,"99,534,066",995,0.099534066
2015,国有提供施設等所在市町村助成交付金,国有提供施設等所在市町村助成交付金,国有提供施設等所在市町村助成交付金,11,1,1,"29,961",0,0.000029961
2015,財産収入,財産運用収入,財産運用収入,12,1,1,"26,345,370",263,0.02634537
2015,財産収入,財産売払収入,土地建物,12,2,1,"8,800,914",88,0.008800914
2015,財産収入,財産売払収入,立木竹,12,2,2,679,0,0.000000679
2015,財産収入,財産売払収入,その他,12,2,3,"3,968,178",40,0.003968178
2015,寄附金,市町村からのもの,市町村からのもの,13,1,1,0,0,0
2015,寄附金,その他,その他,13,2,1,"96,460",1,0.00009646
2015,繰入金,繰入金,繰入金,14,1,1,"129,050,933","1,291",0.129050933
2015,繰越金,純繰越金,純繰越金,15,1,1,"139,681,161","1,397",0.139681161
2015,繰越金,繰越事業費等充当財源繰越額,繰越事業費等充当財源繰越額,15,2,1,"159,730,120","1,597",0.15973012
2015,諸収入,延滞金加算金及び過料,延滞金加算金及び過料,16,1,1,"10,280,555",103,0.010280555
2015,諸収入,預金利子,預金利子,16,2,1,"399,054",4,0.000399054
2015,諸収入,公営企業貸付金元利収入,公営企業貸付金元利収入,16,3,1,0,0,0
2015,諸収入,貸付金元利収入,市町村からのもの,16,4,1,"176,370",2,0.00017637
2015,諸収入,貸付金元利収入,その他からのもの,16,4,2,"426,873,396","4,269",0.426873396
2015,諸収入,受託事業収入,同級他団体からのもの,16,5,1,"2,351,493",24,0.002351493
2015,諸収入,受託事業収入,市町村からのもの,16,5,2,"759,190",8,0.00075919
2015,諸収入,受託事業収入,民間からのもの,16,5,3,"169,133",2,0.000169133
2015,諸収入,収益事業収入,収益事業収入,16,6,1,"53,819,118",538,0.053819118
2015,諸収入,利子割清算金収入,利子割清算金収入,16,7,1,"131,201",1,0.000131201
2015,諸収入,雑入,市町村からのもの,16,8,1,"7,246,911",72,0.007246911
2015,諸収入,雑入,その他からのもの,16,8,2,"39,553,123",396,0.039553123
2015,地方債,地方債,地方債,17,1,1,"156,200,700","1,562",0.1562007
2016,地方税,地方税,地方税,1,1,1,"5,317,961,378","53,180",5.317961378
2016,地方譲与税,地方揮発油譲与税,地方揮発油譲与税,2,1,1,"2,082,926",21,0.002082926
2016,地方譲与税,地方道路譲与税,地方道路譲与税,2,2,1,0,0,0
2016,地方譲与税,特別とん譲与税,特別とん譲与税,2,3,1,"338,745",3,0.000338745
2016,地方譲与税,石油ガス譲与税,石油ガス譲与税,2,4,1,"297,867",3,0.000297867
2016,地方譲与税,航空機燃料譲与税,航空機燃料譲与税,2,5,1,"154,836",2,0.000154836
2016,地方譲与税,地方法人特別譲与税,地方法人特別譲与税,2,6,1,"232,674,989","2,327",0.232674989
2016,市町村たばこ税都道府県交付金,市町村たばこ税都道府県交付金,市町村たばこ税都道府県交付金,3,1,1,109,0,0.000000109
2016,地方特例交付金,地方特例交付金,地方特例交付金,4,1,1,"4,875,162",49,0.004875162
2016,地方交付税,普通交付税,普通交付税,5,1,1,0,0,0
2016,地方交付税,特別交付税,特別交付税,5,2,1,0,0,0
2016,地方交付税,震災復興特別交付税,震災復興特別交付税,5,3,1,0,0,0
2016,交通安全対策特別交付金,交通安全対策特別交付金,交通安全対策特別交付金,6,1,1,"2,937,072",29,0.002937072
2016,分担金及び負担金,同級他団体からのもの,同級他団体からのもの,7,1,1,"1,456,625",15,0.001456625
2016,分担金及び負担金,市町村からのもの,市町村からのもの,7,2,1,"49,180,126",492,0.049180126
2016,分担金及び負担金,その他,その他,7,3,1,"5,003,875",50,0.005003875
2016,使用料,授業料,高等学校,8,1,1,"15,702,835",157,0.015702835
2016,使用料,授業料,幼稚園,8,1,2,0,0,0
2016,使用料,授業料,その他,8,1,3,"606,949",6,0.000606949
2016,使用料,発電水利使用料,発電水利使用料,8,2,1,"80,334",1,0.000080334
2016,使用料,公営住宅使用料,公営住宅使用料,8,3,1,"68,364,352",684,0.068364352
2016,使用料,その他,その他,8,4,1,"45,106,437",451,0.045106437
2016,手数料,法定受託事務に係るもの,法定受託事務に係るもの,9,1,1,"1,714,695",17,0.001714695
2016,手数料,自治事務に係るもの,自治事務に係るもの,9,2,1,"21,535,204",215,0.021535204
2016,国庫支出金,義務教育費負担金,義務教育費負担金,10,1,1,"114,109,363","1,141",0.114109363
2016,国庫支出金,生活保護費負担金,生活保護費負担金,10,2,1,"1,885,763",19,0.001885763
2016,国庫支出金,児童保護費等負担金,児童保護費等負担金,10,3,1,"12,918,678",129,0.012918678
2016,国庫支出金,障害者自立支援給付費等負担金,障害者自立支援給付費等負担金,10,4,1,"16,440,318",164,0.016440318
2016,国庫支出金,私立高等学校等経常費助成費補助金,私立高等学校等経常費助成費補助金,10,5,1,"17,340,535",173,0.017340535
2016,国庫支出金,児童手当等交付金,児童手当等交付金,10,6,1,0,0,0
2016,国庫支出金,公立高等学校授業料不徴収交付金,公立高等学校授業料不徴収交付金,10,7,1,"67,811",1,0.000067811
2016,国庫支出金,高等学校等就学支援金交付金,高等学校等就学支援金交付金,10,8,1,"26,437,567",264,0.026437567
2016,国庫支出金,普通建設事業費支出金,普通建設事業費支出金,10,9,1,"47,790,495",478,0.047790495
2016,国庫支出金,災害復旧事業費支出金,災害復旧事業費支出金,10,10,1,"568,222",6,0.000568222
2016,国庫支出金,失業対策事業費支出金,失業対策事業費支出金,10,11,1,0,0,0
2016,国庫支出金,委託金,普通建設事業,10,12,1,0,0,0
2016,国庫支出金,委託金,災害復旧事業,10,12,2,0,0,0
2016,国庫支出金,委託金,その他,10,12,3,"12,066,095",121,0.012066095
2016,国庫支出金,財政補給金,財政補給金,10,13,1,0,0,0
2016,国庫支出金,電源立地地域対策交付金,電源立地地域対策交付金,10,14,1,"12,140",0,0.00001214
2016,国庫支出金,石油貯蔵施設立地対策等交付金,石油貯蔵施設立地対策等交付金,10,15,1,"10,340",0,0.00001034
2016,国庫支出金,社会資本整備総合交付金,社会資本整備総合交付金,10,16,1,"21,033,008",210,0.021033008
2016,国庫支出金,地域活性化・地域住民生活等緊急支援交付金,地域活性化・地域住民生活等緊急支援交付金,10,17,1,"233,251",2,0.000233251
2016,国庫支出金,東日本大震災復興交付金,東日本大震災復興交付金,10,18,1,0,0,0
2016,国庫支出金,その他,その他,10,19,1,"78,158,399",782,0.078158399
2016,国有提供施設等所在市町村助成交付金,国有提供施設等所在市町村助成交付金,国有提供施設等所在市町村助成交付金,11,1,1,"30,451",0,0.000030451
2016,財産収入,財産運用収入,財産運用収入,12,1,1,"26,447,625",264,0.026447625
2016,財産収入,財産売払収入,土地建物,12,2,1,"5,321,876",53,0.005321876
2016,財産収入,財産売払収入,立木竹,12,2,2,"5,093",0,0.000005093
2016,財産収入,財産売払収入,その他,12,2,3,"84,929",1,0.000084929
2016,寄附金,市町村からのもの,市町村からのもの,13,1,1,0,0,0
2016,寄附金,その他,その他,13,2,1,"81,111",1,0.000081111
2016,繰入金,繰入金,繰入金,14,1,1,"61,543,086",615,0.061543086
2016,繰越金,純繰越金,純繰越金,15,1,1,"114,056,799","1,141",0.114056799
2016,繰越金,繰越事業費等充当財源繰越額,繰越事業費等充当財源繰越額,15,2,1,"137,484,847","1,375",0.137484847
2016,諸収入,延滞金加算金及び過料,延滞金加算金及び過料,16,1,1,"10,041,964",100,0.010041964
2016,諸収入,預金利子,預金利子,16,2,1,"215,246",2,0.000215246
2016,諸収入,公営企業貸付金元利収入,公営企業貸付金元利収入,16,3,1,0,0,0
2016,諸収入,貸付金元利収入,市町村からのもの,16,4,1,"176,370",2,0.00017637
2016,諸収入,貸付金元利収入,その他からのもの,16,4,2,"383,008,618","3,830",0.383008618
2016,諸収入,受託事業収入,同級他団体からのもの,16,5,1,"2,033,620",20,0.00203362
2016,諸収入,受託事業収入,市町村からのもの,16,5,2,"1,705,094",17,0.001705094
2016,諸収入,受託事業収入,民間からのもの,16,5,3,"156,690",2,0.00015669
2016,諸収入,収益事業収入,収益事業収入,16,6,1,"50,090,853",501,0.050090853
2016,諸収入,利子割清算金収入,利子割清算金収入,16,7,1,0,0,0
2016,諸収入,雑入,市町村からのもの,16,8,1,"6,827,324",68,0.006827324
2016,諸収入,雑入,その他からのもの,16,8,2,"51,416,535",514,0.051416535
2016,地方債,地方債,地方債,17,1,1,"152,610,690","1,526",0.15261069
2017,地方税,地方税,地方税,1,1,1,"5,289,244,641","52,892",5.289244641
2017,地方譲与税,地方揮発油譲与税,地方揮発油譲与税,2,1,1,"2,069,201",21,0.002069201
2017,地方譲与税,地方道路譲与税,地方道路譲与税,2,2,1,0,0,0
2017,地方譲与税,特別とん譲与税,特別とん譲与税,2,3,1,"341,870",3,0.00034187
2017,地方譲与税,石油ガス譲与税,石油ガス譲与税,2,4,1,"268,054",3,0.000268054
2017,地方譲与税,航空機燃料譲与税,航空機燃料譲与税,2,5,1,"149,947",1,0.000149947
2017,地方譲与税,地方法人特別譲与税,地方法人特別譲与税,2,6,1,"242,304,081","2,423",0.242304081
2017,市町村たばこ税都道府県交付金,市町村たばこ税都道府県交付金,市町村たばこ税都道府県交付金,3,1,1,0,0,0
2017,地方特例交付金,地方特例交付金,地方特例交付金,4,1,1,"5,219,250",52,0.00521925
2017,地方交付税,普通交付税,普通交付税,5,1,1,0,0,0
2017,地方交付税,特別交付税,特別交付税,5,2,1,0,0,0
2017,地方交付税,震災復興特別交付税,震災復興特別交付税,5,3,1,0,0,0
2017,交通安全対策特別交付金,交通安全対策特別交付金,交通安全対策特別交付金,6,1,1,"2,817,070",28,0.00281707
2017,分担金及び負担金,同級他団体からのもの,同級他団体からのもの,7,1,1,"1,035,514",10,0.001035514
2017,分担金及び負担金,市町村からのもの,市町村からのもの,7,2,1,"48,391,970",484,0.04839197
2017,分担金及び負担金,その他,その他,7,3,1,"5,707,570",57,0.00570757
2017,使用料,授業料,高等学校,8,1,1,"15,723,625",157,0.015723625
2017,使用料,授業料,幼稚園,8,1,2,0,0,0
2017,使用料,授業料,その他,8,1,3,"608,655",6,0.000608655
2017,使用料,発電水利使用料,発電水利使用料,8,2,1,"76,553",1,0.000076553
2017,使用料,公営住宅使用料,公営住宅使用料,8,3,1,"67,786,943",678,0.067786943
2017,使用料,その他,その他,8,4,1,"44,207,018",442,0.044207018
2017,手数料,法定受託事務に係るもの,法定受託事務に係るもの,9,1,1,"1,770,453",18,0.001770453
2017,手数料,自治事務に係るもの,自治事務に係るもの,9,2,1,"21,666,704",217,0.021666704
2017,国庫支出金,義務教育費負担金,義務教育費負担金,10,1,1,"115,310,489","1,153",0.115310489
2017,国庫支出金,生活保護費負担金,生活保護費負担金,10,2,1,"1,987,038",20,0.001987038
2017,国庫支出金,児童保護費等負担金,児童保護費等負担金,10,3,1,"13,418,308",134,0.013418308
2017,国庫支出金,障害者自立支援給付費等負担金,障害者自立支援給付費等負担金,10,4,1,"16,855,228",169,0.016855228
2017,国庫支出金,私立高等学校等経常費助成費補助金,私立高等学校等経常費助成費補助金,10,5,1,"17,709,364",177,0.017709364
2017,国庫支出金,児童手当等交付金,児童手当等交付金,10,6,1,0,0,0
2017,国庫支出金,公立高等学校授業料不徴収交付金,公立高等学校授業料不徴収交付金,10,7,1,854,0,0.000000854
2017,国庫支出金,高等学校等就学支援金交付金,高等学校等就学支援金交付金,10,8,1,"27,073,087",271,0.027073087
2017,国庫支出金,普通建設事業費支出金,普通建設事業費支出金,10,9,1,"42,672,701",427,0.042672701
2017,国庫支出金,災害復旧事業費支出金,災害復旧事業費支出金,10,10,1,"168,078",2,0.000168078
2017,国庫支出金,失業対策事業費支出金,失業対策事業費支出金,10,11,1,0,0,0
2017,国庫支出金,委託金,普通建設事業,10,12,1,0,0,0
2017,国庫支出金,委託金,災害復旧事業,10,12,2,0,0,0
2017,国庫支出金,委託金,その他,10,12,3,"12,454,729",125,0.012454729
2017,国庫支出金,財政補給金,財政補給金,10,13,1,0,0,0
2017,国庫支出金,電源立地地域対策交付金,電源立地地域対策交付金,10,14,1,"9,936",0,0.000009936
2017,国庫支出金,石油貯蔵施設立地対策等交付金,石油貯蔵施設立地対策等交付金,10,15,1,"10,303",0,0.000010303
2017,国庫支出金,社会資本整備総合交付金,社会資本整備総合交付金,10,16,1,"20,598,501",206,0.020598501
2017,国庫支出金,地域活性化・地域住民生活等緊急支援交付金,地域活性化・地域住民生活等緊急支援交付金,10,17,1,"41,982",0,0.000041982
2017,国庫支出金,東日本大震災復興交付金,東日本大震災復興交付金,10,18,1,0,0,0
2017,国庫支出金,その他,その他,10,19,1,"121,370,570","1,214",0.12137057
2017,国有提供施設等所在市町村助成交付金,国有提供施設等所在市町村助成交付金,国有提供施設等所在市町村助成交付金,11,1,1,"29,933",0,0.000029933
2017,財産収入,財産運用収入,財産運用収入,12,1,1,"25,633,887",256,0.025633887
2017,財産収入,財産売払収入,土地建物,12,2,1,"26,119,142",261,0.026119142
2017,財産収入,財産売払収入,立木竹,12,2,2,354,0,0.000000354
2017,財産収入,財産売払収入,その他,12,2,3,"241,705",2,0.000241705
2017,寄附金,市町村からのもの,市町村からのもの,13,1,1,0,0,0
2017,寄附金,その他,その他,13,2,1,"37,730",0,0.00003773
2017,繰入金,繰入金,繰入金,14,1,1,"118,363,557","1,184",0.118363557
2017,繰越金,純繰越金,純繰越金,15,1,1,"320,427,577","3,204",0.320427577
2017,繰越金,繰越事業費等充当財源繰越額,繰越事業費等充当財源繰越額,15,2,1,"58,186,324",582,0.058186324
2017,諸収入,延滞金加算金及び過料,延滞金加算金及び過料,16,1,1,"9,432,022",94,0.009432022
2017,諸収入,預金利子,預金利子,16,2,1,"104,544",1,0.000104544
2017,諸収入,公営企業貸付金元利収入,公営企業貸付金元利収入,16,3,1,0,0,0
2017,諸収入,貸付金元利収入,市町村からのもの,16,4,1,"176,371",2,0.000176371
2017,諸収入,貸付金元利収入,その他からのもの,16,4,2,"347,336,394","3,473",0.347336394
2017,諸収入,受託事業収入,同級他団体からのもの,16,5,1,"3,705,210",37,0.00370521
2017,諸収入,受託事業収入,市町村からのもの,16,5,2,"1,721,661",17,0.001721661
2017,諸収入,受託事業収入,民間からのもの,16,5,3,"199,504",2,0.000199504
2017,諸収入,収益事業収入,収益事業収入,16,6,1,"43,114,307",431,0.043114307
2017,諸収入,利子割清算金収入,利子割清算金収入,16,7,1,0,0,0
2017,諸収入,雑入,市町村からのもの,16,8,1,"7,539,532",75,0.007539532
2017,諸収入,雑入,その他からのもの,16,8,2,"66,103,519",661,0.066103519
2017,地方債,地方債,地方債,17,1,1,"136,812,940","1,368",0.13681294
2018,地方税,地方税,地方税,1,1,1,"5,462,509,311","54,625",5.462509311
2018,地方譲与税,地方揮発油譲与税,地方揮発油譲与税,2,1,1,"2,075,197",21,0.002075197
2018,地方譲与税,地方道路譲与税,地方道路譲与税,2,2,1,0,0,0
2018,地方譲与税,特別とん譲与税,特別とん譲与税,2,3,1,"387,208",4,0.000387208
2018,地方譲与税,石油ガス譲与税,石油ガス譲与税,2,4,1,"234,925",2,0.000234925
2018,地方譲与税,航空機燃料譲与税,航空機燃料譲与税,2,5,1,"143,913",1,0.000143913
2018,地方譲与税,地方法人特別譲与税,地方法人特別譲与税,2,6,1,"273,994,903","2,740",0.273994903
2018,市町村たばこ税都道府県交付金,市町村たばこ税都道府県交付金,市町村たばこ税都道府県交付金,3,1,1,0,0,0
2018,地方特例交付金,地方特例交付金,地方特例交付金,4,1,1,"5,996,834",60,0.005996834
2018,地方交付税,普通交付税,普通交付税,5,1,1,0,0,0
2018,地方交付税,特別交付税,特別交付税,5,2,1,0,0,0
2018,地方交付税,震災復興特別交付税,震災復興特別交付税,5,3,1,0,0,0
2018,交通安全対策特別交付金,交通安全対策特別交付金,交通安全対策特別交付金,6,1,1,"2,645,143",26,0.002645143
2018,分担金及び負担金,同級他団体からのもの,同級他団体からのもの,7,1,1,"842,196",8,0.000842196
2018,分担金及び負担金,市町村からのもの,市町村からのもの,7,2,1,"48,380,040",484,0.04838004
2018,分担金及び負担金,その他,その他,7,3,1,"5,230,462",52,0.005230462
2018,使用料,授業料,高等学校,8,1,1,"15,583,304",156,0.015583304
2018,使用料,授業料,幼稚園,8,1,2,0,0,0
2018,使用料,授業料,その他,8,1,3,"595,432",6,0.000595432
2018,使用料,発電水利使用料,発電水利使用料,8,2,1,"73,194",1,0.000073194
2018,使用料,公営住宅使用料,公営住宅使用料,8,3,1,"67,225,661",672,0.067225661
2018,使用料,その他,その他,8,4,1,"44,993,566",450,0.044993566
2018,手数料,法定受託事務に係るもの,法定受託事務に係るもの,9,1,1,"1,860,312",19,0.001860312
2018,手数料,自治事務に係るもの,自治事務に係るもの,9,2,1,"20,819,590",208,0.02081959
2018,国庫支出金,義務教育費負担金,義務教育費負担金,10,1,1,"116,966,513","1,170",0.116966513
2018,国庫支出金,生活保護費負担金,生活保護費負担金,10,2,1,"1,871,757",19,0.001871757
2018,国庫支出金,児童保護費等負担金,児童保護費等負担金,10,3,1,"13,861,539",139,0.013861539
2018,国庫支出金,障害者自立支援給付費等負担金,障害者自立支援給付費等負担金,10,4,1,"17,147,477",171,0.017147477
2018,国庫支出金,私立高等学校等経常費助成費補助金,私立高等学校等経常費助成費補助金,10,5,1,"17,876,041",179,0.017876041
2018,国庫支出金,児童手当等交付金,児童手当等交付金,10,6,1,0,0,0
2018,国庫支出金,公立高等学校授業料不徴収交付金,公立高等学校授業料不徴収交付金,10,7,1,29,0,0.000000029
2018,国庫支出金,高等学校等就学支援金交付金,高等学校等就学支援金交付金,10,8,1,"26,771,802",268,0.026771802
2018,国庫支出金,普通建設事業費支出金,普通建設事業費支出金,10,9,1,"47,832,758",478,0.047832758
2018,国庫支出金,災害復旧事業費支出金,災害復旧事業費支出金,10,10,1,"438,960",4,0.00043896
2018,国庫支出金,失業対策事業費支出金,失業対策事業費支出金,10,11,1,0,0,0
2018,国庫支出金,委託金,普通建設事業,10,12,1,0,0,0
2018,国庫支出金,委託金,災害復旧事業,10,12,2,0,0,0
2018,国庫支出金,委託金,その他,10,12,3,"6,590,570",66,0.00659057
2018,国庫支出金,財政補給金,財政補給金,10,13,1,0,0,0
2018,国庫支出金,電源立地地域対策交付金,電源立地地域対策交付金,10,14,1,"11,831",0,0.000011831
2018,国庫支出金,石油貯蔵施設立地対策等交付金,石油貯蔵施設立地対策等交付金,10,15,1,"10,283",0,0.000010283
2018,国庫支出金,社会資本整備総合交付金,社会資本整備総合交付金,10,16,1,"15,952,316",160,0.015952316
2018,国庫支出金,地方創生関係交付金,地方創生関係交付金,10,17,1,"34,322",0,0.000034322
2018,国庫支出金,東日本大震災復興交付金,東日本大震災復興交付金,10,18,1,0,0,0
2018,国庫支出金,その他,その他,10,19,1,"72,151,336",722,0.072151336
2018,国有提供施設等所在市町村助成交付金,国有提供施設等所在市町村助成交付金,国有提供施設等所在市町村助成交付金,11,1,1,"29,642",0,0.000029642
2018,財産収入,財産運用収入,財産運用収入,12,1,1,"25,613,189",256,0.025613189
2018,財産収入,財産売払収入,土地建物,12,2,1,"18,013,350",180,0.01801335
2018,財産収入,財産売払収入,立木竹,12,2,2,0,0,0
2018,財産収入,財産売払収入,その他,12,2,3,"2,154,239",22,0.002154239
2018,寄附金,市町村からのもの,市町村からのもの,13,1,1,0,0,0
2018,寄附金,その他,その他,13,2,1,"34,562",0,0.000034562
2018,寄附金,ふるさと納税,ふるさと納税,13,3,1,0,0,0
2018,寄附金,地方創生応援税制に係る寄附金,地方創生応援税制に係る寄附金,13,4,1,0,0,0
2018,繰入金,繰入金,繰入金,14,1,1,"420,346,908","4,203",0.420346908
2018,繰越金,純繰越金,純繰越金,15,1,1,"327,812,873","3,278",0.327812873
2018,繰越金,繰越事業費等充当財源繰越額,繰越事業費等充当財源繰越額,15,2,1,"149,072,664","1,491",0.149072664
2018,諸収入,延滞金加算金及び過料,延滞金加算金及び過料,16,1,1,"8,839,418",88,0.008839418
2018,諸収入,預金利子,預金利子,16,2,1,"114,437",1,0.000114437
2018,諸収入,公営企業貸付金元利収入,公営企業貸付金元利収入,16,3,1,0,0,0
2018,諸収入,貸付金元利収入,市町村からのもの,16,4,1,"176,371",2,0.000176371
2018,諸収入,貸付金元利収入,その他からのもの,16,4,2,"352,813,291","3,528",0.352813291
2018,諸収入,受託事業収入,同級他団体からのもの,16,5,1,"3,005,570",30,0.00300557
2018,諸収入,受託事業収入,市町村からのもの,16,5,2,"3,275,698",33,0.003275698
2018,諸収入,受託事業収入,民間からのもの,16,5,3,"197,238",2,0.000197238
2018,諸収入,収益事業収入,収益事業収入,16,6,1,"47,435,657",474,0.047435657
2018,諸収入,利子割清算金収入,利子割清算金収入,16,7,1,0,0,0
2018,諸収入,雑入,市町村からのもの,16,8,1,"7,401,095",74,0.007401095
2018,諸収入,雑入,その他からのもの,16,8,2,"68,581,993",686,0.068581993
2018,地方債,地方債,地方債,17,1,1,"142,732,455","1,427",0.142732455
2019,地方税,地方税,地方税,1,1,1,"5,732,615,219","57,326",5.732615219
2019,地方譲与税,地方揮発油譲与税,地方揮発油譲与税,2,1,1,"1,841,802",18,0.001841802
2019,地方譲与税,地方道路譲与税,地方道路譲与税,2,2,1,1,0,0.000000001
2019,地方譲与税,特別とん譲与税,特別とん譲与税,2,3,1,"403,180",4,0.00040318
2019,地方譲与税,石油ガス譲与税,石油ガス譲与税,2,4,1,"200,202",2,0.000200202
2019,地方譲与税,航空機燃料譲与税,航空機燃料譲与税,2,5,1,"135,851",1,0.000135851
2019,地方譲与税,地方法人特別譲与税,地方法人特別譲与税,2,6,1,"268,240,483","2,682",0.268240483
2019,地方譲与税,自動車重量譲与税,自動車重量譲与税,2,7,1,"536,294",5,0.000536294
2019,地方譲与税,森林環境譲与税,森林環境譲与税,2,8,1,"144,037",1,0.000144037
2019,市町村たばこ税都道府県交付金,市町村たばこ税都道府県交付金,市町村たばこ税都道府県交付金,3,1,1,0,0,0
2019,地方特例交付金,地方特例交付金,地方特例交付金,4,1,1,0,0,0
2019,地方特例交付金,個人住民税減収補塡特例交付金,個人住民税減収補塡特例交付金,4,2,1,"6,634,569",66,0.006634569
2019,地方特例交付金,自動車税減収補塡特例交付金,自動車税減収補塡特例交付金,4,3,1,"1,293,912",13,0.001293912
2019,地方特例交付金,子ども・子育て支援臨時交付金,子ども・子育て支援臨時交付金,4,4,1,"9,848,087",98,0.009848087
2019,地方交付税,普通交付税,普通交付税,5,1,1,0,0,0
2019,地方交付税,特別交付税,特別交付税,5,2,1,0,0,0
2019,地方交付税,震災復興特別交付税,震災復興特別交付税,5,3,1,0,0,0
2019,交通安全対策特別交付金,交通安全対策特別交付金,交通安全対策特別交付金,6,1,1,"2,622,024",26,0.002622024
2019,分担金及び負担金,同級他団体からのもの,同級他団体からのもの,7,1,1,"847,114",8,0.000847114
2019,分担金及び負担金,市町村からのもの,市町村からのもの,7,2,1,"48,635,144",486,0.048635144
2019,分担金及び負担金,その他,その他,7,3,1,"5,004,209",50,0.005004209
2019,使用料,授業料,高等学校,8,1,1,"15,338,578",153,0.015338578
2019,使用料,授業料,幼稚園,8,1,2,0,0,0
2019,使用料,授業料,その他,8,1,3,"585,418",6,0.000585418
2019,使用料,発電水利使用料,発電水利使用料,8,2,1,"75,028",1,0.000075028
2019,使用料,公営住宅使用料,公営住宅使用料,8,3,1,"66,588,780",666,0.06658878
2019,使用料,その他,その他,8,4,1,"44,716,961",447,0.044716961
2019,手数料,法定受託事務に係るもの,法定受託事務に係るもの,9,1,1,"1,776,023",18,0.001776023
2019,手数料,自治事務に係るもの,自治事務に係るもの,9,2,1,"20,471,693",205,0.020471693
2019,国庫支出金,義務教育費負担金,義務教育費負担金,10,1,1,"118,319,610","1,183",0.11831961
2019,国庫支出金,生活保護費負担金,生活保護費負担金,10,2,1,"1,922,144",19,0.001922144
2019,国庫支出金,児童保護費等負担金,児童保護費等負担金,10,3,1,"15,016,417",150,0.015016417
2019,国庫支出金,障害者自立支援給付費等負担金,障害者自立支援給付費等負担金,10,4,1,"17,411,314",174,0.017411314
2019,国庫支出金,私立高等学校等経常費助成費補助金,私立高等学校等経常費助成費補助金,10,5,1,"18,340,722",183,0.018340722
2019,国庫支出金,児童手当等交付金,児童手当等交付金,10,6,1,0,0,0
2019,国庫支出金,公立高等学校授業料不徴収交付金,公立高等学校授業料不徴収交付金,10,7,1,0,0,0
2019,国庫支出金,高等学校等就学支援金交付金,高等学校等就学支援金交付金,10,8,1,0,0,0
2019,国庫支出金,高等学校等就学支援金交付金,公立分,10,8,2,"11,412,871",114,0.011412871
2019,国庫支出金,高等学校等就学支援金交付金,私立分,10,8,3,"14,806,003",148,0.014806003
2019,国庫支出金,普通建設事業費支出金,普通建設事業費支出金,10,9,1,"53,825,442",538,0.053825442
2019,国庫支出金,災害復旧事業費支出金,災害復旧事業費支出金,10,10,1,"884,402",9,0.000884402
2019,国庫支出金,失業対策事業費支出金,失業対策事業費支出金,10,11,1,0,0,0
2019,国庫支出金,委託金,普通建設事業,10,12,1,0,0,0
2019,国庫支出金,委託金,災害復旧事業,10,12,2,"77,381",1,0.000077381
2019,国庫支出金,委託金,その他,10,12,3,"11,719,691",117,0.011719691
2019,国庫支出金,財政補給金,財政補給金,10,13,1,0,0,0
2019,国庫支出金,電源立地地域対策交付金,電源立地地域対策交付金,10,14,1,"11,688",0,0.000011688
2019,国庫支出金,石油貯蔵施設立地対策等交付金,石油貯蔵施設立地対策等交付金,10,15,1,"10,328",0,0.000010328
2019,国庫支出金,社会資本整備総合交付金,社会資本整備総合交付金,10,16,1,"13,491,882",135,0.013491882
2019,国庫支出金,地方創生関係交付金,地方創生関係交付金,10,17,1,"11,689",0,0.000011689
2019,国庫支出金,東日本大震災復興交付金,東日本大震災復興交付金,10,18,1,0,0,0
2019,国庫支出金,その他,その他,10,19,1,"77,538,922",775,0.077538922
2019,国有提供施設等所在市町村助成交付金,国有提供施設等所在市町村助成交付金,国有提供施設等所在市町村助成交付金,11,1,1,"33,937",0,0.000033937
2019,財産収入,財産運用収入,財産運用収入,12,1,1,"25,434,527",254,0.025434527
2019,財産収入,財産売払収入,土地建物,12,2,1,"8,519,977",85,0.008519977
2019,財産収入,財産売払収入,立木竹,12,2,2,0,0,0
2019,財産収入,財産売払収入,その他,12,2,3,"92,959",1,0.000092959
2019,寄附金,市町村からのもの,市町村からのもの,13,1,1,0,0,0
2019,寄附金,その他,その他,13,2,1,"52,431",1,0.000052431
2019,寄附金,ふるさと納税,ふるさと納税,13,3,1,0,0,0
2019,寄附金,地方創生応援税制に係る寄附金,地方創生応援税制に係る寄附金,13,4,1,0,0,0
2019,繰入金,繰入金,繰入金,14,1,1,"444,345,913","4,443",0.444345913
2019,繰越金,純繰越金,純繰越金,15,1,1,"340,820,545","3,408",0.340820545
2019,繰越金,繰越事業費等充当財源繰越額,繰越事業費等充当財源繰越額,15,2,1,"148,926,850","1,489",0.14892685
2019,諸収入,延滞金加算金及び過料,延滞金加算金及び過料,16,1,1,"7,702,981",77,0.007702981
2019,諸収入,預金利子,預金利子,16,2,1,"99,216",1,0.000099216
2019,諸収入,公営企業貸付金元利収入,公営企業貸付金元利収入,16,3,1,0,0,0
2019,諸収入,貸付金元利収入,市町村からのもの,16,4,1,"114,825",1,0.000114825
2019,諸収入,貸付金元利収入,その他からのもの,16,4,2,"296,799,610","2,968",0.29679961
2019,諸収入,受託事業収入,同級他団体からのもの,16,5,1,"4,041,729",40,0.004041729
2019,諸収入,受託事業収入,市町村からのもの,16,5,2,"2,624,635",26,0.002624635
2019,諸収入,受託事業収入,民間からのもの,16,5,3,"261,419",3,0.000261419
2019,諸収入,収益事業収入,収益事業収入,16,6,1,"47,011,047",470,0.047011047
2019,諸収入,利子割清算金収入,利子割清算金収入,16,7,1,0,0,0
2019,諸収入,雑入,市町村からのもの,16,8,1,"7,605,676",76,0.007605676
2019,諸収入,雑入,その他からのもの,16,8,2,"56,444,514",564,0.056444514
2019,地方債,地方債,地方債,17,1,1,"138,563,120","1,386",0.13856312
2020,地方税,地方税,地方税,1,1,1,"5,293,013,285","52,930",5.293013285
2020,地方譲与税,地方揮発油譲与税,地方揮発油譲与税,2,1,1,"1,792,894",18,0.001792894
2020,地方譲与税,地方道路譲与税,地方道路譲与税,2,2,1,0,0,0
2020,地方譲与税,特別とん譲与税,特別とん譲与税,2,3,1,"324,093",3,0.000324093
2020,地方譲与税,石油ガス譲与税,石油ガス譲与税,2,4,1,"139,896",1,0.000139896
2020,地方譲与税,航空機燃料譲与税,航空機燃料譲与税,2,5,1,"30,635",0,0.000030635
2020,地方譲与税,地方法人特別譲与税,地方法人特別譲与税,2,6,1,0,0,0
2020,地方譲与税,自動車重量譲与税,自動車重量譲与税,2,7,1,"650,480",7,0.00065048
2020,地方譲与税,森林環境譲与税,森林環境譲与税,2,8,1,"216,057",2,0.000216057
2020,地方譲与税,特別法人事業譲与税,特別法人事業譲与税,2,9,1,"44,146,714",441,0.044146714
2020,市町村たばこ税都道府県交付金,市町村たばこ税都道府県交付金,市町村たばこ税都道府県交付金,3,1,1,0,0,0
2020,地方特例交付金,地方特例交付金,地方特例交付金,4,1,1,0,0,0
2020,地方特例交付金,個人住民税減収補塡特例交付金,個人住民税減収補塡特例交付金,4,2,1,"6,361,854",64,0.006361854
2020,地方特例交付金,自動車税減収補塡特例交付金,自動車税減収補塡特例交付金,4,3,1,"2,614,483",26,0.002614483
2020,地方特例交付金,子ども・子育て支援臨時交付金,子ども・子育て支援臨時交付金,4,4,1,0,0,0
2020,地方交付税,普通交付税,普通交付税,5,1,1,0,0,0
2020,地方交付税,特別交付税,特別交付税,5,2,1,0,0,0
2020,地方交付税,震災復興特別交付税,震災復興特別交付税,5,3,1,0,0,0
2020,交通安全対策特別交付金,交通安全対策特別交付金,交通安全対策特別交付金,6,1,1,"2,950,129",30,0.002950129
2020,分担金及び負担金,同級他団体からのもの,同級他団体からのもの,7,1,1,"581,600",6,0.0005816
2020,分担金及び負担金,市町村からのもの,市町村からのもの,7,2,1,"49,033,447",490,0.049033447
2020,分担金及び負担金,その他,その他,7,3,1,"5,687,606",57,0.005687606
2020,使用料,授業料,高等学校,8,1,1,"14,630,697",146,0.014630697
2020,使用料,授業料,幼稚園,8,1,2,0,0,0
2020,使用料,授業料,その他,8,1,3,"552,093",6,0.000552093
2020,使用料,発電水利使用料,発電水利使用料,8,2,1,"75,599",1,0.000075599
2020,使用料,公営住宅使用料,公営住宅使用料,8,3,1,"66,036,237",660,0.066036237
2020,使用料,その他,その他,8,4,1,"41,472,660",415,0.04147266
2020,手数料,法定受託事務に係るもの,法定受託事務に係るもの,9,1,1,"619,830",6,0.00061983
2020,手数料,自治事務に係るもの,自治事務に係るもの,9,2,1,"19,135,599",191,0.019135599
2020,国庫支出金,義務教育費負担金,義務教育費負担金,10,1,1,"119,637,040","1,196",0.11963704
2020,国庫支出金,生活保護費負担金,生活保護費負担金,10,2,1,"1,856,717",19,0.001856717
2020,国庫支出金,児童保護費等負担金,児童保護費等負担金,10,3,1,"14,226,116",142,0.014226116
2020,国庫支出金,障害者自立支援給付費等負担金,障害者自立支援給付費等負担金,10,4,1,"17,670,887",177,0.017670887
2020,国庫支出金,私立高等学校等経常費助成費補助金,私立高等学校等経常費助成費補助金,10,5,1,"18,560,719",186,0.018560719
2020,国庫支出金,児童手当等交付金,児童手当等交付金,10,6,1,0,0,0
2020,国庫支出金,公立高等学校授業料不徴収交付金,公立高等学校授業料不徴収交付金,10,7,1,0,0,0
2020,国庫支出金,高等学校等就学支援金交付金,公立分,10,8,1,"10,940,570",109,0.01094057
2020,国庫支出金,高等学校等就学支援金交付金,私立分,10,8,2,"21,240,482",212,0.021240482
2020,国庫支出金,普通建設事業費支出金,普通建設事業費支出金,10,9,1,"57,547,434",575,0.057547434
2020,国庫支出金,災害復旧事業費支出金,災害復旧事業費支出金,10,10,1,"1,134,753",11,0.001134753
2020,国庫支出金,失業対策事業費支出金,失業対策事業費支出金,10,11,1,0,0,0
2020,国庫支出金,委託金,普通建設事業,10,12,1,0,0,0
2020,国庫支出金,委託金,災害復旧事業,10,12,2,"113,871",1,0.000113871
2020,国庫支出金,委託金,その他,10,12,3,"13,353,239",134,0.013353239
2020,国庫支出金,財政補給金,財政補給金,10,13,1,0,0,0
2020,国庫支出金,電源立地地域対策交付金,電源立地地域対策交付金,10,14,1,"11,666",0,0.000011666
2020,国庫支出金,石油貯蔵施設立地対策等交付金,石油貯蔵施設立地対策等交付金,10,15,1,"10,274",0,0.000010274
2020,国庫支出金,社会資本整備総合交付金,社会資本整備総合交付金,10,16,1,"10,988,765",110,0.010988765
2020,国庫支出金,地方創生関係交付金,地方創生関係交付金,10,17,1,"9,995",0,0.000009995
2020,国庫支出金,東日本大震災復興交付金,東日本大震災復興交付金,10,18,1,0,0,0
2020,国庫支出金,その他,その他,10,19,1,"86,505,342",865,0.086505342
2020,国庫支出金,新型コロナウイルス感染症対応地方創生臨時交付金,新型コロナウイルス感染症対応地方創生臨時交付金,10,19,1,"214,238,244","2,142",0.214238244
2020,国庫支出金,新型コロナウイルス感染症緊急包括支援交付金,新型コロナウイルス感染症緊急包括支援交付金,10,20,1,"315,078,008","3,151",0.315078008
2020,国庫支出金,その他新型コロナウイルス感染症対策関係交付金等,その他新型コロナウイルス感染症対策関係交付金等,10,21,1,"317,768,588","3,178",0.317768588
2020,国有提供施設等所在市町村助成交付金,国有提供施設等所在市町村助成交付金,国有提供施設等所在市町村助成交付金,11,1,1,"34,223",0,0.000034223
2020,財産収入,財産運用収入,財産運用収入,12,1,1,"24,914,162",249,0.024914162
2020,財産収入,財産売払収入,土地建物,12,2,1,"6,209,121",62,0.006209121
2020,財産収入,財産売払収入,立木竹,12,2,2,0,0,0
2020,財産収入,財産売払収入,その他,12,2,3,"259,456",3,0.000259456
2020,寄附金,市町村からのもの,市町村からのもの,13,1,1,0,0,0
2020,寄附金,その他,その他,13,2,1,"1,278,438",13,0.001278438
2020,寄附金,ふるさと納税,ふるさと納税,13,3,1,0,0,0
2020,寄附金,地方創生応援税制に係る寄附金,地方創生応援税制に係る寄附金,13,4,1,0,0,0
2020,繰入金,繰入金,繰入金,14,1,1,"679,957,874","6,800",0.679957874
2020,繰越金,純繰越金,純繰越金,15,1,1,"437,149,608","4,371",0.437149608
2020,繰越金,繰越事業費等充当財源繰越額,繰越事業費等充当財源繰越額,15,2,1,"94,586,662",946,0.094586662
2020,諸収入,延滞金加算金及び過料,延滞金加算金及び過料,16,1,1,"6,183,469",62,0.006183469
2020,諸収入,預金利子,預金利子,16,2,1,"21,053",0,0.000021053
2020,諸収入,公営企業貸付金元利収入,公営企業貸付金元利収入,16,3,1,0,0,0
2020,諸収入,貸付金元利収入,市町村からのもの,16,4,1,"114,825",1,0.000114825
2020,諸収入,貸付金元利収入,その他からのもの,16,5,1,"427,568,214","4,276",0.427568214
2020,諸収入,受託事業収入,同級他団体からのもの,16,5,2,"146,951",1,0.000146951
2020,諸収入,受託事業収入,市町村からのもの,16,5,3,"1,520,435",15,0.001520435
2020,諸収入,受託事業収入,民間からのもの,16,5,4,"244,247",2,0.000244247
2020,諸収入,収益事業収入,収益事業収入,16,6,1,"39,555,568",396,0.039555568
2020,諸収入,利子割清算金収入,利子割清算金収入,16,7,1,0,0,0
2020,諸収入,雑入,市町村からのもの,16,8,1,"8,195,286",82,0.008195286
2020,諸収入,雑入,その他からのもの,16,8,2,"64,100,678",641,0.064100678
2020,地方債,地方債,地方債,17,1,1,"491,651,300","4,917",0.4916513
2021,地方税,地方税,地方税,1,1,1,"5,871,543,761","58,715",5.871543761
2021,地方譲与税,地方揮発油譲与税,地方揮発油譲与税,2,1,1,"1,854,021",19,0.001854021
2021,地方譲与税,地方道路譲与税,地方道路譲与税,2,2,1,0,0,0
2021,地方譲与税,特別とん譲与税,特別とん譲与税,2,3,1,"205,297",2,0.000205297
2021,地方譲与税,石油ガス譲与税,石油ガス譲与税,2,4,1,"131,511",1,0.000131511
2021,地方譲与税,航空機燃料譲与税,航空機燃料譲与税,2,5,1,"116,012",1,0.000116012
2021,地方譲与税,地方法人特別譲与税,地方法人特別譲与税,2,6,1,0,0,0
2021,地方譲与税,自動車重量譲与税,自動車重量譲与税,2,7,1,"657,352",7,0.000657352
2021,地方譲与税,森林環境譲与税,森林環境譲与税,2,8,1,"220,449",2,0.000220449
2021,地方譲与税,特別法人事業譲与税,特別法人事業譲与税,2,9,1,"50,157,949",502,0.050157949
2021,市町村たばこ税都道府県交付金,市町村たばこ税都道府県交付金,市町村たばこ税都道府県交付金,3,1,1,0,0,0
2021,地方特例交付金,地方特例交付金,地方特例交付金,4,1,1,0,0,0
2021,地方特例交付金,個人住民税減収補塡特例交付金,個人住民税減収補塡特例交付金,4,2,1,"6,535,024",65,0.006535024
2021,地方特例交付金,自動車税減収補塡特例交付金,自動車税減収補塡特例交付金,4,3,1,"1,669,440",17,0.00166944
2021,地方特例交付金,新型コロナウイルス感染症対策地方税減収補塡特別交付金,新型コロナウイルス感染症対策地方税減収補塡特別交付金,4,4,1,"19,892,357",199,0.019892357
2021,地方交付税,普通交付税,普通交付税,5,1,1,0,0,0
2021,地方交付税,特別交付税,特別交付税,5,2,1,0,0,0
2021,地方交付税,震災復興特別交付税,震災復興特別交付税,5,3,1,0,0,0
2021,交通安全対策特別交付金,交通安全対策特別交付金,交通安全対策特別交付金,6,1,1,"2,897,311",29,0.002897311
2021,分担金及び負担金,同級他団体からのもの,同級他団体からのもの,7,1,1,"3,313,865",33,0.003313865
2021,分担金及び負担金,市町村からのもの,市町村からのもの,7,2,1,"54,607,900",546,0.0546079
2021,分担金及び負担金,その他,その他,7,3,1,"7,675,887",77,0.007675887
2021,使用料,授業料,高等学校,8,1,1,"14,209,019",142,0.014209019
2021,使用料,授業料,幼稚園,8,1,2,0,0,0
2021,使用料,授業料,その他,8,1,3,"562,446",6,0.000562446
2021,使用料,発電水利使用料,発電水利使用料,8,2,1,"74,029",1,0.000074029
2021,使用料,公営住宅使用料,公営住宅使用料,8,3,1,"65,274,063",653,0.065274063
2021,使用料,その他,その他,8,4,1,"42,519,822",425,0.042519822
2021,手数料,法定受託事務に係るもの,法定受託事務に係るもの,9,1,1,"608,599",6,0.000608599
2021,手数料,自治事務に係るもの,自治事務に係るもの,9,2,1,"19,636,658",196,0.019636658
2021,国庫支出金,義務教育費負担金,義務教育費負担金,10,1,1,"122,837,514","1,228",0.122837514
2021,国庫支出金,生活保護費負担金,生活保護費負担金,10,2,1,"2,021,829",20,0.002021829
2021,国庫支出金,児童保護費等負担金,児童保護費等負担金,10,3,1,"14,464,502",145,0.014464502
2021,国庫支出金,障害者自立支援給付費等負担金,障害者自立支援給付費等負担金,10,4,1,"18,597,468",186,0.018597468
2021,国庫支出金,私立高等学校等経常費助成費補助金,私立高等学校等経常費助成費補助金,10,5,1,"18,405,570",184,0.01840557
2021,国庫支出金,児童手当等交付金,児童手当等交付金,10,6,1,0,0,0
2021,国庫支出金,公立高等学校授業料不徴収交付金,公立高等学校授業料不徴収交付金,10,7,1,0,0,0
2021,国庫支出金,高等学校等就学支援金交付金,公立分,10,8,1,"10,485,089",105,0.010485089
2021,国庫支出金,高等学校等就学支援金交付金,私立分,10,8,2,"21,078,016",211,0.021078016
2021,国庫支出金,普通建設事業費支出金,普通建設事業費支出金,10,9,1,"66,520,892",665,0.066520892
2021,国庫支出金,災害復旧事業費支出金,災害復旧事業費支出金,10,10,1,"1,327,726",13,0.001327726
2021,国庫支出金,失業対策事業費支出金,失業対策事業費支出金,10,11,1,0,0,0
2021,国庫支出金,委託金,普通建設事業,10,12,1,0,0,0
2021,国庫支出金,委託金,災害復旧事業,10,12,2,"18,894",0,0.000018894
2021,国庫支出金,委託金,その他,10,12,3,"14,342,736",143,0.014342736
2021,国庫支出金,財政補給金,財政補給金,10,13,1,0,0,0
2021,国庫支出金,電源立地地域対策交付金,電源立地地域対策交付金,10,14,1,"11,504",0,0.000011504
2021,国庫支出金,石油貯蔵施設立地対策等交付金,石油貯蔵施設立地対策等交付金,10,15,1,"10,167",0,0.000010167
2021,国庫支出金,社会資本整備総合交付金,社会資本整備総合交付金,10,16,1,"8,496,748",85,0.008496748
2021,国庫支出金,地方創生関係交付金,地方創生関係交付金,10,17,1,0,0,0
2021,国庫支出金,東日本大震災復興交付金,東日本大震災復興交付金,10,18,1,0,0,0
2021,国庫支出金,その他,その他,10,19,1,"79,103,466",791,0.079103466
2021,国庫支出金,子供のための金銭の給付交付金,子供のための金銭の給付交付金,10,20,1,0,0,0
2021,国庫支出金,地域の元気臨時交付金,地域の元気臨時交付金,10,21,1,0,0,0
2021,国庫支出金,地域自主戦略交付金,地域自主戦略交付金,10,22,1,0,0,0
2021,国庫支出金,新型コロナウイルス感染症対応地方創生臨時交付金,新型コロナウイルス感染症対応地方創生臨時交付金,10,23,1,"1,636,066,013","16,361",1.636066013
2021,国庫支出金,新型コロナウイルス感染症緊急包括支援交付金,新型コロナウイルス感染症緊急包括支援交付金,10,24,1,"341,459,320","3,415",0.34145932
2021,国庫支出金,その他新型コロナウイルス感染症対策関係交付金等,その他新型コロナウイルス感染症対策関係交付金等,10,25,1,"159,330,866","1,593",0.159330866
2021,国有提供施設等所在市町村助成交付金,国有提供施設等所在市町村助成交付金,国有提供施設等所在市町村助成交付金,11,1,1,"35,278",0,0.000035278
2021,財産収入,財産運用収入,財産運用収入,12,1,1,"22,072,639",221,0.022072639
2021,財産収入,財産売払収入,土地建物,12,2,1,"12,157,775",122,0.012157775
2021,財産収入,財産売払収入,立木竹,12,2,2,0,0,0
2021,財産収入,財産売払収入,その他,12,2,3,"5,646,761",56,0.005646761
2021,寄附金,市町村からのもの,市町村からのもの,13,1,1,0,0,0
2021,寄附金,その他,その他,13,2,1,"723,052",7,0.000723052
2021,寄附金,ふるさと納税,ふるさと納税,13,3,1,0,0,0
2021,寄附金,地方創生応援税制に係る寄附金,地方創生応援税制に係る寄附金,13,4,1,0,0,0
2021,繰入金,繰入金,繰入金,14,1,1,"284,814,413","2,848",0.284814413
2021,繰越金,純繰越金,純繰越金,15,1,1,"248,319,032","2,483",0.248319032
2021,繰越金,繰越事業費等充当財源繰越額,繰越事業費等充当財源繰越額,15,2,1,"196,790,564","1,968",0.196790564
2021,諸収入,延滞金加算金及び過料,延滞金加算金及び過料,16,1,1,"6,145,276",61,0.006145276
2021,諸収入,預金利子,預金利子,16,2,1,"12,883",0,0.000012883
2021,諸収入,公営企業貸付金元利収入,公営企業貸付金元利収入,16,3,1,0,0,0
2021,諸収入,貸付金元利収入,市町村からのもの,16,4,1,"114,825",1,0.000114825
2021,諸収入,貸付金元利収入,その他からのもの,16,5,1,"248,598,339","2,486",0.248598339
2021,諸収入,受託事業収入,同級他団体からのもの,16,5,2,"666,857",7,0.000666857
2021,諸収入,受託事業収入,市町村からのもの,16,5,3,"1,265,661",13,0.001265661
2021,諸収入,受託事業収入,民間からのもの,16,5,4,"266,585",3,0.000266585
2021,諸収入,収益事業収入,収益事業収入,16,6,1,"41,062,317",411,0.041062317
2021,諸収入,利子割清算金収入,利子割清算金収入,16,7,1,0,0,0
2021,諸収入,雑入,市町村からのもの,16,8,1,"9,452,007",95,0.009452007
2021,諸収入,雑入,その他からのもの,16,8,2,"133,428,268","1,334",0.133428268
2021,地方債,地方債,地方債,17,1,1,"248,476,212","2,485",0.248476212
2022,地方税,地方税,地方税,1,1,1,"6,186,895,771","61,869",6.186895771
2022,地方譲与税,地方揮発油譲与税,地方揮発油譲与税,2,1,1,"1,762,234",18,0.001762234
2022,地方譲与税,地方道路譲与税,地方道路譲与税,2,2,1,0,0,0
2022,地方譲与税,特別とん譲与税,特別とん譲与税,2,3,1,"233,799",2,0.000233799
2022,地方譲与税,石油ガス譲与税,石油ガス譲与税,2,4,1,"123,338",1,0.000123338
2022,地方譲与税,航空機燃料譲与税,航空機燃料譲与税,2,5,1,"101,469",1,0.000101469
2022,地方譲与税,地方法人特別譲与税,地方法人特別譲与税,2,6,1,,0,0
2022,地方譲与税,自動車重量譲与税,自動車重量譲与税,2,7,1,"1,041,809",10,0.001041809
2022,地方譲与税,森林環境譲与税,森林環境譲与税,2,8,1,"227,134",2,0.000227134
2022,地方譲与税,特別法人事業譲与税,特別法人事業譲与税,2,9,1,"60,298,461",603,0.060298461
2022,市町村たばこ税都道府県交付金,市町村たばこ税都道府県交付金,市町村たばこ税都道府県交付金,3,1,1,0,0,0
2022,地方特例交付金,地方特例交付金,地方特例交付金,4,1,1,0,0,0
2022,地方特例交付金,個人住民税減収補塡特例交付金,個人住民税減収補塡特例交付金,4,2,1,"7,726,364",77,0.007726364
2022,地方特例交付金,自動車税減収補塡特例交付金,自動車税減収補塡特例交付金,4,3,1,0,0,0
2022,地方特例交付金,新型コロナウイルス感染症対策地方税減収補塡特別交付金,新型コロナウイルス感染症対策地方税減収補塡特別交付金,4,4,1,"64,368",1,0.000064368
2022,地方交付税,普通交付税,普通交付税,5,1,1,0,0,0
2022,地方交付税,特別交付税,特別交付税,5,2,1,0,0,0
2022,地方交付税,震災復興特別交付税,震災復興特別交付税,5,3,1,0,0,0
2022,交通安全対策特別交付金,交通安全対策特別交付金,交通安全対策特別交付金,6,1,1,"2,700,289",27,0.002700289
2022,分担金及び負担金,同級他団体からのもの,同級他団体からのもの,7,1,1,"2,198,479",22,0.002198479
2022,分担金及び負担金,市町村からのもの,市町村からのもの,7,2,1,"50,862,619",509,0.050862619
2022,分担金及び負担金,その他,その他,7,3,1,"14,320,645",143,0.014320645
2022,使用料,授業料,高等学校,8,1,1,"13,911,377",139,0.013911377
2022,使用料,授業料,幼稚園,8,1,2,0,0,0
2022,使用料,授業料,その他,8,1,3,"549,291",5,0.000549291
2022,使用料,発電水利使用料,発電水利使用料,8,2,1,"74,091",1,0.000074091
2022,使用料,公営住宅使用料,公営住宅使用料,8,3,1,"64,499,463",645,0.064499463
2022,使用料,その他,その他,8,4,1,"43,943,382",439,0.043943382
2022,手数料,法定受託事務に係るもの,法定受託事務に係るもの,9,1,1,"1,117,990",11,0.00111799
2022,手数料,自治事務に係るもの,自治事務に係るもの,9,2,1,"19,722,209",197,0.019722209
2022,国庫支出金,義務教育費負担金,義務教育費負担金,10,1,1,"123,566,645","1,236",0.123566645
2022,国庫支出金,生活保護費負担金,生活保護費負担金,10,2,1,"1,947,148",19,0.001947148
2022,国庫支出金,児童保護費等負担金,児童保護費等負担金,10,3,1,"15,183,678",152,0.015183678
2022,国庫支出金,障害者自立支援給付費等負担金,障害者自立支援給付費等負担金,10,4,1,"19,313,774",193,0.019313774
2022,国庫支出金,私立高等学校等経常費助成費補助金,私立高等学校等経常費助成費補助金,10,5,1,"18,655,525",187,0.018655525
2022,国庫支出金,児童手当等交付金,児童手当等交付金,10,6,1,0,0,0
2022,国庫支出金,公立高等学校授業料不徴収交付金,公立高等学校授業料不徴収交付金,10,7,1,0,0,0
2022,国庫支出金,高等学校等就学支援金交付金,公立分,10,8,1,"10,107,626",101,0.010107626
2022,国庫支出金,高等学校等就学支援金交付金,私立分,10,8,2,"20,683,148",207,0.020683148
2022,国庫支出金,普通建設事業費支出金,普通建設事業費支出金,10,9,1,"58,812,134",588,0.058812134
2022,国庫支出金,災害復旧事業費支出金,災害復旧事業費支出金,10,10,1,"280,844",3,0.000280844
2022,国庫支出金,失業対策事業費支出金,失業対策事業費支出金,10,11,1,0,0,0
2022,国庫支出金,委託金,普通建設事業,10,12,1,"1,049,427",10,0.001049427
2022,国庫支出金,委託金,災害復旧事業,10,12,2,0,0,0
2022,国庫支出金,委託金,その他,10,12,3,"13,003,766",130,0.013003766
2022,国庫支出金,財政補給金,財政補給金,10,13,1,0,0,0
2022,国庫支出金,電源立地地域対策交付金,電源立地地域対策交付金,10,14,1,"11,749",0,0.000011749
2022,国庫支出金,石油貯蔵施設立地対策等交付金,石油貯蔵施設立地対策等交付金,10,15,1,"5,688",0,0.000005688
2022,国庫支出金,社会資本整備総合交付金,社会資本整備総合交付金,10,16,1,"10,871,281",109,0.010871281
2022,国庫支出金,地方創生関係交付金,地方創生関係交付金,10,17,1,0,0,0
2022,国庫支出金,東日本大震災復興交付金,東日本大震災復興交付金,10,18,1,0,0,0
2022,国庫支出金,その他,その他,10,19,1,"103,193,293","1,032",0.103193293
2022,国庫支出金,子供のための金銭の給付交付金,子供のための金銭の給付交付金,10,20,1,0,0,0
2022,国庫支出金,地域の元気臨時交付金,地域の元気臨時交付金,10,21,1,0,0,0
2022,国庫支出金,地域自主戦略交付金,地域自主戦略交付金,10,22,1,0,0,0
2022,国庫支出金,新型コロナウイルス感染症対応地方創生臨時交付金,新型コロナウイルス感染症対応地方創生臨時交付金,10,23,1,0,0,0
2022,国庫支出金,新型コロナウイルス感染症対応地方創生臨時交付金,物価高騰対応分,10,23,2,"50,404,248",504,0.050404248
2022,国庫支出金,新型コロナウイルス感染症対応地方創生臨時交付金,その他,10,23,3,"303,330,224","3,033",0.303330224
2022,国庫支出金,新型コロナウイルス感染症緊急包括支援交付金,新型コロナウイルス感染症緊急包括支援交付金,10,24,1,"446,360,927","4,464",0.446360927
2022,国庫支出金,その他新型コロナウイルス感染症対策関係交付金等,その他新型コロナウイルス感染症対策関係交付金等,10,25,1,"61,759,614",618,0.061759614
2022,国有提供施設等所在市町村助成交付金,国有提供施設等所在市町村助成交付金,国有提供施設等所在市町村助成交付金,11,1,1,"43,292",0,0.000043292
2022,財産収入,財産運用収入,財産運用収入,12,1,1,"25,307,007",253,0.025307007
2022,財産収入,財産売払収入,土地建物,12,2,1,"6,538,500",65,0.0065385
2022,財産収入,財産売払収入,立木竹,12,2,2,0,0,0
2022,財産収入,財産売払収入,その他,12,2,3,"4,596,431",46,0.004596431
2022,寄附金,市町村からのもの,市町村からのもの,13,1,1,0,0,0
2022,寄附金,その他,その他,13,2,1,"155,565",2,0.000155565
2022,寄附金,ふるさと納税,ふるさと納税,13,3,1,0,0,0
2022,寄附金,地方創生応援税制に係る寄附金,地方創生応援税制に係る寄附金,13,4,1,0,0,0
2022,繰入金,繰入金,繰入金,14,1,1,"778,058,370","7,781",0.77805837
2022,繰越金,純繰越金,純繰越金,15,1,1,"266,911,559","2,669",0.266911559
2022,繰越金,繰越事業費等充当財源繰越額,繰越事業費等充当財源繰越額,15,2,1,"282,613,799","2,826",0.282613799
2022,諸収入,延滞金加算金及び過料,延滞金加算金及び過料,16,1,1,"6,067,809",61,0.006067809
2022,諸収入,預金利子,預金利子,16,2,1,"20,236",0,0.000020236
2022,諸収入,公営企業貸付金元利収入,公営企業貸付金元利収入,16,3,1,0,0,0
2022,諸収入,貸付金元利収入,市町村からのもの,16,4,1,"114,825",1,0.000114825
2022,諸収入,貸付金元利収入,その他からのもの,16,5,1,"246,714,050","2,467",0.24671405
2022,諸収入,受託事業収入,同級他団体からのもの,16,5,2,"3,045,486",30,0.003045486
2022,諸収入,受託事業収入,市町村からのもの,16,5,3,"1,495,665",15,0.001495665
2022,諸収入,受託事業収入,民間からのもの,16,5,4,"243,328",2,0.000243328
2022,諸収入,収益事業収入,収益事業収入,16,6,1,"39,509,099",395,0.039509099
2022,諸収入,利子割清算金収入,利子割清算金収入,16,7,1,0,0,0
2022,諸収入,雑入,市町村からのもの,16,8,1,"13,088,389",131,0.013088389
2022,諸収入,雑入,その他からのもの,16,8,2,"110,912,233","1,109",0.110912233
2022,地方債,地方債,地方債,17,1,1,"238,694,530","2,387",0.23869453
2023,地方税,地方税,地方税,1,1,1,"6,345,075,503","63,451",6.345075503
2023,地方譲与税,地方揮発油譲与税,地方揮発油譲与税,2,1,1,"1,770,461",18,0.001770461
2023,地方譲与税,特別とん譲与税,特別とん譲与税,2,2,1,"254,426",3,0.000254426
2023,地方譲与税,石油ガス譲与税,石油ガス譲与税,2,3,1,"116,167",1,0.000116167
2023,地方譲与税,航空機燃料譲与税,航空機燃料譲与税,2,4,1,"131,802",1,0.000131802
2023,地方譲与税,自動車重量譲与税,自動車重量譲与税,2,5,1,"1,053,528",11,0.001053528
2023,地方譲与税,森林環境譲与税,森林環境譲与税,2,6,1,"227,134",2,0.000227134
2023,地方譲与税,特別法人事業譲与税,特別法人事業譲与税,2,7,1,"60,534,737",605,0.060534737
2023,市町村たばこ税都道府県交付金,市町村たばこ税都道府県交付金,市町村たばこ税都道府県交付金,3,1,1,0,0,0
2023,地方特例交付金,地方特例交付金,地方特例交付金,4,1,1,"6,958,278",70,0.006958278
2023,地方特例交付金,新型コロナウイルス感染症対策地方税減収補塡特別交付金,新型コロナウイルス感染症対策地方税減収補塡特別交付金,4,2,1,"121,100",1,0.0001211
2023,地方交付税,普通交付税,普通交付税,5,1,1,0,0,0
2023,地方交付税,特別交付税,特別交付税,5,2,1,0,0,0
2023,地方交付税,震災復興特別交付税,震災復興特別交付税,5,3,1,0,0,0
2023,交通安全対策特別交付金,交通安全対策特別交付金,交通安全対策特別交付金,6,1,1,"2,540,471",25,0.002540471
2023,分担金及び負担金,同級他団体からのもの,同級他団体からのもの,7,1,1,"464,749",5,0.000464749
2023,分担金及び負担金,市町村からのもの,市町村からのもの,7,2,1,"53,684,446",537,0.053684446
2023,分担金及び負担金,その他,その他,7,3,1,"11,246,411",112,0.011246411
2023,使用料,授業料,高等学校,8,1,1,"13,536,851",135,0.013536851
2023,使用料,授業料,幼稚園,8,1,2,0,0,0
2023,使用料,授業料,その他,8,1,3,"543,314",5,0.000543314
2023,使用料,発電水利使用料,発電水利使用料,8,2,1,"71,600",1,0.0000716
2023,使用料,公営住宅使用料,公営住宅使用料,8,3,1,"64,512,546",645,0.064512546
2023,使用料,その他,その他,8,4,1,"45,271,977",453,0.045271977
2023,手数料,法定受託事務に係るもの,法定受託事務に係るもの,9,1,1,"1,788,733",18,0.001788733
2023,手数料,自治事務に係るもの,自治事務に係るもの,9,2,1,"18,441,486",184,0.018441486
2023,国庫支出金,義務教育費負担金,義務教育費負担金,10,1,1,"130,296,818","1,303",0.130296818
2023,国庫支出金,生活保護費負担金,生活保護費負担金,10,2,1,"1,957,714",20,0.001957714
2023,国庫支出金,児童保護費等負担金,児童保護費等負担金,10,3,1,"15,006,158",150,0.015006158
2023,国庫支出金,障害者自立支援給付費等負担金,障害者自立支援給付費等負担金,10,4,1,"20,126,467",201,0.020126467
2023,国庫支出金,私立高等学校等経常費助成費補助金,私立高等学校等経常費助成費補助金,10,5,1,"18,806,855",188,0.018806855
2023,国庫支出金,児童手当等交付金,児童手当等交付金,10,6,1,0,0,0
2023,国庫支出金,公立高等学校授業料不徴収交付金,公立高等学校授業料不徴収交付金,10,7,1,0,0,0
2023,国庫支出金,高等学校等就学支援金交付金,公立分,10,8,1,"9,829,985",98,0.009829985
2023,国庫支出金,高等学校等就学支援金交付金,私立分,10,8,2,"19,546,845",195,0.019546845
2023,国庫支出金,普通建設事業費支出金,普通建設事業費支出金,10,9,1,"54,525,891",545,0.054525891
2023,国庫支出金,災害復旧事業費支出金,災害復旧事業費支出金,10,10,1,"214,338",2,0.000214338
2023,国庫支出金,失業対策事業費支出金,失業対策事業費支出金,10,11,1,0,0,0
2023,国庫支出金,委託金,普通建設事業,10,12,1,0,0,0
2023,国庫支出金,委託金,災害復旧事業,10,12,2,0,0,0
2023,国庫支出金,委託金,その他,10,12,3,"7,032,176",70,0.007032176
2023,国庫支出金,財政補給金,財政補給金,10,13,1,0,0,0
2023,国庫支出金,電源立地地域対策交付金,電源立地地域対策交付金,10,14,1,"11,811",0,0.000011811
2023,国庫支出金,石油貯蔵施設立地対策等交付金,石油貯蔵施設立地対策等交付金,10,15,1,"10,179",0,0.000010179
2023,国庫支出金,社会資本整備総合交付金,社会資本整備総合交付金,10,16,1,"8,839,979",88,0.008839979
2023,国庫支出金,デジタル田園都市国家構想交付金,デジタル田園都市国家構想交付金,10,17,1,"219,954",2,0.000219954
2023,国庫支出金,新型コロナウイルス感染症対応地方創生臨時交付金,物価高騰対応分,10,18,1,"75,332,795",753,0.075332795
2023,国庫支出金,新型コロナウイルス感染症対応地方創生臨時交付金,その他,10,18,2,"9,329,471",93,0.009329471
2023,国庫支出金,物価高騰対応重点支援地方創生臨時交付金,物価高騰対応重点支援地方創生臨時交付金,10,19,1,"78,894,142",789,0.078894142
2023,国庫支出金,新型コロナウイルス感染症緊急包括支援交付金,新型コロナウイルス感染症緊急包括支援交付金,10,20,1,"97,582,701",976,0.097582701
2023,国庫支出金,その他新型コロナウイルス感染症対策関係交付金等,その他新型コロナウイルス感染症対策関係交付金等,10,21,1,"2,892,766",29,0.002892766
2023,国庫支出金,その他,その他,10,22,1,"111,100,097","1,111",0.111100097
2023,国有提供施設等所在市町村助成交付金,国有提供施設等所在市町村助成交付金,国有提供施設等所在市町村助成交付金,11,1,1,"43,162",0,0.000043162
2023,財産収入,財産運用収入,財産運用収入,12,1,1,"28,640,977",286,0.028640977
2023,財産収入,財産売払収入,土地建物,12,2,1,"13,671,026",137,0.013671026
2023,財産収入,財産売払収入,立木竹,12,2,2,0,0,0
2023,財産収入,財産売払収入,その他,12,2,3,"88,835",1,0.000088835
2023,寄附金,市町村からのもの,市町村からのもの,13,1,1,0,0,0
2023,寄附金,その他,その他,13,2,1,"191,889",2,0.000191889
2023,寄附金,ふるさと納税,ふるさと納税,13,3,1,0,0,0
2023,寄附金,地方創生応援税制に係る寄附金,地方創生応援税制に係る寄附金,13,4,1,0,0,0
2023,繰入金,繰入金,繰入金,14,1,1,"210,928,050","2,109",0.21092805
2023,繰越金,純繰越金,純繰越金,15,1,1,"286,726,616","2,867",0.286726616
2023,繰越金,繰越事業費等充当財源繰越額,繰越事業費等充当財源繰越額,15,2,1,"280,004,720","2,800",0.28000472
2023,諸収入,延滞金加算金及び過料,延滞金加算金及び過料,16,1,1,"6,089,330",61,0.00608933
2023,諸収入,預金利子,預金利子,16,2,1,"26,702",0,0.000026702
2023,諸収入,公営企業貸付金元利収入,公営企業貸付金元利収入,16,3,1,0,0,0
2023,諸収入,貸付金元利収入,市町村からのもの,16,4,1,"114,826",1,0.000114826
2023,諸収入,貸付金元利収入,その他からのもの,16,5,1,"307,140,162","3,071",0.307140162
2023,諸収入,受託事業収入,同級他団体からのもの,16,5,2,"3,660,107",37,0.003660107
2023,諸収入,受託事業収入,市町村からのもの,16,5,3,"1,681,301",17,0.001681301
2023,諸収入,受託事業収入,民間からのもの,16,5,4,"203,861",2,0.000203861
2023,諸収入,収益事業収入,収益事業収入,16,6,1,"39,580,976",396,0.039580976
2023,諸収入,雑入,市町村からのもの,16,7,1,"9,267,528",93,0.009267528
2023,諸収入,雑入,その他からのもの,16,7,2,"191,508,184","1,915",0.191508184
2023,地方債,地方債,地方債,17,1,1,"229,255,512","2,293",0.229255512
2024,地方税,地方税,地方税,1,1,1,"6,884,829,311","68,848",6.884829311
2024,地方譲与税,地方揮発油譲与税,地方揮発油譲与税,2,1,1,"1,740,534",17,0.001740534
2024,地方譲与税,特別とん譲与税,特別とん譲与税,2,2,1,"238,347",2,0.000238347
2024,地方譲与税,石油ガス譲与税,石油ガス譲与税,2,3,1,"107,421",1,0.000107421
2024,地方譲与税,自動車重量譲与税,自動車重量譲与税,2,4,1,"1,049,316",10,0.001049316
2024,地方譲与税,航空機燃料譲与税,航空機燃料譲与税,2,5,1,"134,120",1,0.00013412
2024,地方譲与税,森林環境譲与税,森林環境譲与税,2,6,1,"204,496",2,0.000204496
2024,地方譲与税,特別法人事業譲与税,特別法人事業譲与税,2,7,1,"69,236,601",692,0.069236601
2024,市町村たばこ税都道府県交付金,市町村たばこ税都道府県交付金,市町村たばこ税都道府県交付金,3,1,1,0,0,0
2024,地方特例交付金,住宅借入金等特別税額控除減収補塡特例交付金,住宅借入金等特別税額控除減収補塡特例交付金,4,1,1,"6,444,297",64,0.006444297
2024,地方特例交付金,定額減税減収補塡特例交付金,定額減税減収補塡特例交付金,4,2,1,"42,595,710",426,0.04259571
2024,地方特例交付金,新型コロナウイルス感染症対策地方税減収補塡特別交付金,新型コロナウイルス感染症対策地方税減収補塡特別交付金,4,3,1,"98,813",1,0.000098813
2024,地方交付税,普通交付税,普通交付税,5,1,1,0,0,0
2024,地方交付税,特別交付税,特別交付税,5,2,1,0,0,0
2024,地方交付税,震災復興特別交付税,震災復興特別交付税,5,3,1,0,0,0
2024,交通安全対策特別交付金,交通安全対策特別交付金,交通安全対策特別交付金,6,1,1,"2,497,961",25,0.002497961
2024,分担金及び負担金,同級他団体からのもの,同級他団体からのもの,7,1,1,"925,004",9,0.000925004
2024,分担金及び負担金,市町村からのもの,市町村からのもの,7,2,1,"53,640,635",536,0.053640635
2024,分担金及び負担金,その他,その他,7,3,1,"12,979,086",130,0.012979086
2024,使用料,授業料,高等学校,8,1,1,"9,993,111",100,0.009993111
2024,使用料,授業料,幼稚園,8,1,2,0,0,0
2024,使用料,授業料,その他,8,1,3,"521,354",5,0.000521354
2024,使用料,発電水利使用料,発電水利使用料,8,2,1,"70,567",1,0.000070567
2024,使用料,公営住宅使用料,公営住宅使用料,8,3,1,"65,097,721",651,0.065097721
2024,使用料,その他,その他,8,4,1,"46,527,944",465,0.046527944
2024,手数料,法定受託事務に係るもの,法定受託事務に係るもの,9,1,1,"1,445,011",14,0.001445011
2024,手数料,自治事務に係るもの,自治事務に係るもの,9,2,1,"18,726,314",187,0.018726314
2024,国庫支出金,義務教育費負担金,義務教育費負担金,10,1,1,"135,896,204","1,359",0.135896204
2024,国庫支出金,生活保護費負担金,生活保護費負担金,10,2,1,"2,032,190",20,0.00203219
2024,国庫支出金,児童保護費等負担金,児童保護費等負担金,10,3,1,"17,520,884",175,0.017520884
2024,国庫支出金,障害者自立支援給付費等負担金,障害者自立支援給付費等負担金,10,4,1,"21,014,067",210,0.021014067
2024,国庫支出金,私立高等学校等経常費助成費補助金,私立高等学校等経常費助成費補助金,10,5,1,"19,190,364",192,0.019190364
2024,国庫支出金,児童手当等交付金,児童手当等交付金,10,6,1,0,0,0
2024,国庫支出金,公立高等学校授業料不徴収交付金,公立高等学校授業料不徴収交付金,10,7,1,0,0,0
2024,国庫支出金,高等学校等就学支援金交付金,公立分,10,8,1,"10,160,341",102,0.010160341
2024,国庫支出金,高等学校等就学支援金交付金,私立分,10,8,2,"19,082,257",191,0.019082257
2024,国庫支出金,普通建設事業費支出金,普通建設事業費支出金,10,9,1,"52,219,028",522,0.052219028
2024,国庫支出金,災害復旧事業費支出金,災害復旧事業費支出金,10,10,1,"39,142",0,0.000039142
2024,国庫支出金,失業対策事業費支出金,失業対策事業費支出金,10,11,1,0,0,0
2024,国庫支出金,委託金,普通建設事業,10,12,1,0,0,0
2024,国庫支出金,委託金,災害復旧事業,10,12,2,0,0,0
2024,国庫支出金,委託金,その他,10,12,3,"15,505,422",155,0.015505422
2024,国庫支出金,財政補給金,財政補給金,10,13,1,0,0,0
2024,国庫支出金,電源立地地域対策交付金,電源立地地域対策交付金,10,14,1,"11,621",0,0.000011621
2024,国庫支出金,石油貯蔵施設立地対策等交付金,石油貯蔵施設立地対策等交付金,10,15,1,"10,177",0,0.000010177
2024,国庫支出金,社会資本整備総合交付金,社会資本整備総合交付金,10,16,1,"9,943,254",99,0.009943254
2024,国庫支出金,デジタル田園都市国家構想交付金,デジタル田園都市国家構想交付金,10,17,1,"409,202",4,0.000409202
2024,国庫支出金,新しい地方経済・生活環境創生交付金,新しい地方経済・生活環境創生交付金,10,18,1,0,0,0
2024,国庫支出金,新型コロナウイルス感染症対応地方創生臨時交付金,物価高騰対応分,10,19,1,0,0,0
2024,国庫支出金,新型コロナウイルス感染症対応地方創生臨時交付金,その他,10,19,2,0,0,0
2024,国庫支出金,物価高騰対応重点支援地方創生臨時交付金,物価高騰対応重点支援地方創生臨時交付金,10,20,1,"136,295,759","1,363",0.136295759
2024,国庫支出金,新型コロナウイルス感染症緊急包括支援交付金,新型コロナウイルス感染症緊急包括支援交付金,10,21,1,"6,672,703",67,0.006672703
2024,国庫支出金,その他新型コロナウイルス感染症対策関係交付金等,その他新型コロナウイルス感染症対策関係交付金等,10,22,1,0,0,0
2024,国庫支出金,その他,その他,10,23,1,"115,987,426","1,160",0.115987426
2024,国有提供施設等所在市町村助成交付金,国有提供施設等所在市町村助成交付金,国有提供施設等所在市町村助成交付金,11,1,1,"43,548",0,0.000043548
2024,財産収入,財産運用収入,財産運用収入,12,1,1,"33,324,524",333,0.033324524
2024,財産収入,財産売払収入,土地建物,12,2,1,"9,332,473",93,0.009332473
2024,財産収入,財産売払収入,立木竹,12,2,2,0,0,0
2024,財産収入,財産売払収入,その他,12,2,3,"162,484,204","1,625",0.162484204
2024,寄附金,市町村からのもの,市町村からのもの,13,1,1,0,0,0
2024,寄附金,ふるさと納税,ふるさと納税,13,2,1,0,0,0
2024,寄附金,地方創生応援税制に係る寄附金,地方創生応援税制に係る寄附金,13,3,1,0,0,0
2024,寄附金,その他,その他,13,4,1,"63,688",1,0.000063688
2024,繰入金,繰入金,繰入金,14,1,1,"369,804,978","3,698",0.369804978
2024,繰越金,純繰越金,純繰越金,15,1,1,"285,659,720","2,857",0.28565972
2024,繰越金,繰越事業費等充当財源繰越額,繰越事業費等充当財源繰越額,15,2,1,"259,781,199","2,598",0.259781199
2024,諸収入,延滞金加算金及び過料,延滞金加算金及び過料,16,1,1,"6,416,250",64,0.00641625
2024,諸収入,預金利子,預金利子,16,2,1,"1,247,108",12,0.001247108
2024,諸収入,公営企業貸付金元利収入,公営企業貸付金元利収入,16,3,1,0,0,0
2024,諸収入,貸付金元利収入,市町村からのもの,16,4,1,"114,825",1,0.000114825
2024,諸収入,貸付金元利収入,その他からのもの,16,4,2,"262,400,821","2,624",0.262400821
2024,諸収入,受託事業収入,同級他団体からのもの,16,5,1,"1,102,532",11,0.001102532
2024,諸収入,受託事業収入,市町村からのもの,16,5,2,"1,723,788",17,0.001723788
2024,諸収入,受託事業収入,民間からのもの,16,5,3,"218,500",2,0.0002185
2024,諸収入,収益事業収入,収益事業収入,16,6,1,"36,256,762",363,0.036256762
2024,諸収入,雑入,市町村からのもの,16,7,1,"8,373,810",84,0.00837381
2024,諸収入,雑入,その他からのもの,16,7,2,"157,738,653","1,577",0.157738653
2024,地方債,地方債,地方債,17,1,1,"156,483,600","1,565",0.1564836
