年度,区分１,区分２,区分３,区分４,区分順序１,区分順序２,区分順序３,区分順序４,決算額（千円）,決算額（億円）
2005,普通税,法定普通税,住民税,個人均等割,1,1,1,1,"5,550,321",56
2005,普通税,法定普通税,住民税,所得割,1,1,1,2,"362,586,384","3,626"
2005,普通税,法定普通税,住民税,法人均等割,1,1,1,3,"76,509,728",765
2005,普通税,法定普通税,住民税,法人税割,1,1,1,4,"785,673,177","7,857"
2005,普通税,法定普通税,住民税,利子割,1,1,1,5,"41,346,428",413
2005,普通税,法定普通税,住民税,配当割,1,1,1,6,"14,107,958",141
2005,普通税,法定普通税,住民税,株式等譲渡所得割,1,1,1,7,"20,095,394",201
2005,普通税,法定普通税,事業税,個人分,1,1,2,1,"54,583,960",546
2005,普通税,法定普通税,事業税,法人分,1,1,2,2,"1,231,662,441","12,317"
2005,普通税,法定普通税,地方消費税,譲渡割,1,1,3,1,"720,618,166","7,206"
2005,普通税,法定普通税,地方消費税,貨物割,1,1,3,2,"50,729,253",507
2005,普通税,法定普通税,不動産取得税,不動産取得税,1,1,4,1,"94,861,417",949
2005,普通税,法定普通税,道府県たばこ税,道府県たばこ税,1,1,5,1,"32,818,596",328
2005,普通税,法定普通税,ゴルフ場利用税,ゴルフ場利用税,1,1,6,1,"830,317",8
2005,普通税,法定普通税,自動車取得税,自動車取得税,1,1,7,1,0,0
2005,普通税,法定普通税,軽油引取税,軽油引取税,1,1,8,1,0,0
2005,普通税,法定普通税,自動車税,自動車税,1,1,9,1,"122,517,940","1,225"
2005,普通税,法定普通税,自動車税,種別割,1,1,9,1,0,0
2005,普通税,法定普通税,自動車税,環境性能割,1,1,9,2,0,0
2005,普通税,法定普通税,固定資産税,純固定資産税,1,1,10,1,"1,009,251,592","10,093"
2005,普通税,法定普通税,固定資産税,交付金,1,1,10,2,"11,471,824",115
2005,普通税,法定普通税,特別土地保有税,特別土地保有税,1,1,11,1,"487,207",5
2005,普通税,法定普通税,その他の普通税,その他の普通税,1,1,12,1,"583,056",6
2005,普通税,法定外普通税,法定外普通税,法定外普通税,1,2,1,1,0,0
2005,目的税,法定目的税,自動車取得税,自動車取得税,2,1,1,1,"44,765,396",448
2005,目的税,法定目的税,軽油引取税,軽油引取税,2,1,2,1,"51,393,964",514
2005,目的税,法定目的税,事業所税,事業所税,2,1,3,1,"87,890,953",879
2005,目的税,法定目的税,都市計画税,都市計画税,2,1,4,1,"192,624,319","1,926"
2005,目的税,法定目的税,その他の目的税,その他の目的税,2,1,5,1,"7,991",0
2005,目的税,法定外目的税,法定外目的税,法定外目的税,2,2,1,1,"1,193,133",12
2005,旧法による税,特別地方消費税,特別地方消費税,特別地方消費税,3,1,1,1,"5,399",0
2005,旧法による税,自動車取得税,自動車取得税,自動車取得税（目的税分）,3,2,1,1,0,0
2005,旧法による税,自動車取得税,自動車取得税,自動車取得税（普通税分）,3,2,1,2,0,0
2005,旧法による税,軽油引取税,軽油引取税,軽油引取税,3,3,1,1,0,0
2005,旧法による税,その他,その他,その他,3,4,1,1,0,0
2006,普通税,法定普通税,住民税,個人均等割,1,1,1,1,"6,169,491",62
2006,普通税,法定普通税,住民税,所得割,1,1,1,2,"406,030,878","4,060"
2006,普通税,法定普通税,住民税,法人均等割,1,1,1,3,"77,748,056",777
2006,普通税,法定普通税,住民税,法人税割,1,1,1,4,"973,298,829","9,733"
2006,普通税,法定普通税,住民税,利子割,1,1,1,5,"47,791,087",478
2006,普通税,法定普通税,住民税,配当割,1,1,1,6,"19,258,431",193
2006,普通税,法定普通税,住民税,株式等譲渡所得割,1,1,1,7,"17,079,053",171
2006,普通税,法定普通税,事業税,個人分,1,1,2,1,"55,108,620",551
2006,普通税,法定普通税,事業税,法人分,1,1,2,2,"1,341,711,490","13,417"
2006,普通税,法定普通税,地方消費税,譲渡割,1,1,3,1,"687,399,795","6,874"
2006,普通税,法定普通税,地方消費税,貨物割,1,1,3,2,"55,394,552",554
2006,普通税,法定普通税,不動産取得税,不動産取得税,1,1,4,1,"96,845,885",968
2006,普通税,法定普通税,道府県たばこ税,道府県たばこ税,1,1,5,1,"33,545,669",335
2006,普通税,法定普通税,ゴルフ場利用税,ゴルフ場利用税,1,1,6,1,"785,391",8
2006,普通税,法定普通税,自動車取得税,自動車取得税,1,1,7,1,0,0
2006,普通税,法定普通税,軽油引取税,軽油引取税,1,1,8,1,0,0
2006,普通税,法定普通税,自動車税,自動車税,1,1,9,1,"121,342,020","1,213"
2006,普通税,法定普通税,自動車税,種別割,1,1,9,1,0,0
2006,普通税,法定普通税,自動車税,環境性能割,1,1,9,2,0,0
2006,普通税,法定普通税,固定資産税,純固定資産税,1,1,10,1,"989,089,197","9,891"
2006,普通税,法定普通税,固定資産税,交付金,1,1,10,2,"11,775,032",118
2006,普通税,法定普通税,特別土地保有税,特別土地保有税,1,1,11,1,"87,521",1
2006,普通税,法定普通税,その他の普通税,その他の普通税,1,1,12,1,"18,944",0
2006,普通税,法定外普通税,法定外普通税,法定外普通税,1,2,1,1,0,0
2006,目的税,法定目的税,自動車取得税,自動車取得税,2,1,1,1,"45,597,408",456
2006,目的税,法定目的税,軽油引取税,軽油引取税,2,1,2,1,"49,157,500",492
2006,目的税,法定目的税,事業所税,事業所税,2,1,3,1,"89,077,535",891
2006,目的税,法定目的税,都市計画税,都市計画税,2,1,4,1,"188,003,940","1,880"
2006,目的税,法定目的税,その他の目的税,その他の目的税,2,1,5,1,"7,744",0
2006,目的税,法定外目的税,法定外目的税,法定外目的税,2,2,1,1,"1,290,801",13
2006,旧法による税,特別地方消費税,特別地方消費税,特別地方消費税,3,1,1,1,"1,305",0
2006,旧法による税,自動車取得税,自動車取得税,自動車取得税（目的税分）,3,2,1,1,0,0
2006,旧法による税,自動車取得税,自動車取得税,自動車取得税（普通税分）,3,2,1,2,0,0
2006,旧法による税,軽油引取税,軽油引取税,軽油引取税,3,3,1,1,0,0
2006,旧法による税,その他,その他,その他,3,4,1,1,0,0
2007,普通税,法定普通税,住民税,個人均等割,1,1,1,1,"6,347,107",63
2007,普通税,法定普通税,住民税,所得割,1,1,1,2,"733,152,976","7,332"
2007,普通税,法定普通税,住民税,法人均等割,1,1,1,3,"79,682,280",797
2007,普通税,法定普通税,住民税,法人税割,1,1,1,4,"1,086,603,145","10,866"
2007,普通税,法定普通税,住民税,利子割,1,1,1,5,"63,178,232",632
2007,普通税,法定普通税,住民税,配当割,1,1,1,6,"22,436,348",224
2007,普通税,法定普通税,住民税,株式等譲渡所得割,1,1,1,7,"16,095,461",161
2007,普通税,法定普通税,事業税,個人分,1,1,2,1,"56,570,034",566
2007,普通税,法定普通税,事業税,法人分,1,1,2,2,"1,449,966,625","14,500"
2007,普通税,法定普通税,地方消費税,譲渡割,1,1,3,1,"639,606,012","6,396"
2007,普通税,法定普通税,地方消費税,貨物割,1,1,3,2,"49,730,275",497
2007,普通税,法定普通税,不動産取得税,不動産取得税,1,1,4,1,"96,222,606",962
2007,普通税,法定普通税,道府県たばこ税,道府県たばこ税,1,1,5,1,"33,194,702",332
2007,普通税,法定普通税,ゴルフ場利用税,ゴルフ場利用税,1,1,6,1,"768,867",8
2007,普通税,法定普通税,自動車取得税,自動車取得税,1,1,7,1,0,0
2007,普通税,法定普通税,軽油引取税,軽油引取税,1,1,8,1,0,0
2007,普通税,法定普通税,自動車税,自動車税,1,1,9,1,"121,031,901","1,210"
2007,普通税,法定普通税,自動車税,種別割,1,1,9,1,0,0
2007,普通税,法定普通税,自動車税,環境性能割,1,1,9,2,0,0
2007,普通税,法定普通税,固定資産税,純固定資産税,1,1,10,1,"1,007,455,098","10,075"
2007,普通税,法定普通税,固定資産税,交付金,1,1,10,2,"11,040,220",110
2007,普通税,法定普通税,特別土地保有税,特別土地保有税,1,1,11,1,"23,674",0
2007,普通税,法定普通税,その他の普通税,その他の普通税,1,1,12,1,"560,467",6
2007,普通税,法定外普通税,法定外普通税,法定外普通税,1,2,1,1,0,0
2007,目的税,法定目的税,自動車取得税,自動車取得税,2,1,1,1,"42,437,180",424
2007,目的税,法定目的税,軽油引取税,軽油引取税,2,1,2,1,"47,584,844",476
2007,目的税,法定目的税,事業所税,事業所税,2,1,3,1,"92,914,985",929
2007,目的税,法定目的税,都市計画税,都市計画税,2,1,4,1,"191,935,899","1,919"
2007,目的税,法定目的税,その他の目的税,その他の目的税,2,1,5,1,"7,446",0
2007,目的税,法定外目的税,法定外目的税,法定外目的税,2,2,1,1,"1,409,881",14
2007,旧法による税,特別地方消費税,特別地方消費税,特別地方消費税,3,1,1,1,"3,493",0
2007,旧法による税,自動車取得税,自動車取得税,自動車取得税（目的税分）,3,2,1,1,0,0
2007,旧法による税,自動車取得税,自動車取得税,自動車取得税（普通税分）,3,2,1,2,0,0
2007,旧法による税,軽油引取税,軽油引取税,軽油引取税,3,3,1,1,0,0
2007,旧法による税,その他,その他,その他,3,4,1,1,0,0
2008,普通税,法定普通税,住民税,個人均等割,1,1,1,1,"6,604,887",66
2008,普通税,法定普通税,住民税,所得割,1,1,1,2,"794,795,942","7,948"
2008,普通税,法定普通税,住民税,法人均等割,1,1,1,3,"79,371,291",794
2008,普通税,法定普通税,住民税,法人税割,1,1,1,4,"988,643,768","9,886"
2008,普通税,法定普通税,住民税,利子割,1,1,1,5,"57,108,797",571
2008,普通税,法定普通税,住民税,配当割,1,1,1,6,"10,822,158",108
2008,普通税,法定普通税,住民税,株式等譲渡所得割,1,1,1,7,"3,884,277",39
2008,普通税,法定普通税,事業税,個人分,1,1,2,1,"57,430,979",574
2008,普通税,法定普通税,事業税,法人分,1,1,2,2,"1,313,156,671","13,132"
2008,普通税,法定普通税,地方消費税,譲渡割,1,1,3,1,"576,932,150","5,769"
2008,普通税,法定普通税,地方消費税,貨物割,1,1,3,2,"63,524,976",635
2008,普通税,法定普通税,不動産取得税,不動産取得税,1,1,4,1,"82,186,522",822
2008,普通税,法定普通税,道府県たばこ税,道府県たばこ税,1,1,5,1,"31,201,368",312
2008,普通税,法定普通税,ゴルフ場利用税,ゴルフ場利用税,1,1,6,1,"760,045",8
2008,普通税,法定普通税,自動車取得税,自動車取得税,1,1,7,1,0,0
2008,普通税,法定普通税,軽油引取税,軽油引取税,1,1,8,1,0,0
2008,普通税,法定普通税,自動車税,自動車税,1,1,9,1,"118,564,945","1,186"
2008,普通税,法定普通税,自動車税,種別割,1,1,9,1,0,0
2008,普通税,法定普通税,自動車税,環境性能割,1,1,9,2,0,0
2008,普通税,法定普通税,固定資産税,純固定資産税,1,1,10,1,"1,024,628,966","10,246"
2008,普通税,法定普通税,固定資産税,交付金,1,1,10,2,"9,174,939",92
2008,普通税,法定普通税,特別土地保有税,特別土地保有税,1,1,11,1,"29,913",0
2008,普通税,法定普通税,その他の普通税,その他の普通税,1,1,12,1,"559,031",6
2008,普通税,法定外普通税,法定外普通税,法定外普通税,1,2,1,1,0,0
2008,目的税,法定目的税,自動車取得税,自動車取得税,2,1,1,1,"34,948,689",349
2008,目的税,法定目的税,軽油引取税,軽油引取税,2,1,2,1,"43,456,002",435
2008,目的税,法定目的税,事業所税,事業所税,2,1,3,1,"95,984,708",960
2008,目的税,法定目的税,都市計画税,都市計画税,2,1,4,1,"195,264,986","1,953"
2008,目的税,法定目的税,その他の目的税,その他の目的税,2,1,5,1,"6,981",0
2008,目的税,法定外目的税,法定外目的税,法定外目的税,2,2,1,1,"1,315,726",13
2008,旧法による税,特別地方消費税,特別地方消費税,特別地方消費税,3,1,1,1,0,0
2008,旧法による税,自動車取得税,自動車取得税,自動車取得税（目的税分）,3,2,1,1,0,0
2008,旧法による税,自動車取得税,自動車取得税,自動車取得税（普通税分）,3,2,1,2,0,0
2008,旧法による税,軽油引取税,軽油引取税,軽油引取税,3,3,1,1,0,0
2008,旧法による税,その他,その他,その他,3,4,1,1,0,0
2009,普通税,法定普通税,住民税,個人均等割,1,1,1,1,"6,724,410",67
2009,普通税,法定普通税,住民税,所得割,1,1,1,2,"789,069,206","7,891"
2009,普通税,法定普通税,住民税,法人均等割,1,1,1,3,"77,509,247",775
2009,普通税,法定普通税,住民税,法人税割,1,1,1,4,"592,605,680","5,926"
2009,普通税,法定普通税,住民税,利子割,1,1,1,5,"45,684,139",457
2009,普通税,法定普通税,住民税,配当割,1,1,1,6,"8,962,608",90
2009,普通税,法定普通税,住民税,株式等譲渡所得割,1,1,1,7,"3,830,671",38
2009,普通税,法定普通税,事業税,個人分,1,1,2,1,"55,883,658",559
2009,普通税,法定普通税,事業税,法人分,1,1,2,2,"682,206,339","6,822"
2009,普通税,法定普通税,地方消費税,譲渡割,1,1,3,1,"664,666,697","6,647"
2009,普通税,法定普通税,地方消費税,貨物割,1,1,3,2,"54,901,818",549
2009,普通税,法定普通税,不動産取得税,不動産取得税,1,1,4,1,"77,779,810",778
2009,普通税,法定普通税,道府県たばこ税,道府県たばこ税,1,1,5,1,"29,328,926",293
2009,普通税,法定普通税,ゴルフ場利用税,ゴルフ場利用税,1,1,6,1,"711,935",7
2009,普通税,法定普通税,自動車取得税,自動車取得税,1,1,7,1,"23,174,307",232
2009,普通税,法定普通税,軽油引取税,軽油引取税,1,1,8,1,"38,989,111",390
2009,普通税,法定普通税,自動車税,自動車税,1,1,9,1,"116,149,180","1,161"
2009,普通税,法定普通税,自動車税,種別割,1,1,9,1,0,0
2009,普通税,法定普通税,自動車税,環境性能割,1,1,9,2,0,0
2009,普通税,法定普通税,固定資産税,純固定資産税,1,1,10,1,"1,069,467,002","10,695"
2009,普通税,法定普通税,固定資産税,交付金,1,1,10,2,"9,194,243",92
2009,普通税,法定普通税,特別土地保有税,特別土地保有税,1,1,11,1,"7,645",0
2009,普通税,法定普通税,その他の普通税,その他の普通税,1,1,12,1,"529,573",5
2009,普通税,法定外普通税,法定外普通税,法定外普通税,1,2,1,1,0,0
2009,目的税,法定目的税,自動車取得税,自動車取得税,2,1,1,1,0,0
2009,目的税,法定目的税,軽油引取税,軽油引取税,2,1,2,1,0,0
2009,目的税,法定目的税,事業所税,事業所税,2,1,3,1,"96,164,004",962
2009,目的税,法定目的税,都市計画税,都市計画税,2,1,4,1,"204,738,266","2,047"
2009,目的税,法定目的税,その他の目的税,その他の目的税,2,1,5,1,"6,557",0
2009,目的税,法定外目的税,法定外目的税,法定外目的税,2,2,1,1,"1,010,184",10
2009,旧法による税,特別地方消費税,特別地方消費税,特別地方消費税,3,1,1,1,0,0
2009,旧法による税,自動車取得税,自動車取得税,自動車取得税（目的税分）,3,2,1,1,"3,045",0
2009,旧法による税,自動車取得税,自動車取得税,自動車取得税（普通税分）,3,2,1,2,0,0
2009,旧法による税,軽油引取税,軽油引取税,軽油引取税,3,3,1,1,"5,320,776",53
2009,旧法による税,その他,その他,その他,3,4,1,1,0,0
2010,普通税,法定普通税,住民税,個人均等割,1,1,1,1,"6,679,889",67
2010,普通税,法定普通税,住民税,所得割,1,1,1,2,"732,740,287","7,327"
2010,普通税,法定普通税,住民税,法人均等割,1,1,1,3,"79,219,306",792
2010,普通税,法定普通税,住民税,法人税割,1,1,1,4,"607,807,447","6,078"
2010,普通税,法定普通税,住民税,利子割,1,1,1,5,"41,678,144",417
2010,普通税,法定普通税,住民税,配当割,1,1,1,6,"11,303,336",113
2010,普通税,法定普通税,住民税,株式等譲渡所得割,1,1,1,7,"3,454,100",35
2010,普通税,法定普通税,事業税,個人分,1,1,2,1,"51,625,025",516
2010,普通税,法定普通税,事業税,法人分,1,1,2,2,"559,006,637","5,590"
2010,普通税,法定普通税,地方消費税,譲渡割,1,1,3,1,"751,180,423","7,512"
2010,普通税,法定普通税,地方消費税,貨物割,1,1,3,2,"61,203,984",612
2010,普通税,法定普通税,不動産取得税,不動産取得税,1,1,4,1,"74,884,071",749
2010,普通税,法定普通税,道府県たばこ税,道府県たばこ税,1,1,5,1,"30,245,782",302
2010,普通税,法定普通税,ゴルフ場利用税,ゴルフ場利用税,1,1,6,1,"673,035",7
2010,普通税,法定普通税,自動車取得税,自動車取得税,1,1,7,1,"19,434,220",194
2010,普通税,法定普通税,軽油引取税,軽油引取税,1,1,8,1,"43,930,064",439
2010,普通税,法定普通税,自動車税,自動車税,1,1,9,1,"113,101,184","1,131"
2010,普通税,法定普通税,自動車税,種別割,1,1,9,1,0,0
2010,普通税,法定普通税,自動車税,環境性能割,1,1,9,2,0,0
2010,普通税,法定普通税,固定資産税,純固定資産税,1,1,10,1,"1,103,152,603","11,032"
2010,普通税,法定普通税,固定資産税,交付金,1,1,10,2,"9,434,151",94
2010,普通税,法定普通税,特別土地保有税,特別土地保有税,1,1,11,1,"6,165",0
2010,普通税,法定普通税,その他の普通税,その他の普通税,1,1,12,1,"2,599",0
2010,普通税,法定外普通税,法定外普通税,法定外普通税,1,2,1,1,0,0
2010,目的税,法定目的税,自動車取得税,自動車取得税,2,1,1,1,0,0
2010,目的税,法定目的税,軽油引取税,軽油引取税,2,1,2,1,0,0
2010,目的税,法定目的税,事業所税,事業所税,2,1,3,1,"94,353,689",944
2010,目的税,法定目的税,都市計画税,都市計画税,2,1,4,1,"213,650,393","2,137"
2010,目的税,法定目的税,その他の目的税,その他の目的税,2,1,5,1,"5,894",0
2010,目的税,法定外目的税,法定外目的税,法定外目的税,2,2,1,1,"1,037,356",10
2010,旧法による税,特別地方消費税,特別地方消費税,特別地方消費税,3,1,1,1,0,0
2010,旧法による税,自動車取得税,自動車取得税,自動車取得税（目的税分）,3,2,1,1,"1,301",0
2010,旧法による税,自動車取得税,自動車取得税,自動車取得税（普通税分）,3,2,1,2,0,0
2010,旧法による税,軽油引取税,軽油引取税,軽油引取税,3,3,1,1,"20,575",0
2010,旧法による税,その他,その他,その他,3,4,1,1,0,0
2011,普通税,法定普通税,住民税,個人均等割,1,1,1,1,"6,669,201",67
2011,普通税,法定普通税,住民税,所得割,1,1,1,2,"724,375,941","7,244"
2011,普通税,法定普通税,住民税,法人均等割,1,1,1,3,"79,343,083",793
2011,普通税,法定普通税,住民税,法人税割,1,1,1,4,"617,367,726","6,174"
2011,普通税,法定普通税,住民税,利子割,1,1,1,5,"37,515,325",375
2011,普通税,法定普通税,住民税,配当割,1,1,1,6,"12,565,918",126
2011,普通税,法定普通税,住民税,株式等譲渡所得割,1,1,1,7,"2,754,569",28
2011,普通税,法定普通税,事業税,個人分,1,1,2,1,"49,853,929",499
2011,普通税,法定普通税,事業税,法人分,1,1,2,2,"537,159,882","5,372"
2011,普通税,法定普通税,地方消費税,譲渡割,1,1,3,1,"693,682,056","6,937"
2011,普通税,法定普通税,地方消費税,貨物割,1,1,3,2,"65,486,448",655
2011,普通税,法定普通税,不動産取得税,不動産取得税,1,1,4,1,"71,431,163",714
2011,普通税,法定普通税,道府県たばこ税,道府県たばこ税,1,1,5,1,"34,526,283",345
2011,普通税,法定普通税,ゴルフ場利用税,ゴルフ場利用税,1,1,6,1,"628,083",6
2011,普通税,法定普通税,自動車取得税,自動車取得税,1,1,7,1,"16,994,449",170
2011,普通税,法定普通税,軽油引取税,軽油引取税,1,1,8,1,"42,670,368",427
2011,普通税,法定普通税,自動車税,自動車税,1,1,9,1,"111,448,640","1,114"
2011,普通税,法定普通税,自動車税,種別割,1,1,9,1,0,0
2011,普通税,法定普通税,自動車税,環境性能割,1,1,9,2,0,0
2011,普通税,法定普通税,固定資産税,純固定資産税,1,1,10,1,"1,126,154,906","11,262"
2011,普通税,法定普通税,固定資産税,交付金,1,1,10,2,"9,477,062",95
2011,普通税,法定普通税,特別土地保有税,特別土地保有税,1,1,11,1,"12,921",0
2011,普通税,法定普通税,その他の普通税,その他の普通税,1,1,12,1,"2,509",0
2011,普通税,法定外普通税,法定外普通税,法定外普通税,1,2,1,1,0,0
2011,目的税,法定目的税,自動車取得税,自動車取得税,2,1,1,1,0,0
2011,目的税,法定目的税,軽油引取税,軽油引取税,2,1,2,1,0,0
2011,目的税,法定目的税,事業所税,事業所税,2,1,3,1,"94,343,260",943
2011,目的税,法定目的税,都市計画税,都市計画税,2,1,4,1,"219,648,840","2,196"
2011,目的税,法定目的税,その他の目的税,その他の目的税,2,1,5,1,"5,432",0
2011,目的税,法定外目的税,法定外目的税,法定外目的税,2,2,1,1,"819,768",8
2011,旧法による税,特別地方消費税,特別地方消費税,特別地方消費税,3,1,1,1,0,0
2011,旧法による税,自動車取得税,自動車取得税,自動車取得税（目的税分）,3,2,1,1,154,0
2011,旧法による税,自動車取得税,自動車取得税,自動車取得税（普通税分）,3,2,1,2,0,0
2011,旧法による税,軽油引取税,軽油引取税,軽油引取税,3,3,1,1,"30,401",0
2011,旧法による税,その他,その他,その他,3,4,1,1,0,0
2012,普通税,法定普通税,住民税,個人均等割,1,1,1,1,"6,723,880",67
2012,普通税,法定普通税,住民税,所得割,1,1,1,2,"741,677,723","7,417"
2012,普通税,法定普通税,住民税,法人均等割,1,1,1,3,"79,365,998",794
2012,普通税,法定普通税,住民税,法人税割,1,1,1,4,"696,387,729","6,964"
2012,普通税,法定普通税,住民税,利子割,1,1,1,5,"37,691,700",377
2012,普通税,法定普通税,住民税,配当割,1,1,1,6,"13,616,236",136
2012,普通税,法定普通税,住民税,株式等譲渡所得割,1,1,1,7,"3,467,422",35
2012,普通税,法定普通税,事業税,個人分,1,1,2,1,"47,953,857",480
2012,普通税,法定普通税,事業税,法人分,1,1,2,2,"570,608,593","5,706"
2012,普通税,法定普通税,地方消費税,譲渡割,1,1,3,1,"676,799,773","6,768"
2012,普通税,法定普通税,地方消費税,貨物割,1,1,3,2,"73,821,679",738
2012,普通税,法定普通税,不動産取得税,不動産取得税,1,1,4,1,"66,960,078",670
2012,普通税,法定普通税,道府県たばこ税,道府県たばこ税,1,1,5,1,"33,791,922",338
2012,普通税,法定普通税,ゴルフ場利用税,ゴルフ場利用税,1,1,6,1,"629,823",6
2012,普通税,法定普通税,自動車取得税,自動車取得税,1,1,7,1,"20,227,162",202
2012,普通税,法定普通税,軽油引取税,軽油引取税,1,1,8,1,"41,183,810",412
2012,普通税,法定普通税,自動車税,自動車税,1,1,9,1,"109,952,576","1,100"
2012,普通税,法定普通税,自動車税,種別割,1,1,9,1,0,0
2012,普通税,法定普通税,自動車税,環境性能割,1,1,9,2,0,0
2012,普通税,法定普通税,固定資産税,純固定資産税,1,1,10,1,"1,102,278,051","11,023"
2012,普通税,法定普通税,固定資産税,交付金,1,1,10,2,"10,793,410",108
2012,普通税,法定普通税,特別土地保有税,特別土地保有税,1,1,11,1,"191,089",2
2012,普通税,法定普通税,その他の普通税,その他の普通税,1,1,12,1,"2,202",0
2012,普通税,法定外普通税,法定外普通税,法定外普通税,1,2,1,1,0,0
2012,目的税,法定目的税,自動車取得税,自動車取得税,2,1,1,1,0,0
2012,目的税,法定目的税,軽油引取税,軽油引取税,2,1,2,1,0,0
2012,目的税,法定目的税,事業所税,事業所税,2,1,3,1,"95,613,727",956
2012,目的税,法定目的税,都市計画税,都市計画税,2,1,4,1,"215,023,464","2,150"
2012,目的税,法定目的税,その他の目的税,その他の目的税,2,1,5,1,"5,226",0
2012,目的税,法定外目的税,法定外目的税,法定外目的税,2,2,1,1,"1,069,847",11
2012,旧法による税,特別地方消費税,特別地方消費税,特別地方消費税,3,1,1,1,0,0
2012,旧法による税,自動車取得税,自動車取得税,自動車取得税（目的税分）,3,2,1,1,98,0
2012,旧法による税,自動車取得税,自動車取得税,自動車取得税（普通税分）,3,2,1,2,0,0
2012,旧法による税,軽油引取税,軽油引取税,軽油引取税,3,3,1,1,423,0
2012,旧法による税,その他,その他,その他,3,4,1,1,0,0
2013,普通税,法定普通税,住民税,個人均等割,1,1,1,1,"6,816,562",68
2013,普通税,法定普通税,住民税,所得割,1,1,1,2,"753,909,550","7,539"
2013,普通税,法定普通税,住民税,法人均等割,1,1,1,3,"80,753,129",808
2013,普通税,法定普通税,住民税,法人税割,1,1,1,4,"761,033,830","7,610"
2013,普通税,法定普通税,住民税,利子割,1,1,1,5,"42,171,109",422
2013,普通税,法定普通税,住民税,配当割,1,1,1,6,"23,294,310",233
2013,普通税,法定普通税,住民税,株式等譲渡所得割,1,1,1,7,"40,197,265",402
2013,普通税,法定普通税,事業税,個人分,1,1,2,1,"48,012,739",480
2013,普通税,法定普通税,事業税,法人分,1,1,2,2,"681,227,930","6,812"
2013,普通税,法定普通税,地方消費税,譲渡割,1,1,3,1,"672,265,531","6,723"
2013,普通税,法定普通税,地方消費税,貨物割,1,1,3,2,"97,936,562",979
2013,普通税,法定普通税,不動産取得税,不動産取得税,1,1,4,1,"73,711,333",737
2013,普通税,法定普通税,道府県たばこ税,道府県たばこ税,1,1,5,1,"20,087,928",201
2013,普通税,法定普通税,ゴルフ場利用税,ゴルフ場利用税,1,1,6,1,"622,045",6
2013,普通税,法定普通税,自動車取得税,自動車取得税,1,1,7,1,"18,968,877",190
2013,普通税,法定普通税,軽油引取税,軽油引取税,1,1,8,1,"41,961,811",420
2013,普通税,法定普通税,自動車税,自動車税,1,1,9,1,"108,650,729","1,087"
2013,普通税,法定普通税,自動車税,種別割,1,1,9,1,0,0
2013,普通税,法定普通税,自動車税,環境性能割,1,1,9,2,0,0
2013,普通税,法定普通税,固定資産税,純固定資産税,1,1,10,1,"1,113,813,859","11,138"
2013,普通税,法定普通税,固定資産税,交付金,1,1,10,2,"11,568,609",116
2013,普通税,法定普通税,特別土地保有税,特別土地保有税,1,1,11,1,"19,331",0
2013,普通税,法定普通税,その他の普通税,その他の普通税,1,1,12,1,"2,174",0
2013,普通税,法定外普通税,法定外普通税,法定外普通税,1,2,1,1,0,0
2013,目的税,法定目的税,自動車取得税,自動車取得税,2,1,1,1,0,0
2013,目的税,法定目的税,軽油引取税,軽油引取税,2,1,2,1,0,0
2013,目的税,法定目的税,事業所税,事業所税,2,1,3,1,"96,589,783",966
2013,目的税,法定目的税,都市計画税,都市計画税,2,1,4,1,"217,384,676","2,174"
2013,目的税,法定目的税,その他の目的税,その他の目的税,2,1,5,1,"4,895",0
2013,目的税,法定外目的税,法定外目的税,法定外目的税,2,2,1,1,"1,314,769",13
2013,旧法による税,特別地方消費税,特別地方消費税,特別地方消費税,3,1,1,1,0,0
2013,旧法による税,自動車取得税,自動車取得税,自動車取得税（目的税分）,3,2,1,1,72,0
2013,旧法による税,自動車取得税,自動車取得税,自動車取得税（普通税分）,3,2,1,2,0,0
2013,旧法による税,軽油引取税,軽油引取税,軽油引取税,3,3,1,1,0,0
2013,旧法による税,その他,その他,その他,3,4,1,1,0,0
2014,普通税,法定普通税,住民税,個人均等割,1,1,1,1,"9,931,880",99
2014,普通税,法定普通税,住民税,所得割,1,1,1,2,"782,377,754","7,824"
2014,普通税,法定普通税,住民税,法人均等割,1,1,1,3,"80,773,720",808
2014,普通税,法定普通税,住民税,法人税割,1,1,1,4,"834,773,959","8,348"
2014,普通税,法定普通税,住民税,利子割,1,1,1,5,"43,977,244",440
2014,普通税,法定普通税,住民税,配当割,1,1,1,6,"43,535,565",435
2014,普通税,法定普通税,住民税,株式等譲渡所得割,1,1,1,7,"26,588,458",266
2014,普通税,法定普通税,事業税,個人分,1,1,2,1,"48,340,265",483
2014,普通税,法定普通税,事業税,法人分,1,1,2,2,"728,698,626","7,287"
2014,普通税,法定普通税,地方消費税,譲渡割,1,1,3,1,"689,267,965","6,893"
2014,普通税,法定普通税,地方消費税,貨物割,1,1,3,2,"152,325,732","1,523"
2014,普通税,法定普通税,不動産取得税,不動産取得税,1,1,4,1,"76,631,466",766
2014,普通税,法定普通税,道府県たばこ税,道府県たばこ税,1,1,5,1,"18,134,154",181
2014,普通税,法定普通税,ゴルフ場利用税,ゴルフ場利用税,1,1,6,1,"626,385",6
2014,普通税,法定普通税,自動車取得税,自動車取得税,1,1,7,1,"9,177,874",92
2014,普通税,法定普通税,軽油引取税,軽油引取税,1,1,8,1,"41,165,739",412
2014,普通税,法定普通税,自動車税,自動車税,1,1,9,1,"106,787,188","1,068"
2014,普通税,法定普通税,自動車税,種別割,1,1,9,1,0,0
2014,普通税,法定普通税,自動車税,環境性能割,1,1,9,2,0,0
2014,普通税,法定普通税,固定資産税,純固定資産税,1,1,10,1,"1,133,438,850","11,334"
2014,普通税,法定普通税,固定資産税,交付金,1,1,10,2,"11,232,344",112
2014,普通税,法定普通税,特別土地保有税,特別土地保有税,1,1,11,1,"6,860",0
2014,普通税,法定普通税,その他の普通税,その他の普通税,1,1,12,1,"2,180",0
2014,普通税,法定外普通税,法定外普通税,法定外普通税,1,2,1,1,0,0
2014,目的税,法定目的税,自動車取得税,自動車取得税,2,1,1,1,0,0
2014,目的税,法定目的税,軽油引取税,軽油引取税,2,1,2,1,0,0
2014,目的税,法定目的税,事業所税,事業所税,2,1,3,1,"98,415,189",984
2014,目的税,法定目的税,都市計画税,都市計画税,2,1,4,1,"220,998,959","2,210"
2014,目的税,法定目的税,その他の目的税,その他の目的税,2,1,5,1,"4,794",0
2014,目的税,法定外目的税,法定外目的税,法定外目的税,2,2,1,1,"1,624,006",16
2014,旧法による税,特別地方消費税,特別地方消費税,特別地方消費税,3,1,1,1,0,0
2014,旧法による税,自動車取得税,自動車取得税,自動車取得税（目的税分）,3,2,1,1,0,0
2014,旧法による税,自動車取得税,自動車取得税,自動車取得税（普通税分）,3,2,1,2,0,0
2014,旧法による税,軽油引取税,軽油引取税,軽油引取税,3,3,1,1,0,0
2014,旧法による税,その他,その他,その他,3,4,1,1,0,0
2015,普通税,法定普通税,住民税,個人均等割,1,1,1,1,"10,445,207",104
2015,普通税,法定普通税,住民税,所得割,1,1,1,2,"800,307,131","8,003"
2015,普通税,法定普通税,住民税,法人均等割,1,1,1,3,"81,530,985",815
2015,普通税,法定普通税,住民税,法人税割,1,1,1,4,"789,228,692","7,892"
2015,普通税,法定普通税,住民税,利子割,1,1,1,5,"36,334,220",363
2015,普通税,法定普通税,住民税,配当割,1,1,1,6,"35,772,693",358
2015,普通税,法定普通税,住民税,株式等譲渡所得割,1,1,1,7,"35,415,588",354
2015,普通税,法定普通税,事業税,個人分,1,1,2,1,"49,153,048",492
2015,普通税,法定普通税,事業税,法人分,1,1,2,2,"892,771,223","8,928"
2015,普通税,法定普通税,地方消費税,譲渡割,1,1,3,1,"1,324,953,251","13,250"
2015,普通税,法定普通税,地方消費税,貨物割,1,1,3,2,"169,120,284","1,691"
2015,普通税,法定普通税,不動産取得税,不動産取得税,1,1,4,1,"77,659,796",777
2015,普通税,法定普通税,道府県たばこ税,道府県たばこ税,1,1,5,1,"17,858,637",179
2015,普通税,法定普通税,ゴルフ場利用税,ゴルフ場利用税,1,1,6,1,"644,149",6
2015,普通税,法定普通税,自動車取得税,自動車取得税,1,1,7,1,"13,835,851",138
2015,普通税,法定普通税,軽油引取税,軽油引取税,1,1,8,1,"40,869,332",409
2015,普通税,法定普通税,自動車税,自動車税,1,1,9,1,"105,602,723","1,056"
2015,普通税,法定普通税,自動車税,種別割,1,1,9,1,0,0
2015,普通税,法定普通税,自動車税,環境性能割,1,1,9,2,0,0
2015,普通税,法定普通税,固定資産税,純固定資産税,1,1,10,1,"1,157,091,154","11,571"
2015,普通税,法定普通税,固定資産税,交付金,1,1,10,2,"10,181,525",102
2015,普通税,法定普通税,特別土地保有税,特別土地保有税,1,1,11,1,559,0
2015,普通税,法定普通税,その他の普通税,その他の普通税,1,1,12,1,"2,180",0
2015,普通税,法定外普通税,法定外普通税,法定外普通税,1,2,1,1,0,0
2015,目的税,法定目的税,自動車取得税,自動車取得税,2,1,1,1,0,0
2015,目的税,法定目的税,軽油引取税,軽油引取税,2,1,2,1,0,0
2015,目的税,法定目的税,事業所税,事業所税,2,1,3,1,"100,889,149","1,009"
2015,目的税,法定目的税,都市計画税,都市計画税,2,1,4,1,"225,471,311","2,255"
2015,目的税,法定目的税,その他の目的税,その他の目的税,2,1,5,1,"3,936",0
2015,目的税,法定外目的税,法定外目的税,法定外目的税,2,2,1,1,"2,076,462",21
2015,旧法による税,特別地方消費税,特別地方消費税,特別地方消費税,3,1,1,1,0,0
2015,旧法による税,自動車取得税,自動車取得税,自動車取得税（目的税分）,3,2,1,1,51,0
2015,旧法による税,自動車取得税,自動車取得税,自動車取得税（普通税分）,3,2,1,2,0,0
2015,旧法による税,軽油引取税,軽油引取税,軽油引取税,3,3,1,1,0,0
2015,旧法による税,その他,その他,その他,3,4,1,1,0,0
2016,普通税,法定普通税,住民税,個人均等割,1,1,1,1,"10,690,574",107
2016,普通税,法定普通税,住民税,所得割,1,1,1,2,"825,072,569","8,251"
2016,普通税,法定普通税,住民税,法人均等割,1,1,1,3,"84,810,578",848
2016,普通税,法定普通税,住民税,法人税割,1,1,1,4,"764,167,846","7,642"
2016,普通税,法定普通税,住民税,利子割,1,1,1,5,"8,122,874",81
2016,普通税,法定普通税,住民税,配当割,1,1,1,6,"27,178,041",272
2016,普通税,法定普通税,住民税,株式等譲渡所得割,1,1,1,7,"15,817,708",158
2016,普通税,法定普通税,事業税,個人分,1,1,2,1,"50,259,215",503
2016,普通税,法定普通税,事業税,法人分,1,1,2,2,"1,043,653,870","10,437"
2016,普通税,法定普通税,地方消費税,譲渡割,1,1,3,1,"1,280,500,000","12,805"
2016,普通税,法定普通税,地方消費税,貨物割,1,1,3,2,"158,348,686","1,583"
2016,普通税,法定普通税,不動産取得税,不動産取得税,1,1,4,1,"81,656,106",817
2016,普通税,法定普通税,道府県たばこ税,道府県たばこ税,1,1,5,1,"17,243,970",172
2016,普通税,法定普通税,ゴルフ場利用税,ゴルフ場利用税,1,1,6,1,"652,332",7
2016,普通税,法定普通税,自動車取得税,自動車取得税,1,1,7,1,"14,347,887",143
2016,普通税,法定普通税,軽油引取税,軽油引取税,1,1,8,1,"40,773,818",408
2016,普通税,法定普通税,自動車税,自動車税,1,1,9,1,"104,648,409","1,046"
2016,普通税,法定普通税,自動車税,種別割,1,1,9,1,0,0
2016,普通税,法定普通税,自動車税,環境性能割,1,1,9,2,0,0
2016,普通税,法定普通税,固定資産税,純固定資産税,1,1,10,1,"1,171,005,343","11,710"
2016,普通税,法定普通税,固定資産税,交付金,1,1,10,2,"10,119,628",101
2016,普通税,法定普通税,特別土地保有税,特別土地保有税,1,1,11,1,0,0
2016,普通税,法定普通税,その他の普通税,その他の普通税,1,1,12,1,"2,119",0
2016,普通税,法定外普通税,法定外普通税,法定外普通税,1,2,1,1,0,0
2016,目的税,法定目的税,自動車取得税,自動車取得税,2,1,1,1,0,0
2016,目的税,法定目的税,軽油引取税,軽油引取税,2,1,2,1,0,0
2016,目的税,法定目的税,事業所税,事業所税,2,1,3,1,"102,586,704","1,026"
2016,目的税,法定目的税,都市計画税,都市計画税,2,1,4,1,"228,328,778","2,283"
2016,目的税,法定目的税,その他の目的税,その他の目的税,2,1,5,1,"4,126",0
2016,目的税,法定外目的税,法定外目的税,法定外目的税,2,2,1,1,"2,216,766",22
2016,旧法による税,特別地方消費税,特別地方消費税,特別地方消費税,3,1,1,1,0,0
2016,旧法による税,自動車取得税,自動車取得税,自動車取得税（目的税分）,3,2,1,1,0,0
2016,旧法による税,自動車取得税,自動車取得税,自動車取得税（普通税分）,3,2,1,2,0,0
2016,旧法による税,軽油引取税,軽油引取税,軽油引取税,3,3,1,1,0,0
2016,旧法による税,その他,その他,その他,3,4,1,1,0,0
2017,普通税,法定普通税,住民税,個人均等割,1,1,1,1,"10,889,407",109
2017,普通税,法定普通税,住民税,所得割,1,1,1,2,"836,676,938","8,367"
2017,普通税,法定普通税,住民税,法人均等割,1,1,1,3,"86,066,205",861
2017,普通税,法定普通税,住民税,法人税割,1,1,1,4,"755,237,416","7,552"
2017,普通税,法定普通税,住民税,利子割,1,1,1,5,"9,083,483",91
2017,普通税,法定普通税,住民税,配当割,1,1,1,6,"36,718,663",367
2017,普通税,法定普通税,住民税,株式等譲渡所得割,1,1,1,7,"36,966,997",370
2017,普通税,法定普通税,事業税,個人分,1,1,2,1,"51,414,883",514
2017,普通税,法定普通税,事業税,法人分,1,1,2,2,"1,009,548,449","10,095"
2017,普通税,法定普通税,地方消費税,譲渡割,1,1,3,1,"1,270,890,981","12,709"
2017,普通税,法定普通税,地方消費税,貨物割,1,1,3,2,"175,136,706","1,751"
2017,普通税,法定普通税,不動産取得税,不動産取得税,1,1,4,1,"82,895,618",829
2017,普通税,法定普通税,道府県たばこ税,道府県たばこ税,1,1,5,1,"16,381,511",164
2017,普通税,法定普通税,ゴルフ場利用税,ゴルフ場利用税,1,1,6,1,"631,582",6
2017,普通税,法定普通税,自動車取得税,自動車取得税,1,1,7,1,"17,317,708",173
2017,普通税,法定普通税,軽油引取税,軽油引取税,1,1,8,1,"40,773,940",408
2017,普通税,法定普通税,自動車税,自動車税,1,1,9,1,"104,604,230","1,046"
2017,普通税,法定普通税,自動車税,種別割,1,1,9,1,0,0
2017,普通税,法定普通税,自動車税,環境性能割,1,1,9,2,0,0
2017,普通税,法定普通税,固定資産税,純固定資産税,1,1,10,1,"1,183,108,090","11,831"
2017,普通税,法定普通税,固定資産税,交付金,1,1,10,2,"9,780,264",98
2017,普通税,法定普通税,特別土地保有税,特別土地保有税,1,1,11,1,0,0
2017,普通税,法定普通税,その他の普通税,その他の普通税,1,1,12,1,"2,119",0
2017,普通税,法定外普通税,法定外普通税,法定外普通税,1,2,1,1,0,0
2017,目的税,法定目的税,自動車取得税,自動車取得税,2,1,1,1,0,0
2017,目的税,法定目的税,軽油引取税,軽油引取税,2,1,2,1,0,0
2017,目的税,法定目的税,事業所税,事業所税,2,1,3,1,"104,731,064","1,047"
2017,目的税,法定目的税,都市計画税,都市計画税,2,1,4,1,"230,453,430","2,305"
2017,目的税,法定目的税,その他の目的税,その他の目的税,2,1,5,1,"4,006",0
2017,目的税,法定外目的税,法定外目的税,法定外目的税,2,2,1,1,"2,360,596",24
2017,旧法による税,特別地方消費税,特別地方消費税,特別地方消費税,3,1,1,1,0,0
2017,旧法による税,自動車取得税,自動車取得税,自動車取得税（目的税分）,3,2,1,1,0,0
2017,旧法による税,自動車取得税,自動車取得税,自動車取得税（普通税分）,3,2,1,2,0,0
2017,旧法による税,軽油引取税,軽油引取税,軽油引取税,3,3,1,1,0,0
2017,旧法による税,その他,その他,その他,3,4,1,1,0,0
2018,普通税,法定普通税,住民税,個人均等割,1,1,1,1,"11,154,288",112
2018,普通税,法定普通税,住民税,所得割,1,1,1,2,"860,840,074","8,608"
2018,普通税,法定普通税,住民税,法人均等割,1,1,1,3,"87,742,631",877
2018,普通税,法定普通税,住民税,法人税割,1,1,1,4,"866,250,089","8,663"
2018,普通税,法定普通税,住民税,利子割,1,1,1,5,"9,618,679",96
2018,普通税,法定普通税,住民税,配当割,1,1,1,6,"31,841,226",318
2018,普通税,法定普通税,住民税,株式等譲渡所得割,1,1,1,7,"25,950,037",260
2018,普通税,法定普通税,事業税,個人分,1,1,2,1,"52,821,393",528
2018,普通税,法定普通税,事業税,法人分,1,1,2,2,"1,090,658,300","10,907"
2018,普通税,法定普通税,地方消費税,譲渡割,1,1,3,1,"1,313,449,243","13,134"
2018,普通税,法定普通税,地方消費税,貨物割,1,1,3,2,"172,903,834","1,729"
2018,普通税,法定普通税,不動産取得税,不動産取得税,1,1,4,1,"83,782,473",838
2018,普通税,法定普通税,道府県たばこ税,道府県たばこ税,1,1,5,1,"16,217,082",162
2018,普通税,法定普通税,ゴルフ場利用税,ゴルフ場利用税,1,1,6,1,"632,476",6
2018,普通税,法定普通税,自動車取得税,自動車取得税,1,1,7,1,"18,131,311",181
2018,普通税,法定普通税,軽油引取税,軽油引取税,1,1,8,1,"40,112,606",401
2018,普通税,法定普通税,自動車税,自動車税,1,1,9,1,"104,907,817","1,049"
2018,普通税,法定普通税,自動車税,種別割,1,1,9,1,0,0
2018,普通税,法定普通税,自動車税,環境性能割,1,1,9,2,0,0
2018,普通税,法定普通税,固定資産税,純固定資産税,1,1,10,1,"1,233,022,003","12,330"
2018,普通税,法定普通税,固定資産税,交付金,1,1,10,2,"9,722,135",97
2018,普通税,法定普通税,特別土地保有税,特別土地保有税,1,1,11,1,0,0
2018,普通税,法定普通税,その他の普通税,その他の普通税,1,1,12,1,"2,119",0
2018,普通税,法定外普通税,法定外普通税,法定外普通税,1,2,1,1,0,0
2018,目的税,法定目的税,自動車取得税,自動車取得税,2,1,1,1,0,0
2018,目的税,法定目的税,軽油引取税,軽油引取税,2,1,2,1,0,0
2018,目的税,法定目的税,事業所税,事業所税,2,1,3,1,"107,479,508","1,075"
2018,目的税,法定目的税,都市計画税,都市計画税,2,1,4,1,"240,528,475","2,405"
2018,目的税,法定目的税,その他の目的税,その他の目的税,2,1,5,1,"4,178",0
2018,目的税,法定外目的税,法定外目的税,法定外目的税,2,2,1,1,"2,667,238",27
2018,旧法による税,特別地方消費税,特別地方消費税,特別地方消費税,3,1,1,1,0,0
2018,旧法による税,自動車取得税,自動車取得税,自動車取得税（目的税分）,3,2,1,1,0,0
2018,旧法による税,自動車取得税,自動車取得税,自動車取得税（普通税分）,3,2,1,2,0,0
2018,旧法による税,軽油引取税,軽油引取税,軽油引取税,3,3,1,1,0,0
2018,旧法による税,その他,その他,その他,3,4,1,1,0,0
2019,普通税,法定普通税,住民税,個人均等割,1,1,1,1,"11,352,660",114
2019,普通税,法定普通税,住民税,所得割,1,1,1,2,"889,402,313","8,894"
2019,普通税,法定普通税,住民税,法人均等割,1,1,1,3,"88,981,264",890
2019,普通税,法定普通税,住民税,法人税割,1,1,1,4,"883,598,358","8,836"
2019,普通税,法定普通税,住民税,利子割,1,1,1,5,"7,002,190",70
2019,普通税,法定普通税,住民税,配当割,1,1,1,6,"35,883,513",359
2019,普通税,法定普通税,住民税,株式等譲渡所得割,1,1,1,7,"22,214,223",222
2019,普通税,法定普通税,事業税,個人分,1,1,2,1,"53,691,469",537
2019,普通税,法定普通税,事業税,法人分,1,1,2,2,"1,207,510,389","12,075"
2019,普通税,法定普通税,地方消費税,譲渡割,1,1,3,1,"1,285,821,927","12,858"
2019,普通税,法定普通税,地方消費税,貨物割,1,1,3,2,"193,069,612","1,931"
2019,普通税,法定普通税,不動産取得税,不動産取得税,1,1,4,1,"82,432,601",824
2019,普通税,法定普通税,道府県たばこ税,道府県たばこ税,1,1,5,1,"16,195,870",162
2019,普通税,法定普通税,ゴルフ場利用税,ゴルフ場利用税,1,1,6,1,"630,455",6
2019,普通税,法定普通税,自動車取得税,自動車取得税,1,1,7,1,"9,265,957",93
2019,普通税,法定普通税,軽油引取税,軽油引取税,1,1,8,1,"39,250,620",393
2019,普通税,法定普通税,自動車税,自動車税,1,1,9,1,"102,536,511","1,025"
2019,普通税,法定普通税,自動車税,種別割,1,1,9,1,"906,431",9
2019,普通税,法定普通税,自動車税,環境性能割,1,1,9,2,"4,786,488",48
2019,普通税,法定普通税,固定資産税,純固定資産税,1,1,10,1,"1,275,016,795","12,750"
2019,普通税,法定普通税,固定資産税,交付金,1,1,10,2,"10,223,169",102
2019,普通税,法定普通税,特別土地保有税,特別土地保有税,1,1,11,1,0,0
2019,普通税,法定普通税,その他の普通税,その他の普通税,1,1,12,1,"2,119",0
2019,普通税,法定外普通税,法定外普通税,法定外普通税,1,2,1,1,0,0
2019,目的税,法定目的税,自動車取得税,自動車取得税,2,1,1,1,0,0
2019,目的税,法定目的税,軽油引取税,軽油引取税,2,1,2,1,0,0
2019,目的税,法定目的税,事業所税,事業所税,2,1,3,1,"110,920,868","1,109"
2019,目的税,法定目的税,都市計画税,都市計画税,2,1,4,1,"248,697,258","2,487"
2019,目的税,法定目的税,その他の目的税,その他の目的税,2,1,5,1,"4,146",0
2019,目的税,法定外目的税,法定外目的税,法定外目的税,2,2,1,1,"2,707,789",27
2019,旧法による税,特別地方消費税,特別地方消費税,特別地方消費税,3,1,1,1,0,0
2019,旧法による税,自動車取得税,自動車取得税,自動車取得税（目的税分）,3,2,1,1,0,0
2019,旧法による税,自動車取得税,自動車取得税,自動車取得税（普通税分）,3,2,1,2,0,0
2019,旧法による税,軽油引取税,軽油引取税,軽油引取税,3,3,1,1,0,0
2019,旧法による税,その他,その他,その他,3,4,1,1,0,0
2020,普通税,法定普通税,住民税,個人均等割,1,1,1,1,"11,588,677",116
2020,普通税,法定普通税,住民税,所得割,1,1,1,2,"907,086,897","9,071"
2020,普通税,法定普通税,住民税,法人均等割,1,1,1,3,"88,643,554",886
2020,普通税,法定普通税,住民税,法人税割,1,1,1,4,"562,999,049","5,630"
2020,普通税,法定普通税,住民税,利子割,1,1,1,5,"6,896,640",69
2020,普通税,法定普通税,住民税,配当割,1,1,1,6,"33,476,564",335
2020,普通税,法定普通税,住民税,株式等譲渡所得割,1,1,1,7,"39,093,761",391
2020,普通税,法定普通税,事業税,個人分,1,1,2,1,"54,629,204",546
2020,普通税,法定普通税,事業税,法人分,1,1,2,2,"1,100,208,982","11,002"
2020,普通税,法定普通税,地方消費税,譲渡割,1,1,3,1,"1,473,088,432","14,731"
2020,普通税,法定普通税,地方消費税,貨物割,1,1,3,2,"217,231,761","2,172"
2020,普通税,法定普通税,不動産取得税,不動産取得税,1,1,4,1,"72,895,037",729
2020,普通税,法定普通税,道府県たばこ税,道府県たばこ税,1,1,5,1,"14,922,878",149
2020,普通税,法定普通税,ゴルフ場利用税,ゴルフ場利用税,1,1,6,1,"549,867",5
2020,普通税,法定普通税,自動車取得税,自動車取得税,1,1,7,1,0,0
2020,普通税,法定普通税,軽油引取税,軽油引取税,1,1,8,1,"35,377,627",354
2020,普通税,法定普通税,自動車税,自動車税,1,1,9,1,0,0
2020,普通税,法定普通税,自動車税,種別割,1,1,9,1,"101,663,436","1,017"
2020,普通税,法定普通税,自動車税,環境性能割,1,1,9,2,"9,109,234",91
2020,普通税,法定普通税,固定資産税,純固定資産税,1,1,10,1,"1,293,259,367","12,933"
2020,普通税,法定普通税,固定資産税,交付金,1,1,10,2,"10,374,320",104
2020,普通税,法定普通税,特別土地保有税,特別土地保有税,1,1,11,1,0,0
2020,普通税,法定普通税,その他の普通税,その他の普通税,1,1,12,1,"2,119",0
2020,普通税,法定外普通税,法定外普通税,法定外普通税,1,2,1,1,0,0
2020,目的税,法定目的税,自動車取得税,自動車取得税,2,1,1,1,0,0
2020,目的税,法定目的税,軽油引取税,軽油引取税,2,1,2,1,0,0
2020,目的税,法定目的税,事業所税,事業所税,2,1,3,1,"110,421,130","1,104"
2020,目的税,法定目的税,都市計画税,都市計画税,2,1,4,1,"252,076,575","2,521"
2020,目的税,法定目的税,その他の目的税,その他の目的税,2,1,5,1,"4,038",0
2020,目的税,法定外目的税,法定外目的税,法定外目的税,2,2,1,1,"89,208",1
2020,旧法による税,特別地方消費税,特別地方消費税,特別地方消費税,3,1,1,1,0,0
2020,旧法による税,自動車取得税,自動車取得税,自動車取得税（目的税分）,3,2,1,1,0,0
2020,旧法による税,自動車取得税,自動車取得税,自動車取得税（普通税分）,3,2,1,2,732,0
2020,旧法による税,軽油引取税,軽油引取税,軽油引取税,3,3,1,1,0,0
2020,旧法による税,その他,その他,その他,3,4,1,1,0,0
2021,普通税,法定普通税,住民税,個人均等割,1,1,1,1,"11,609,505",116
2021,普通税,法定普通税,住民税,所得割,1,1,1,2,"906,934,790","9,069"
2021,普通税,法定普通税,住民税,法人均等割,1,1,1,3,"92,704,652",927
2021,普通税,法定普通税,住民税,法人税割,1,1,1,4,"701,582,145","7,016"
2021,普通税,法定普通税,住民税,利子割,1,1,1,5,"6,421,144",64
2021,普通税,法定普通税,住民税,配当割,1,1,1,6,"46,633,077",466
2021,普通税,法定普通税,住民税,株式等譲渡所得割,1,1,1,7,"57,110,243",571
2021,普通税,法定普通税,事業税,個人分,1,1,2,1,"56,582,963",566
2021,普通税,法定普通税,事業税,法人分,1,1,2,2,"1,324,937,350","13,249"
2021,普通税,法定普通税,地方消費税,譲渡割,1,1,3,1,"1,716,270,860","17,163"
2021,普通税,法定普通税,地方消費税,貨物割,1,1,3,2,"266,694,452","2,667"
2021,普通税,法定普通税,不動産取得税,不動産取得税,1,1,4,1,"84,695,345",847
2021,普通税,法定普通税,道府県たばこ税,道府県たばこ税,1,1,5,1,"16,021,767",160
2021,普通税,法定普通税,ゴルフ場利用税,ゴルフ場利用税,1,1,6,1,"638,563",6
2021,普通税,法定普通税,自動車取得税,自動車取得税,1,1,7,1,0,0
2021,普通税,法定普通税,軽油引取税,軽油引取税,1,1,8,1,"36,156,764",362
2021,普通税,法定普通税,自動車税,自動車税,1,1,9,1,0,0
2021,普通税,法定普通税,自動車税,種別割,1,1,9,1,"100,894,364","1,009"
2021,普通税,法定普通税,自動車税,環境性能割,1,1,9,2,"9,871,926",99
2021,普通税,法定普通税,固定資産税,純固定資産税,1,1,10,1,"1,308,480,351","13,085"
2021,普通税,法定普通税,固定資産税,交付金,1,1,10,2,"10,530,181",105
2021,普通税,法定普通税,特別土地保有税,特別土地保有税,1,1,11,1,0,0
2021,普通税,法定普通税,その他の普通税,その他の普通税,1,1,12,1,"2,119",0
2021,普通税,法定外普通税,法定外普通税,法定外普通税,1,2,1,1,0,0
2021,目的税,法定目的税,自動車取得税,自動車取得税,2,1,1,1,0,0
2021,目的税,法定目的税,軽油引取税,軽油引取税,2,1,2,1,0,0
2021,目的税,法定目的税,事業所税,事業所税,2,1,3,1,"115,523,566","1,155"
2021,目的税,法定目的税,都市計画税,都市計画税,2,1,4,1,"254,430,851","2,544"
2021,目的税,法定目的税,その他の目的税,その他の目的税,2,1,5,1,"4,115",0
2021,目的税,法定外目的税,法定外目的税,法定外目的税,2,2,1,1,"251,494",3
2021,旧法による税,特別地方消費税,特別地方消費税,特別地方消費税,3,1,1,1,0,0
2021,旧法による税,自動車取得税,自動車取得税,自動車取得税（目的税分）,3,2,1,1,0,0
2021,旧法による税,自動車取得税,自動車取得税,自動車取得税（普通税分）,3,2,1,2,55,0
2021,旧法による税,軽油引取税,軽油引取税,軽油引取税,3,3,1,1,0,0
2021,旧法による税,その他,その他,その他,3,4,1,1,0,0
2022,普通税,法定普通税,住民税,個人均等割,1,1,1,1,"11,632,216",116
2022,普通税,法定普通税,住民税,所得割,1,1,1,2,"947,598,784","9,476"
2022,普通税,法定普通税,住民税,法人均等割,1,1,1,3,"95,453,040",955
2022,普通税,法定普通税,住民税,法人税割,1,1,1,4,"696,792,805","6,968"
2022,普通税,法定普通税,住民税,利子割,1,1,1,5,"8,884,035",89
2022,普通税,法定普通税,住民税,配当割,1,1,1,6,"45,786,534",458
2022,普通税,法定普通税,住民税,株式等譲渡所得割,1,1,1,7,"35,183,274",352
2022,普通税,法定普通税,事業税,個人分,1,1,2,1,"68,181,304",682
2022,普通税,法定普通税,事業税,法人分,1,1,2,2,"1,476,794,773","14,768"
2022,普通税,法定普通税,地方消費税,譲渡割,1,1,3,1,"1,640,337,282","16,403"
2022,普通税,法定普通税,地方消費税,貨物割,1,1,3,2,"272,140,681","2,721"
2022,普通税,法定普通税,不動産取得税,不動産取得税,1,1,4,1,"92,255,408",923
2022,普通税,法定普通税,道府県たばこ税,道府県たばこ税,1,1,5,1,"17,023,087",170
2022,普通税,法定普通税,ゴルフ場利用税,ゴルフ場利用税,1,1,6,1,"663,036",7
2022,普通税,法定普通税,自動車取得税,自動車取得税,1,1,7,1,0,0
2022,普通税,法定普通税,軽油引取税,軽油引取税,1,1,8,1,"36,734,916",367
2022,普通税,法定普通税,自動車税,自動車税,1,1,9,1,0,0
2022,普通税,法定普通税,自動車税,種別割,1,1,9,1,"101,415,997","1,014"
2022,普通税,法定普通税,自動車税,環境性能割,1,1,9,2,"13,482,407",135
2022,普通税,法定普通税,固定資産税,純固定資産税,1,1,10,1,"1,370,796,093","13,708"
2022,普通税,法定普通税,固定資産税,交付金,1,1,10,2,"12,329,400",123
2022,普通税,法定普通税,特別土地保有税,特別土地保有税,1,1,11,1,0,0
2022,普通税,法定普通税,その他の普通税,その他の普通税,1,1,12,1,"2,119",0
2022,普通税,法定外普通税,法定外普通税,法定外普通税,1,2,1,1,0,0
2022,目的税,法定目的税,自動車取得税,自動車取得税,2,1,1,1,0,0
2022,目的税,法定目的税,軽油引取税,軽油引取税,2,1,2,1,0,0
2022,目的税,法定目的税,事業所税,事業所税,2,1,3,1,"116,426,623","1,164"
2022,目的税,法定目的税,都市計画税,都市計画税,2,1,4,1,"267,057,546","2,671"
2022,目的税,法定目的税,その他の目的税,その他の目的税,2,1,5,1,"4,254",0
2022,目的税,法定外目的税,法定外目的税,法定外目的税,2,2,1,1,"1,583,128",16
2022,旧法による税,特別地方消費税,特別地方消費税,特別地方消費税,3,1,1,1,0,0
2022,旧法による税,自動車取得税,自動車取得税,自動車取得税（目的税分）,3,2,1,1,621,0
2022,旧法による税,自動車取得税,自動車取得税,自動車取得税（普通税分）,3,2,1,2,0,0
2022,旧法による税,軽油引取税,軽油引取税,軽油引取税,3,3,1,1,0,0
2022,旧法による税,その他,その他,その他,3,4,1,1,0,0
2023,普通税,法定普通税,住民税,個人均等割,1,1,1,1,"11,748,686",117
2023,普通税,法定普通税,住民税,所得割,1,1,1,2,"969,969,537","9,700"
2023,普通税,法定普通税,住民税,法人均等割,1,1,1,3,"95,887,388",959
2023,普通税,法定普通税,住民税,法人税割,1,1,1,4,"702,223,394","7,022"
2023,普通税,法定普通税,住民税,利子割,1,1,1,5,"10,505,008",105
2023,普通税,法定普通税,住民税,配当割,1,1,1,6,"53,758,724",538
2023,普通税,法定普通税,住民税,株式等譲渡所得割,1,1,1,7,"57,751,784",578
2023,普通税,法定普通税,事業税,個人分,1,1,2,1,"58,662,623",587
2023,普通税,法定普通税,事業税,法人分,1,1,2,2,"1,531,749,072","15,317"
2023,普通税,法定普通税,地方消費税,譲渡割,1,1,3,1,"1,543,703,186","15,437"
2023,普通税,法定普通税,地方消費税,貨物割,1,1,3,2,"272,553,346","2,726"
2023,普通税,法定普通税,不動産取得税,不動産取得税,1,1,4,1,"99,662,611",997
2023,普通税,法定普通税,道府県たばこ税,道府県たばこ税,1,1,5,1,"17,506,784",175
2023,普通税,法定普通税,ゴルフ場利用税,ゴルフ場利用税,1,1,6,1,"654,650",7
2023,普通税,法定普通税,自動車取得税,自動車取得税,1,1,7,1,,0
2023,普通税,法定普通税,軽油引取税,軽油引取税,1,1,8,1,"36,965,994",370
2023,普通税,法定普通税,自動車税,自動車税,1,1,9,1,0,0
2023,普通税,法定普通税,自動車税,種別割,1,1,9,1,"100,321,198","1,003"
2023,普通税,法定普通税,自動車税,環境性能割,1,1,9,2,"15,272,420",153
2023,普通税,法定普通税,固定資産税,純固定資産税,1,1,10,1,"1,423,747,006","14,237"
2023,普通税,法定普通税,固定資産税,交付金,1,1,10,2,"12,376,995",124
2023,普通税,法定普通税,特別土地保有税,特別土地保有税,1,1,11,1,0,0
2023,普通税,法定普通税,その他の普通税,その他の普通税,1,1,12,1,"2,051",0
2023,普通税,法定外普通税,法定外普通税,法定外普通税,1,2,1,1,0,0
2023,目的税,法定目的税,自動車取得税,自動車取得税,2,1,1,1,0,0
2023,目的税,法定目的税,軽油引取税,軽油引取税,2,1,2,1,0,0
2023,目的税,法定目的税,事業所税,事業所税,2,1,3,1,"118,588,340","1,186"
2023,目的税,法定目的税,都市計画税,都市計画税,2,1,4,1,"278,695,665","2,787"
2023,目的税,法定目的税,その他の目的税,その他の目的税,2,1,5,1,"4,340",0
2023,目的税,法定外目的税,法定外目的税,法定外目的税,2,2,1,1,"4,399,183",44
2023,旧法による税,特別地方消費税,特別地方消費税,特別地方消費税,3,1,1,1,0,0
2023,旧法による税,自動車取得税,自動車取得税,自動車取得税（目的税分）,3,2,1,1,0,0
2023,旧法による税,自動車取得税,自動車取得税,自動車取得税（普通税分）,3,2,1,2,"359,608",4
2023,旧法による税,軽油引取税,軽油引取税,軽油引取税,3,3,1,1,0,0
2023,旧法による税,その他,その他,その他,3,4,1,1,0,0
2024,普通税,法定普通税,住民税,個人均等割,1,1,1,1,"8,283,227",83
2024,普通税,法定普通税,住民税,所得割,1,1,1,2,"979,936,754","9,799"
2024,普通税,法定普通税,住民税,法人均等割,1,1,1,3,"98,742,182",987
2024,普通税,法定普通税,住民税,法人税割,1,1,1,4,"797,495,770","7,975"
2024,普通税,法定普通税,住民税,利子割,1,1,1,5,"16,035,627",160
2024,普通税,法定普通税,住民税,配当割,1,1,1,6,"72,285,167",723
2024,普通税,法定普通税,住民税,株式等譲渡所得割,1,1,1,7,"105,535,217","1,055"
2024,普通税,法定普通税,事業税,個人分,1,1,2,1,"60,890,809",609
2024,普通税,法定普通税,事業税,法人分,1,1,2,2,"1,640,146,912","16,401"
2024,普通税,法定普通税,地方消費税,譲渡割,1,1,3,1,"1,821,319,945","18,213"
2024,普通税,法定普通税,地方消費税,貨物割,1,1,3,2,"324,331,239","3,243"
2024,普通税,法定普通税,不動産取得税,不動産取得税,1,1,4,1,"100,737,871","1,007"
2024,普通税,法定普通税,道府県たばこ税,道府県たばこ税,1,1,5,1,"17,093,517",171
2024,普通税,法定普通税,ゴルフ場利用税,ゴルフ場利用税,1,1,6,1,"641,232",6
2024,普通税,法定普通税,軽油引取税,軽油引取税,1,1,7,1,"36,507,194",365
2024,普通税,法定普通税,自動車税,環境性能割,1,1,8,1,"17,426,641",174
2024,普通税,法定普通税,自動車税,種別割,1,1,8,2,"99,124,625",991
2024,普通税,法定普通税,固定資産税,純固定資産税,1,1,9,1,"1,480,714,114","14,807"
2024,普通税,法定普通税,固定資産税,交付金,1,1,9,2,"12,541,073",125
2024,普通税,法定普通税,特別土地保有税,特別土地保有税,1,1,10,1,0,0
2024,普通税,法定普通税,その他の普通税,その他の普通税,1,1,11,1,"2,263",0
2024,普通税,法定外普通税,法定外普通税,法定外普通税,1,2,1,1,0,0
2024,目的税,法定目的税,事業所税,事業所税,2,1,1,1,"122,222,146","1,222"
2024,目的税,法定目的税,都市計画税,都市計画税,2,1,2,1,"289,783,056","2,898"
2024,目的税,法定目的税,その他の目的税,その他の目的税,2,1,3,1,"4,260",0
2024,目的税,法定外目的税,法定外目的税,法定外目的税,2,2,1,1,"6,369,355",64
2024,旧法による税,自動車取得税,自動車取得税,自動車取得税（目的税分）,3,1,1,1,0,0
2024,旧法による税,自動車取得税,自動車取得税,自動車取得税（普通税分）,3,1,1,2,0,0
2024,旧法による税,軽油引取税,軽油引取税,軽油引取税,3,2,1,1,0,0
2024,旧法による税,その他,その他,その他,3,3,1,1,0,0
