年度,区分１,区分２,区分３,区分順序１,区分順序２,区分順序３,決算額（千円）,決算額（億円）,決算額（兆円）
2005,人件費,議員報酬手当,議員報酬手当,1,1,1,"2,205,992",22,0.002205992
2005,人件費,委員等報酬,委員等報酬,1,2,1,"35,284,917",353,0.035284917
2005,人件費,知事等特別職の給与,知事等特別職の給与,1,3,1,"253,803",3,0.000253803
2005,人件費,職員給,職員給,1,4,1,"1,187,573,271","11,876",1.187573271
2005,人件費,地方公務員共済組合負担金,地方公務員共済組合負担金,1,5,1,"204,749,832","2,047",0.204749832
2005,人件費,退職金,退職金,1,6,1,"137,626,237","1,376",0.137626237
2005,人件費,恩給及び退職年金,恩給及び退職年金,1,7,1,"6,805,159",68,0.006805159
2005,人件費,地方公務員災害補償金負担金,地方公務員災害補償金負担金,1,8,1,"2,607,629",26,0.002607629
2005,人件費,職員互助会補助金,職員互助会補助金,1,9,1,"3,314,448",33,0.003314448
2005,人件費,その他,その他,1,10,1,"8,932,731",89,0.008932731
2005,物件費,賃金,賃金,2,1,1,"1,136,518",11,0.001136518
2005,物件費,旅費,旅費,2,2,1,"5,192,211",52,0.005192211
2005,物件費,交際費,交際費,2,3,1,"36,990",0,0.00003699
2005,物件費,需用費,需用費,2,4,1,"51,018,513",510,0.051018513
2005,物件費,役務費,役務費,2,5,1,"21,954,042",220,0.021954042
2005,物件費,備品購入費,備品購入費,2,6,1,"3,964,933",40,0.003964933
2005,物件費,委託料,委託料,2,7,1,"93,147,721",931,0.093147721
2005,物件費,その他,その他,2,8,1,"45,000,438",450,0.045000438
2005,維持補修費,土木施設,土木施設,3,1,1,"30,743,381",307,0.030743381
2005,維持補修費,建物,建物,3,2,1,"29,798,644",298,0.029798644
2005,維持補修費,その他,その他,3,3,1,"1,683,507",17,0.001683507
2005,扶助費,社会福祉費,社会福祉費,4,1,1,"31,966,616",320,0.031966616
2005,扶助費,老人福祉費,老人福祉費,4,2,1,"12,552,859",126,0.012552859
2005,扶助費,児童福祉費,児童福祉費,4,3,1,"35,417,309",354,0.035417309
2005,扶助費,生活保護費,生活保護費,4,4,1,"1,811,564",18,0.001811564
2005,扶助費,災害救助費,災害救助費,4,5,1,0,0,0
2005,扶助費,公衆衛生費,公衆衛生費,4,6,1,"15,063,566",151,0.015063566
2005,扶助費,その他,その他,4,7,1,"17,729,765",177,0.017729765
2005,補助費等,対　国,対　国,5,1,1,"8,878,826",89,0.008878826
2005,補助費等,対　同級他団体,対　同級他団体,5,2,1,"2,055,741",21,0.002055741
2005,補助費等,対　市町村,対　市町村,5,3,1,"1,334,236,622","13,342",1.334236622
2005,補助費等,対　その他,対　その他,5,4,1,"944,637,160","9,446",0.94463716
2005,普通建設事業費,補助事業費,その団体で行うもの,6,1,1,"174,819,842","1,748",0.174819842
2005,普通建設事業費,補助事業費,補助金,6,1,2,"13,500,017",135,0.013500017
2005,普通建設事業費,単独事業費,その団体で行うもの,6,2,1,"360,747,039","3,607",0.360747039
2005,普通建設事業費,単独事業費,補助金,6,2,2,"53,639,967",536,0.053639967
2005,普通建設事業費,国直轄事業負担金,国直轄事業負担金,6,3,1,"56,379,888",564,0.056379888
2005,普通建設事業費,同級他団体負担金,同級他団体負担金,6,4,1,0,0,0
2005,普通建設事業費,受託事業費,補助事業費,6,5,1,0,0,0
2005,普通建設事業費,受託事業費,単独事業費,6,5,2,"3,847,521",38,0.003847521
2005,災害復旧事業費,災害復旧事業費,災害復旧事業費,7,1,1,"12,206,444",122,0.012206444
2005,失業対策事業費,失業対策事業費,失業対策事業費,8,1,1,0,0,0
2005,公債費,通常債分,元金,9,1,1,"561,673,588","5,617",0.561673588
2005,公債費,通常債分,利子,9,1,2,"155,751,518","1,558",0.155751518
2005,公債費,転貸債分,元金,9,2,1,0,0,0
2005,公債費,転貸債分,利子,9,2,2,0,0,0
2005,公債費,一時借入金利子,一時借入金利子,9,3,1,308,0,0.000000308
2005,積立金,積立金,積立金,10,1,1,"241,203,349","2,412",0.241203349
2005,投資及び出資金,投資及び出資金,投資及び出資金,11,11,1,"77,181,693",772,0.077181693
2005,貸付金,貸付金,貸付金,12,1,1,"221,160,604","2,212",0.221160604
2005,繰出金,操出金,操出金,13,1,1,"10,722,974",107,0.010722974
2005,前年度繰上充用金,前年度繰上充用金,前年度繰上充用金,14,1,1,0,0,0
2006,人件費,議員報酬手当,議員報酬手当,1,1,1,"2,240,688",22,0.002240688
2006,人件費,委員等報酬,委員等報酬,1,2,1,"35,564,600",356,0.0355646
2006,人件費,知事等特別職の給与,知事等特別職の給与,1,3,1,"198,019",2,0.000198019
2006,人件費,職員給,職員給,1,4,1,"1,173,260,169","11,733",1.173260169
2006,人件費,地方公務員共済組合負担金,地方公務員共済組合負担金,1,5,1,"202,198,361","2,022",0.202198361
2006,人件費,退職金,退職金,1,6,1,"159,760,270","1,598",0.15976027
2006,人件費,恩給及び退職年金,恩給及び退職年金,1,7,1,"6,093,793",61,0.006093793
2006,人件費,地方公務員災害補償金負担金,地方公務員災害補償金負担金,1,8,1,"2,595,253",26,0.002595253
2006,人件費,職員互助会補助金,職員互助会補助金,1,9,1,"2,178,604",22,0.002178604
2006,人件費,その他,その他,1,10,1,"8,694,213",87,0.008694213
2006,物件費,賃金,賃金,2,1,1,"1,049,419",10,0.001049419
2006,物件費,旅費,旅費,2,2,1,"5,164,995",52,0.005164995
2006,物件費,交際費,交際費,2,3,1,"35,759",0,0.000035759
2006,物件費,需用費,需用費,2,4,1,"51,860,417",519,0.051860417
2006,物件費,役務費,役務費,2,5,1,"19,338,351",193,0.019338351
2006,物件費,備品購入費,備品購入費,2,6,1,"3,453,083",35,0.003453083
2006,物件費,委託料,委託料,2,7,1,"96,613,870",966,0.09661387
2006,物件費,その他,その他,2,8,1,"40,709,903",407,0.040709903
2006,維持補修費,土木施設,土木施設,3,1,1,"32,250,782",323,0.032250782
2006,維持補修費,建物,建物,3,2,1,"31,607,017",316,0.031607017
2006,維持補修費,その他,その他,3,3,1,"1,634,111",16,0.001634111
2006,扶助費,社会福祉費,社会福祉費,4,1,1,"29,429,145",294,0.029429145
2006,扶助費,老人福祉費,老人福祉費,4,2,1,"6,067,775",61,0.006067775
2006,扶助費,児童福祉費,児童福祉費,4,3,1,"34,598,145",346,0.034598145
2006,扶助費,生活保護費,生活保護費,4,4,1,"1,805,186",18,0.001805186
2006,扶助費,災害救助費,災害救助費,4,5,1,0,0,0
2006,扶助費,公衆衛生費,公衆衛生費,4,6,1,"15,537,364",155,0.015537364
2006,扶助費,その他,その他,4,7,1,"17,943,479",179,0.017943479
2006,補助費等,対　国,対　国,5,1,1,"4,466,426",45,0.004466426
2006,補助費等,対　同級他団体,対　同級他団体,5,2,1,"2,173,584",22,0.002173584
2006,補助費等,対　市町村,対　市町村,5,3,1,"1,426,829,995","14,268",1.426829995
2006,補助費等,対　その他,対　その他,5,4,1,"976,524,020","9,765",0.97652402
2006,普通建設事業費,補助事業費,その団体で行うもの,6,1,1,"149,917,638","1,499",0.149917638
2006,普通建設事業費,補助事業費,補助金,6,1,2,"11,389,582",114,0.011389582
2006,普通建設事業費,単独事業費,その団体で行うもの,6,2,1,"380,992,254","3,810",0.380992254
2006,普通建設事業費,単独事業費,補助金,6,2,2,"65,991,807",660,0.065991807
2006,普通建設事業費,国直轄事業負担金,国直轄事業負担金,6,3,1,"50,958,136",510,0.050958136
2006,普通建設事業費,同級他団体負担金,同級他団体負担金,6,4,1,0,0,0
2006,普通建設事業費,受託事業費,補助事業費,6,5,1,0,0,0
2006,普通建設事業費,受託事業費,単独事業費,6,5,2,"4,687,336",47,0.004687336
2006,災害復旧事業費,災害復旧事業費,災害復旧事業費,7,1,1,"5,792,842",58,0.005792842
2006,失業対策事業費,失業対策事業費,失業対策事業費,8,1,1,0,0,0
2006,公債費,通常債分,元金,9,1,1,"819,422,146","8,194",0.819422146
2006,公債費,通常債分,利子,9,1,2,"143,885,942","1,439",0.143885942
2006,公債費,転貸債分,元金,9,2,1,"1,688,043",17,0.001688043
2006,公債費,転貸債分,利子,9,2,2,"521,574",5,0.000521574
2006,公債費,一時借入金利子,一時借入金利子,9,3,1,153,0,0.000000153
2006,積立金,積立金,積立金,10,1,1,"153,002,794","1,530",0.153002794
2006,投資及び出資金,投資及び出資金,投資及び出資金,11,11,1,"71,458,649",715,0.071458649
2006,貸付金,貸付金,貸付金,12,1,1,"240,867,524","2,409",0.240867524
2006,繰出金,繰出金,繰出金,13,1,1,"23,994,294",240,0.023994294
2006,前年度繰上充用金,前年度繰上充用金,前年度繰上充用金,14,1,1,0,0,0
2007,人件費,議員報酬手当,議員報酬手当,1,1,1,"2,251,942",23,0.002251942
2007,人件費,委員等報酬,委員等報酬,1,2,1,"36,113,955",361,0.036113955
2007,人件費,知事等特別職の給与,知事等特別職の給与,1,3,1,"200,190",2,0.00020019
2007,人件費,職員給,職員給,1,4,1,"1,163,386,165","11,634",1.163386165
2007,人件費,地方公務員共済組合負担金,地方公務員共済組合負担金,1,5,1,"200,383,103","2,004",0.200383103
2007,人件費,退職金,退職金,1,6,1,"183,451,247","1,835",0.183451247
2007,人件費,恩給及び退職年金,恩給及び退職年金,1,7,1,"5,486,404",55,0.005486404
2007,人件費,地方公務員災害補償金負担金,地方公務員災害補償金負担金,1,8,1,"2,570,763",26,0.002570763
2007,人件費,職員互助会補助金,職員互助会補助金,1,9,1,"2,064,588",21,0.002064588
2007,人件費,その他,その他,1,10,1,"9,996,801",100,0.009996801
2007,物件費,賃金,賃金,2,1,1,"982,377",10,0.000982377
2007,物件費,旅費,旅費,2,2,1,"5,377,337",54,0.005377337
2007,物件費,交際費,交際費,2,3,1,"32,660",0,0.00003266
2007,物件費,需用費,需用費,2,4,1,"50,008,862",500,0.050008862
2007,物件費,役務費,役務費,2,5,1,"19,157,349",192,0.019157349
2007,物件費,備品購入費,備品購入費,2,6,1,"3,223,325",32,0.003223325
2007,物件費,委託料,委託料,2,7,1,"95,926,084",959,0.095926084
2007,物件費,その他,その他,2,8,1,"43,908,827",439,0.043908827
2007,維持補修費,土木施設,土木施設,3,1,1,"33,234,172",332,0.033234172
2007,維持補修費,建物,建物,3,2,1,"31,459,464",315,0.031459464
2007,維持補修費,その他,その他,3,3,1,"1,822,684",18,0.001822684
2007,扶助費,社会福祉費,社会福祉費,4,1,1,"45,466,137",455,0.045466137
2007,扶助費,老人福祉費,老人福祉費,4,2,1,"857,372",9,0.000857372
2007,扶助費,児童福祉費,児童福祉費,4,3,1,"35,486,991",355,0.035486991
2007,扶助費,生活保護費,生活保護費,4,4,1,"1,763,768",18,0.001763768
2007,扶助費,災害救助費,災害救助費,4,5,1,0,0,0
2007,扶助費,公衆衛生費,公衆衛生費,4,6,1,"16,806,161",168,0.016806161
2007,扶助費,その他,その他,4,7,1,"2,102,636",21,0.002102636
2007,補助費等,対　国,対　国,5,1,1,"4,684,281",47,0.004684281
2007,補助費等,対　同級他団体,対　同級他団体,5,2,1,"2,433,999",24,0.002433999
2007,補助費等,対　市町村,対　市町村,5,3,1,"1,528,164,584","15,282",1.528164584
2007,補助費等,対　その他,対　その他,5,4,1,"876,243,826","8,762",0.876243826
2007,普通建設事業費,補助事業費,その団体で行うもの,6,1,1,"160,625,200","1,606",0.1606252
2007,普通建設事業費,補助事業費,補助金,6,1,2,"7,998,363",80,0.007998363
2007,普通建設事業費,単独事業費,その団体で行うもの,6,2,1,"402,763,743","4,028",0.402763743
2007,普通建設事業費,単独事業費,補助金,6,2,2,"67,845,566",678,0.067845566
2007,普通建設事業費,国直轄事業負担金,国直轄事業負担金,6,3,1,"56,267,883",563,0.056267883
2007,普通建設事業費,同級他団体負担金,同級他団体負担金,6,4,1,0,0,0
2007,普通建設事業費,受託事業費,補助事業費,6,5,1,0,0,0
2007,普通建設事業費,受託事業費,単独事業費,6,5,2,"4,839,927",48,0.004839927
2007,災害復旧事業費,災害復旧事業費,災害復旧事業費,7,1,1,"3,980,095",40,0.003980095
2007,失業対策事業費,失業対策事業費,失業対策事業費,8,1,1,0,0,0
2007,公債費,通常債分,元金,9,1,1,"627,888,845","6,279",0.627888845
2007,公債費,通常債分,利子,9,1,2,"124,788,587","1,248",0.124788587
2007,公債費,転貸債分,元金,9,2,1,"2,081,523",21,0.002081523
2007,公債費,転貸債分,利子,9,2,2,"462,686",5,0.000462686
2007,公債費,一時借入金利子,一時借入金利子,9,3,1,"1,048",0,0.000001048
2007,積立金,積立金,積立金,10,1,1,"683,084,731","6,831",0.683084731
2007,投資及び出資金,投資及び出資金,投資及び出資金,11,11,1,"72,501,994",725,0.072501994
2007,貸付金,貸付金,貸付金,12,1,1,"257,790,330","2,578",0.25779033
2007,繰出金,繰出金,繰出金,13,1,1,"23,714,925",237,0.023714925
2007,前年度繰上充用金,前年度繰上充用金,前年度繰上充用金,14,1,1,0,0,0
2008,人件費,議員報酬手当,議員報酬手当,1,1,1,"2,236,859",22,0.002236859
2008,人件費,委員等報酬,委員等報酬,1,2,1,"37,933,392",379,0.037933392
2008,人件費,知事等特別職の給与,知事等特別職の給与,1,3,1,"245,528",2,0.000245528
2008,人件費,職員給,職員給,1,4,1,"1,149,119,719","11,491",1.149119719
2008,人件費,地方公務員共済組合負担金,地方公務員共済組合負担金,1,5,1,"191,135,628","1,911",0.191135628
2008,人件費,退職金,退職金,1,6,1,"174,177,209","1,742",0.174177209
2008,人件費,恩給及び退職年金,恩給及び退職年金,1,7,1,"4,952,957",50,0.004952957
2008,人件費,地方公務員災害補償金負担金,地方公務員災害補償金負担金,1,8,1,"2,602,911",26,0.002602911
2008,人件費,職員互助会補助金,職員互助会補助金,1,9,1,"2,010,581",20,0.002010581
2008,人件費,その他,その他,1,10,1,"11,052,681",111,0.011052681
2008,物件費,賃金,賃金,2,1,1,"1,047,444",10,0.001047444
2008,物件費,旅費,旅費,2,2,1,"5,511,549",55,0.005511549
2008,物件費,交際費,交際費,2,3,1,"33,133",0,0.000033133
2008,物件費,需用費,需用費,2,4,1,"61,834,756",618,0.061834756
2008,物件費,役務費,役務費,2,5,1,"18,871,046",189,0.018871046
2008,物件費,備品購入費,備品購入費,2,6,1,"3,536,451",35,0.003536451
2008,物件費,委託料,委託料,2,7,1,"107,242,187","1,072",0.107242187
2008,物件費,その他,その他,2,8,1,"44,712,169",447,0.044712169
2008,維持補修費,土木施設,土木施設,3,1,1,"35,192,181",352,0.035192181
2008,維持補修費,建物,建物,3,2,1,"33,373,631",334,0.033373631
2008,維持補修費,その他,その他,3,3,1,"1,605,280",16,0.00160528
2008,扶助費,社会福祉費,社会福祉費,4,1,1,"46,280,863",463,0.046280863
2008,扶助費,老人福祉費,老人福祉費,4,2,1,"402,346",4,0.000402346
2008,扶助費,児童福祉費,児童福祉費,4,3,1,"36,274,475",363,0.036274475
2008,扶助費,生活保護費,生活保護費,4,4,1,"1,779,820",18,0.00177982
2008,扶助費,災害救助費,災害救助費,4,5,1,0,0,0
2008,扶助費,公衆衛生費,公衆衛生費,4,6,1,"18,338,682",183,0.018338682
2008,扶助費,その他,その他,4,7,1,"2,154,534",22,0.002154534
2008,補助費等,対　国,対　国,5,1,1,"4,020,429",40,0.004020429
2008,補助費等,対　同級他団体,対　同級他団体,5,2,1,"3,860,654",39,0.003860654
2008,補助費等,対　市町村,対　市町村,5,3,1,"1,458,956,617","14,590",1.458956617
2008,補助費等,対　その他,対　その他,5,4,1,"926,061,533","9,261",0.926061533
2008,普通建設事業費,補助事業費,その団体で行うもの,6,1,1,"190,759,627","1,908",0.190759627
2008,普通建設事業費,補助事業費,補助金,6,1,2,"8,588,111",86,0.008588111
2008,普通建設事業費,単独事業費,その団体で行うもの,6,2,1,"415,376,116","4,154",0.415376116
2008,普通建設事業費,単独事業費,補助金,6,2,2,"75,799,395",758,0.075799395
2008,普通建設事業費,国直轄事業負担金,国直轄事業負担金,6,3,1,"39,528,522",395,0.039528522
2008,普通建設事業費,同級他団体負担金,同級他団体負担金,6,4,1,0,0,0
2008,普通建設事業費,受託事業費,補助事業費,6,5,1,"5,563,739",56,0.005563739
2008,普通建設事業費,受託事業費,単独事業費,6,5,2,"1,721,375",17,0.001721375
2008,災害復旧事業費,災害復旧事業費,災害復旧事業費,7,1,1,"4,484,298",45,0.004484298
2008,失業対策事業費,失業対策事業費,失業対策事業費,8,1,1,0,0,0
2008,公債費,通常債分,元金,9,1,1,"701,400,609","7,014",0.701400609
2008,公債費,通常債分,利子,9,1,2,"119,295,206","1,193",0.119295206
2008,公債費,転貸債分,元金,9,2,1,"1,547,210",15,0.00154721
2008,公債費,転貸債分,利子,9,2,2,"396,962",4,0.000396962
2008,公債費,一時借入金利子,一時借入金利子,9,3,1,"9,370",0,0.00000937
2008,積立金,積立金,積立金,10,1,1,"490,158,625","4,902",0.490158625
2008,投資及び出資金,投資及び出資金,投資及び出資金,11,11,1,"149,255,403","1,493",0.149255403
2008,貸付金,貸付金,貸付金,12,1,1,"290,900,427","2,909",0.290900427
2008,繰出金,繰出金,繰出金,13,1,1,"29,921,268",299,0.029921268
2008,前年度繰上充用金,前年度繰上充用金,前年度繰上充用金,14,1,1,0,0,0
2009,人件費,議員報酬手当,議員報酬手当,1,1,1,"2,154,623",22,0.002154623
2009,人件費,委員等報酬,委員等報酬,1,2,1,"38,391,825",384,0.038391825
2009,人件費,知事等特別職の給与,知事等特別職の給与,1,3,1,"214,238",2,0.000214238
2009,人件費,職員給,職員給,1,4,1,"1,104,645,277","11,046",1.104645277
2009,人件費,地方公務員共済組合負担金,地方公務員共済組合負担金,1,5,1,"200,355,514","2,004",0.200355514
2009,人件費,退職金,退職金,1,6,1,"162,424,627","1,624",0.162424627
2009,人件費,恩給及び退職年金,恩給及び退職年金,1,7,1,"4,446,688",44,0.004446688
2009,人件費,地方公務員災害補償金負担金,地方公務員災害補償金負担金,1,8,1,"2,789,418",28,0.002789418
2009,人件費,職員互助会補助金,職員互助会補助金,1,9,1,"2,025,767",20,0.002025767
2009,人件費,その他,その他,1,10,1,"12,161,617",122,0.012161617
2009,物件費,賃金,賃金,2,1,1,"1,226,113",12,0.001226113
2009,物件費,旅費,旅費,2,2,1,"5,288,394",53,0.005288394
2009,物件費,交際費,交際費,2,3,1,"32,315",0,0.000032315
2009,物件費,需用費,需用費,2,4,1,"57,903,337",579,0.057903337
2009,物件費,役務費,役務費,2,5,1,"20,266,322",203,0.020266322
2009,物件費,備品購入費,備品購入費,2,6,1,"4,990,231",50,0.004990231
2009,物件費,委託料,委託料,2,7,1,"108,609,209","1,086",0.108609209
2009,物件費,その他,その他,2,8,1,"43,563,805",436,0.043563805
2009,維持補修費,土木施設,土木施設,3,1,1,"38,295,633",383,0.038295633
2009,維持補修費,建物,建物,3,2,1,"38,955,714",390,0.038955714
2009,維持補修費,その他,その他,3,3,1,"1,434,586",14,0.001434586
2009,扶助費,社会福祉費,社会福祉費,4,1,1,"46,537,284",465,0.046537284
2009,扶助費,老人福祉費,老人福祉費,4,2,1,"4,019,766",40,0.004019766
2009,扶助費,児童福祉費,児童福祉費,4,3,1,"37,540,914",375,0.037540914
2009,扶助費,生活保護費,生活保護費,4,4,1,"2,004,712",20,0.002004712
2009,扶助費,災害救助費,災害救助費,4,5,1,0,0,0
2009,扶助費,公衆衛生費,公衆衛生費,4,6,1,"20,570,013",206,0.020570013
2009,扶助費,その他,その他,4,7,1,"2,326,777",23,0.002326777
2009,補助費等,対　国,対　国,5,1,1,"4,776,839",48,0.004776839
2009,補助費等,対　同級他団体,対　同級他団体,5,2,1,"2,162,658",22,0.002162658
2009,補助費等,対　市町村,対　市町村,5,3,1,"1,339,729,449","13,397",1.339729449
2009,補助費等,対　その他,対　その他,5,4,1,"1,064,543,431","10,645",1.064543431
2009,普通建設事業費,補助事業費,その団体で行うもの,6,1,1,"220,420,877","2,204",0.220420877
2009,普通建設事業費,補助事業費,補助金,6,1,2,"11,269,961",113,0.011269961
2009,普通建設事業費,単独事業費,その団体で行うもの,6,2,1,"411,692,476","4,117",0.411692476
2009,普通建設事業費,単独事業費,補助金,6,2,2,"89,716,748",897,0.089716748
2009,普通建設事業費,国直轄事業負担金,国直轄事業負担金,6,3,1,"44,544,849",445,0.044544849
2009,普通建設事業費,同級他団体負担金,同級他団体負担金,6,4,1,0,0,0
2009,普通建設事業費,受託事業費,補助事業費,6,5,1,"9,622,394",96,0.009622394
2009,普通建設事業費,受託事業費,単独事業費,6,5,2,"1,190,404",12,0.001190404
2009,災害復旧事業費,災害復旧事業費,災害復旧事業費,7,1,1,"3,263,665",33,0.003263665
2009,失業対策事業費,失業対策事業費,失業対策事業費,8,1,1,0,0,0
2009,公債費,通常債分,元金,9,1,1,"559,726,738","5,597",0.559726738
2009,公債費,通常債分,利子,9,1,2,"116,186,673","1,162",0.116186673
2009,公債費,転貸債分,元金,9,2,1,"1,605,083",16,0.001605083
2009,公債費,転貸債分,利子,9,2,2,"344,237",3,0.000344237
2009,公債費,一時借入金利子,一時借入金利子,9,3,1,"3,896",0,0.000003896
2009,積立金,積立金,積立金,10,1,1,"263,481,630","2,635",0.26348163
2009,投資及び出資金,投資及び出資金,投資及び出資金,11,11,1,"87,651,784",877,0.087651784
2009,貸付金,貸付金,貸付金,12,1,1,"331,706,227","3,317",0.331706227
2009,繰出金,繰出金,繰出金,13,1,1,"23,597,533",236,0.023597533
2009,前年度繰上充用金,前年度繰上充用金,前年度繰上充用金,14,1,1,0,0,0
2010,人件費,議員報酬等,議員報酬等,1,1,1,"2,145,318",21,0.002145318
2010,人件費,委員等報酬,委員等報酬,1,2,1,"38,408,619",384,0.038408619
2010,人件費,知事等特別職の給与,知事等特別職の給与,1,3,1,"229,471",2,0.000229471
2010,人件費,職員給,職員給,1,4,1,"1,080,469,069","10,805",1.080469069
2010,人件費,共済組合負担金,共済組合負担金,1,5,1,"212,737,815","2,127",0.212737815
2010,人件費,退職金,退職金,1,6,1,"158,570,397","1,586",0.158570397
2010,人件費,恩給及び退職年金,恩給及び退職年金,1,7,1,"3,985,214",40,0.003985214
2010,人件費,災害補償費,災害補償費,1,8,1,"2,576,932",26,0.002576932
2010,人件費,職員互助会補助金,職員互助会補助金,1,9,1,"609,404",6,0.000609404
2010,人件費,その他,その他,1,10,1,"13,836,461",138,0.013836461
2010,物件費,賃金,賃金,2,1,1,"1,233,174",12,0.001233174
2010,物件費,旅費,旅費,2,2,1,"5,027,989",50,0.005027989
2010,物件費,交際費,交際費,2,3,1,"31,802",0,0.000031802
2010,物件費,需用費,需用費,2,4,1,"53,461,259",535,0.053461259
2010,物件費,役務費,役務費,2,5,1,"19,996,674",200,0.019996674
2010,物件費,備品購入費,備品購入費,2,6,1,"4,369,506",44,0.004369506
2010,物件費,委託料,委託料,2,7,1,"110,899,760","1,109",0.11089976
2010,物件費,その他,その他,2,8,1,"43,617,776",436,0.043617776
2010,維持補修費,土木施設,土木施設,3,1,1,"38,597,851",386,0.038597851
2010,維持補修費,建物,建物,3,2,1,"35,435,266",354,0.035435266
2010,維持補修費,その他,その他,3,3,1,"1,731,398",17,0.001731398
2010,扶助費,社会福祉費,社会福祉費,4,1,1,"47,582,265",476,0.047582265
2010,扶助費,老人福祉費,老人福祉費,4,2,1,"329,628",3,0.000329628
2010,扶助費,児童福祉費,児童福祉費,4,3,1,"45,928,254",459,0.045928254
2010,扶助費,生活保護費,生活保護費,4,4,1,"2,170,225",22,0.002170225
2010,扶助費,災害救助費,災害救助費,4,5,1,"370,606",4,0.000370606
2010,扶助費,公衆衛生費,公衆衛生費,4,6,1,"22,364,599",224,0.022364599
2010,扶助費,その他,その他,4,7,1,"2,328,581",23,0.002328581
2010,補助費等,対　国,対　国,5,1,1,"5,326,869",53,0.005326869
2010,補助費等,対　同級他団体,対　同級他団体,5,2,1,"1,773,167",18,0.001773167
2010,補助費等,対　市町村,対　市町村,5,3,1,"1,380,268,210","13,803",1.38026821
2010,補助費等,対　その他,対　その他,5,4,1,"963,276,825","9,633",0.963276825
2010,普通建設事業費,補助事業費,その団体で行うもの,6,1,1,"140,886,960","1,409",0.14088696
2010,普通建設事業費,補助事業費,補助金,6,1,2,"32,756,772",328,0.032756772
2010,普通建設事業費,単独事業費,その団体で行うもの,6,2,1,"447,121,660","4,471",0.44712166
2010,普通建設事業費,単独事業費,補助金,6,2,2,"78,011,741",780,0.078011741
2010,普通建設事業費,国直轄事業負担金,国直轄事業負担金,6,3,1,"33,069,743",331,0.033069743
2010,普通建設事業費,同級他団体負担金,同級他団体負担金,6,4,1,0,0,0
2010,普通建設事業費,受託事業費,補助事業費,6,5,1,"6,373,455",64,0.006373455
2010,普通建設事業費,受託事業費,単独事業費,6,5,2,"1,436,964",14,0.001436964
2010,災害復旧事業費,災害復旧事業費,災害復旧事業費,7,1,1,"1,842,339",18,0.001842339
2010,失業対策事業費,失業対策事業費,失業対策事業費,8,1,1,0,0,0
2010,公債費,通常債分,元金,9,1,1,"444,895,818","4,449",0.444895818
2010,公債費,通常債分,利子,9,1,2,"113,078,004","1,131",0.113078004
2010,公債費,転貸債分,元金,9,2,1,"1,553,648",16,0.001553648
2010,公債費,転貸債分,利子,9,2,2,"290,324",3,0.000290324
2010,公債費,一時借入金利子,一時借入金利子,9,3,1,"2,630",0,0.00000263
2010,積立金,積立金,積立金,10,1,1,"53,772,348",538,0.053772348
2010,投資及び出資金,投資及び出資金,投資及び出資金,11,11,1,"62,543,837",625,0.062543837
2010,貸付金,貸付金,貸付金,12,1,1,"272,678,936","2,727",0.272678936
2010,繰出金,繰出金,繰出金,13,1,1,"22,267,854",223,0.022267854
2010,前年度繰上充用金,前年度繰上充用金,前年度繰上充用金,14,1,1,0,0,0
2011,人件費,議員報酬等,議員報酬等,1,1,1,"2,119,202",21,0.002119202
2011,人件費,委員等報酬,委員等報酬,1,2,1,"39,845,732",398,0.039845732
2011,人件費,知事等特別職の給与,知事等特別職の給与,1,3,1,"228,694",2,0.000228694
2011,人件費,職員給,職員給,1,4,1,"1,066,322,457","10,663",1.066322457
2011,人件費,共済組合負担金,共済組合負担金,1,5,1,"213,053,095","2,131",0.213053095
2011,人件費,退職金,退職金,1,6,1,"144,287,335","1,443",0.144287335
2011,人件費,恩給及び退職年金,恩給及び退職年金,1,7,1,"3,515,666",35,0.003515666
2011,人件費,災害補償費,災害補償費,1,8,1,"2,271,582",23,0.002271582
2011,人件費,職員互助会補助金,職員互助会補助金,1,9,1,"914,668",9,0.000914668
2011,人件費,その他,その他,1,10,1,"15,315,200",153,0.0153152
2011,物件費,賃金,賃金,2,1,1,"1,261,376",13,0.001261376
2011,物件費,旅費,旅費,2,2,1,"5,188,957",52,0.005188957
2011,物件費,交際費,交際費,2,3,1,"31,592",0,0.000031592
2011,物件費,需用費,需用費,2,4,1,"49,699,575",497,0.049699575
2011,物件費,役務費,役務費,2,5,1,"19,967,488",200,0.019967488
2011,物件費,備品購入費,備品購入費,2,6,1,"6,172,665",62,0.006172665
2011,物件費,委託料,委託料,2,7,1,"114,571,517","1,146",0.114571517
2011,物件費,その他,その他,2,8,1,"43,563,246",436,0.043563246
2011,維持補修費,土木施設,土木施設,3,1,1,"39,904,808",399,0.039904808
2011,維持補修費,建物,建物,3,2,1,"42,091,304",421,0.042091304
2011,維持補修費,その他,その他,3,3,1,"1,268,987",13,0.001268987
2011,扶助費,社会福祉費,社会福祉費,4,1,1,"50,279,910",503,0.05027991
2011,扶助費,老人福祉費,老人福祉費,4,2,1,"262,397",3,0.000262397
2011,扶助費,児童福祉費,児童福祉費,4,3,1,"47,220,538",472,0.047220538
2011,扶助費,生活保護費,生活保護費,4,4,1,"2,389,555",24,0.002389555
2011,扶助費,災害救助費,災害救助費,4,5,1,"234,347",2,0.000234347
2011,扶助費,公衆衛生費,公衆衛生費,4,6,1,"23,843,081",238,0.023843081
2011,扶助費,その他,その他,4,7,1,"2,499,475",25,0.002499475
2011,補助費等,対　国,対　国,5,1,1,"5,033,949",50,0.005033949
2011,補助費等,対　同級他団体,対　同級他団体,5,2,1,"1,381,388",14,0.001381388
2011,補助費等,対　市町村,対　市町村,5,3,1,"1,404,213,990","14,042",1.40421399
2011,補助費等,対　その他,対　その他,5,4,1,"957,812,055","9,578",0.957812055
2011,普通建設事業費,補助事業費,その団体で行うもの,6,1,1,"268,265,032","2,683",0.268265032
2011,普通建設事業費,補助事業費,補助金,6,1,2,"23,434,876",234,0.023434876
2011,普通建設事業費,単独事業費,その団体で行うもの,6,2,1,"340,265,616","3,403",0.340265616
2011,普通建設事業費,単独事業費,補助金,6,2,2,"110,232,611","1,102",0.110232611
2011,普通建設事業費,国直轄事業負担金,国直轄事業負担金,6,3,1,"27,657,073",277,0.027657073
2011,普通建設事業費,同級他団体負担金,同級他団体負担金,6,4,1,0,0,0
2011,普通建設事業費,受託事業費,補助事業費,6,5,1,"3,763,495",38,0.003763495
2011,普通建設事業費,受託事業費,単独事業費,6,5,2,"1,112,805",11,0.001112805
2011,災害復旧事業費,災害復旧事業費,災害復旧事業費,7,1,1,"1,318,833",13,0.001318833
2011,失業対策事業費,失業対策事業費,失業対策事業費,8,1,1,0,0,0
2011,公債費,通常債分,元金,9,1,1,"418,171,039","4,182",0.418171039
2011,公債費,通常債分,利子,9,1,2,"109,518,420","1,095",0.10951842
2011,公債費,転貸債分,元金,9,2,1,"1,509,414",15,0.001509414
2011,公債費,転貸債分,利子,9,2,2,"241,449",2,0.000241449
2011,公債費,一時借入金利子,一時借入金利子,9,3,1,"1,668",0,0.000001668
2011,積立金,積立金,積立金,10,1,1,"66,046,278",660,0.066046278
2011,投資及び出資金,投資及び出資金,投資及び出資金,11,11,1,"73,385,044",734,0.073385044
2011,貸付金,貸付金,貸付金,12,1,1,"312,694,114","3,127",0.312694114
2011,繰出金,繰出金,繰出金,13,1,1,"14,455,262",145,0.014455262
2011,前年度繰上充用金,前年度繰上充用金,前年度繰上充用金,14,1,1,0,0,0
2012,人件費,議員報酬等,議員報酬等,1,1,1,"2,092,805",21,0.002092805
2012,人件費,委員等報酬,委員等報酬,1,2,1,"42,603,849",426,0.042603849
2012,人件費,知事等特別職の給与,知事等特別職の給与,1,3,1,"150,572",2,0.000150572
2012,人件費,職員給,職員給,1,4,1,"1,058,877,550","10,589",1.05887755
2012,人件費,共済組合負担金,共済組合負担金,1,5,1,"202,144,056","2,021",0.202144056
2012,人件費,退職金,退職金,1,6,1,"140,605,796","1,406",0.140605796
2012,人件費,恩給及び退職年金,恩給及び退職年金,1,7,1,"3,094,479",31,0.003094479
2012,人件費,災害補償費,災害補償費,1,8,1,"3,049,209",30,0.003049209
2012,人件費,職員互助会補助金,職員互助会補助金,1,9,1,"559,969",6,0.000559969
2012,人件費,その他,その他,1,10,1,"15,032,563",150,0.015032563
2012,物件費,賃金,賃金,2,1,1,"1,255,651",13,0.001255651
2012,物件費,旅費,旅費,2,2,1,"5,369,121",54,0.005369121
2012,物件費,交際費,交際費,2,3,1,"32,384",0,0.000032384
2012,物件費,需用費,需用費,2,4,1,"49,815,403",498,0.049815403
2012,物件費,役務費,役務費,2,5,1,"20,272,253",203,0.020272253
2012,物件費,備品購入費,備品購入費,2,6,1,"4,539,716",45,0.004539716
2012,物件費,委託料,委託料,2,7,1,"112,796,983","1,128",0.112796983
2012,物件費,その他,その他,2,8,1,"43,762,868",438,0.043762868
2012,維持補修費,土木施設,土木施設,3,1,1,"39,994,620",400,0.03999462
2012,維持補修費,建物,建物,3,2,1,"42,910,746",429,0.042910746
2012,維持補修費,その他,その他,3,3,1,"1,391,719",14,0.001391719
2012,扶助費,社会福祉費,社会福祉費,4,1,1,"50,854,338",509,0.050854338
2012,扶助費,老人福祉費,老人福祉費,4,2,1,"126,458",1,0.000126458
2012,扶助費,児童福祉費,児童福祉費,4,3,1,"42,552,901",426,0.042552901
2012,扶助費,生活保護費,生活保護費,4,4,1,"2,616,253",26,0.002616253
2012,扶助費,災害救助費,災害救助費,4,5,1,0,0,0
2012,扶助費,公衆衛生費,公衆衛生費,4,6,1,"24,841,198",248,0.024841198
2012,扶助費,その他,その他,4,7,1,"2,658,562",27,0.002658562
2012,補助費等,対　国,対　国,5,1,1,"12,346,143",123,0.012346143
2012,補助費等,対　同級他団体,対　同級他団体,5,2,1,"1,662,626",17,0.001662626
2012,補助費等,対　市町村,対　市町村,5,3,1,"1,435,811,800","14,358",1.4358118
2012,補助費等,対　その他,対　その他,5,4,1,"940,196,686","9,402",0.940196686
2012,普通建設事業費,補助事業費,その団体で行うもの,6,1,1,"224,280,031","2,243",0.224280031
2012,普通建設事業費,補助事業費,補助金,6,1,2,"23,295,668",233,0.023295668
2012,普通建設事業費,単独事業費,その団体で行うもの,6,2,1,"339,076,518","3,391",0.339076518
2012,普通建設事業費,単独事業費,補助金,6,2,2,"108,606,917","1,086",0.108606917
2012,普通建設事業費,国直轄事業負担金,国直轄事業負担金,6,3,1,"36,506,914",365,0.036506914
2012,普通建設事業費,同級他団体負担金,同級他団体負担金,6,4,1,0,0,0
2012,普通建設事業費,受託事業費,補助事業費,6,5,1,"4,176,214",42,0.004176214
2012,普通建設事業費,受託事業費,単独事業費,6,5,2,"1,356,493",14,0.001356493
2012,災害復旧事業費,災害復旧事業費,災害復旧事業費,7,1,1,"1,349,047",13,0.001349047
2012,失業対策事業費,失業対策事業費,失業対策事業費,8,1,1,0,0,0
2012,公債費,通常債分,元金,9,1,1,"414,576,505","4,146",0.414576505
2012,公債費,通常債分,利子,9,1,2,"108,704,257","1,087",0.108704257
2012,公債費,転貸債分,元金,9,2,1,"1,409,596",14,0.001409596
2012,公債費,転貸債分,利子,9,2,2,"197,995",2,0.000197995
2012,公債費,一時借入金利子,一時借入金利子,9,3,1,829,0,0.000000829
2012,積立金,積立金,積立金,10,1,1,"122,299,297","1,223",0.122299297
2012,投資及び出資金,投資及び出資金,投資及び出資金,11,11,1,"72,951,043",730,0.072951043
2012,貸付金,貸付金,貸付金,12,1,1,"270,233,269","2,702",0.270233269
2012,繰出金,繰出金,繰出金,13,1,1,"8,738,765",87,0.008738765
2012,前年度繰上充用金,前年度繰上充用金,前年度繰上充用金,14,1,1,0,0,0
2013,人件費,議員報酬等,議員報酬等,1,1,1,"2,076,786",21,0.002076786
2013,人件費,委員等報酬,委員等報酬,1,2,1,"45,406,202",454,0.045406202
2013,人件費,知事等特別職の給与,知事等特別職の給与,1,3,1,"141,692",1,0.000141692
2013,人件費,職員給,職員給,1,4,1,"1,054,604,429","10,546",1.054604429
2013,人件費,共済組合負担金,共済組合負担金,1,5,1,"196,469,218","1,965",0.196469218
2013,人件費,退職金,退職金,1,6,1,"125,244,852","1,252",0.125244852
2013,人件費,恩給及び退職年金,恩給及び退職年金,1,7,1,"2,719,266",27,0.002719266
2013,人件費,災害補償費,災害補償費,1,8,1,"2,755,888",28,0.002755888
2013,人件費,職員互助会補助金,職員互助会補助金,1,9,1,"239,853",2,0.000239853
2013,人件費,その他,その他,1,10,1,"15,757,216",158,0.015757216
2013,物件費,賃金,賃金,2,1,1,"1,203,803",12,0.001203803
2013,物件費,旅費,旅費,2,2,1,"5,587,116",56,0.005587116
2013,物件費,交際費,交際費,2,3,1,"32,282",0,0.000032282
2013,物件費,需用費,需用費,2,4,1,"51,515,653",515,0.051515653
2013,物件費,役務費,役務費,2,5,1,"21,046,333",210,0.021046333
2013,物件費,備品購入費,備品購入費,2,6,1,"3,156,642",32,0.003156642
2013,物件費,委託料,委託料,2,7,1,"113,914,858","1,139",0.113914858
2013,物件費,その他,その他,2,8,1,"45,437,440",454,0.04543744
2013,維持補修費,土木施設,土木施設,3,1,1,"42,367,949",424,0.042367949
2013,維持補修費,建物,建物,3,2,1,"44,732,799",447,0.044732799
2013,維持補修費,その他,その他,3,3,1,"1,328,688",13,0.001328688
2013,扶助費,社会福祉費,社会福祉費,4,1,1,"52,416,702",524,0.052416702
2013,扶助費,老人福祉費,老人福祉費,4,2,1,"55,610",1,0.00005561
2013,扶助費,児童福祉費,児童福祉費,4,3,1,"42,959,656",430,0.042959656
2013,扶助費,生活保護費,生活保護費,4,4,1,"2,578,152",26,0.002578152
2013,扶助費,災害救助費,災害救助費,4,5,1,0,0,0
2013,扶助費,公衆衛生費,公衆衛生費,4,6,1,"25,806,837",258,0.025806837
2013,扶助費,その他,その他,4,7,1,"2,756,749",28,0.002756749
2013,補助費等,対　国,対　国,5,1,1,"15,710,046",157,0.015710046
2013,補助費等,対　同級他団体,対　同級他団体,5,2,1,"1,969,648",20,0.001969648
2013,補助費等,対　市町村,対　市町村,5,3,1,"1,497,977,046","14,980",1.497977046
2013,補助費等,対　その他,対　その他,5,4,1,"934,155,350","9,342",0.93415535
2013,普通建設事業費,補助事業費,その団体で行うもの,6,1,1,"220,619,133","2,206",0.220619133
2013,普通建設事業費,補助事業費,補助金,6,1,2,"22,787,901",228,0.022787901
2013,普通建設事業費,単独事業費,その団体で行うもの,6,2,1,"370,272,435","3,703",0.370272435
2013,普通建設事業費,単独事業費,補助金,6,2,2,"106,561,850","1,066",0.10656185
2013,普通建設事業費,国直轄事業負担金,国直轄事業負担金,6,3,1,"30,958,292",310,0.030958292
2013,普通建設事業費,同級他団体負担金,同級他団体負担金,6,4,1,0,0,0
2013,普通建設事業費,受託事業費,補助事業費,6,5,1,"3,415,552",34,0.003415552
2013,普通建設事業費,受託事業費,単独事業費,6,5,2,"1,752,641",18,0.001752641
2013,災害復旧事業費,災害復旧事業費,災害復旧事業費,7,1,1,"2,487,195",25,0.002487195
2013,失業対策事業費,失業対策事業費,失業対策事業費,8,1,1,0,0,0
2013,公債費,通常債分,元金,9,1,1,"438,563,907","4,386",0.438563907
2013,公債費,通常債分,利子,9,1,2,"107,290,446","1,073",0.107290446
2013,公債費,転貸債分,元金,9,2,1,"1,454,274",15,0.001454274
2013,公債費,転貸債分,利子,9,2,2,"159,117",2,0.000159117
2013,公債費,一時借入金利子,一時借入金利子,9,3,1,822,0,0.000000822
2013,積立金,積立金,積立金,10,1,1,"178,566,324","1,786",0.178566324
2013,投資及び出資金,投資及び出資金,投資及び出資金,11,11,1,"71,355,853",714,0.071355853
2013,貸付金,貸付金,貸付金,12,1,1,"285,152,339","2,852",0.285152339
2013,繰出金,繰出金,繰出金,13,1,1,"8,715,380",87,0.00871538
2013,前年度繰上充用金,前年度繰上充用金,前年度繰上充用金,14,1,1,0,0,0
2014,人件費,議員報酬等,議員報酬等,1,1,1,"2,166,385",22,0.002166385
2014,人件費,委員等報酬,委員等報酬,1,2,1,"46,235,261",462,0.046235261
2014,人件費,知事等特別職の給与,知事等特別職の給与,1,3,1,"162,888",2,0.000162888
2014,人件費,職員給,職員給,1,4,1,"1,071,140,945","10,711",1.071140945
2014,人件費,共済組合負担金,共済組合負担金,1,5,1,"197,693,000","1,977",0.197693
2014,人件費,退職金,退職金,1,6,1,"119,013,368","1,190",0.119013368
2014,人件費,恩給及び退職年金,恩給及び退職年金,1,7,1,"2,356,828",24,0.002356828
2014,人件費,災害補償費,災害補償費,1,8,1,"2,510,258",25,0.002510258
2014,人件費,職員互助会補助金,職員互助会補助金,1,9,1,"254,650",3,0.00025465
2014,人件費,その他,その他,1,10,1,"16,647,747",166,0.016647747
2014,物件費,賃金,賃金,2,1,1,"1,308,367",13,0.001308367
2014,物件費,旅費,旅費,2,2,1,"5,935,831",59,0.005935831
2014,物件費,交際費,交際費,2,3,1,"32,648",0,0.000032648
2014,物件費,需用費,需用費,2,4,1,"54,375,010",544,0.05437501
2014,物件費,役務費,役務費,2,5,1,"20,604,365",206,0.020604365
2014,物件費,備品購入費,備品購入費,2,6,1,"3,288,883",33,0.003288883
2014,物件費,委託料,委託料,2,7,1,"116,996,587","1,170",0.116996587
2014,物件費,その他,その他,2,8,1,"48,043,934",480,0.048043934
2014,維持補修費,土木施設,土木施設,3,1,1,"45,509,841",455,0.045509841
2014,維持補修費,建物,建物,3,2,1,"49,610,715",496,0.049610715
2014,維持補修費,その他,その他,3,3,1,"1,470,425",15,0.001470425
2014,扶助費,社会福祉費,社会福祉費,4,1,1,"53,210,119",532,0.053210119
2014,扶助費,老人福祉費,老人福祉費,4,2,1,"26,822",0,0.000026822
2014,扶助費,児童福祉費,児童福祉費,4,3,1,"44,047,922",440,0.044047922
2014,扶助費,生活保護費,生活保護費,4,4,1,"2,621,198",26,0.002621198
2014,扶助費,災害救助費,災害救助費,4,5,1,0,0,0
2014,扶助費,公衆衛生費,公衆衛生費,4,6,1,"26,675,146",267,0.026675146
2014,扶助費,その他,その他,4,7,1,"3,028,587",30,0.003028587
2014,補助費等,対　国,対　国,5,1,1,"8,273,406",83,0.008273406
2014,補助費等,対　同級他団体,対　同級他団体,5,2,1,"2,149,531",21,0.002149531
2014,補助費等,対　市町村,対　市町村,5,3,1,"1,591,984,235","15,920",1.591984235
2014,補助費等,対　その他,対　その他,5,4,1,"962,741,640","9,627",0.96274164
2014,普通建設事業費,補助事業費,その団体で行うもの,6,1,1,"209,365,074","2,094",0.209365074
2014,普通建設事業費,補助事業費,補助金,6,1,2,"28,181,846",282,0.028181846
2014,普通建設事業費,単独事業費,その団体で行うもの,6,2,1,"369,264,675","3,693",0.369264675
2014,普通建設事業費,単独事業費,補助金,6,2,2,"115,601,103","1,156",0.115601103
2014,普通建設事業費,国直轄事業負担金,国直轄事業負担金,6,3,1,"26,876,205",269,0.026876205
2014,普通建設事業費,同級他団体負担金,同級他団体負担金,6,4,1,0,0,0
2014,普通建設事業費,受託事業費,補助事業費,6,5,1,"1,791,264",18,0.001791264
2014,普通建設事業費,受託事業費,単独事業費,6,5,2,"2,445,487",24,0.002445487
2014,災害復旧事業費,災害復旧事業費,災害復旧事業費,7,1,1,"4,350,971",44,0.004350971
2014,失業対策事業費,失業対策事業費,失業対策事業費,8,1,1,0,0,0
2014,公債費,通常債分,元金,9,1,1,"492,214,888","4,922",0.492214888
2014,公債費,通常債分,利子,9,1,2,"96,767,083",968,0.096767083
2014,公債費,転貸債分,元金,9,2,1,"1,306,722",13,0.001306722
2014,公債費,転貸債分,利子,9,2,2,"119,765",1,0.000119765
2014,公債費,一時借入金利子,一時借入金利子,9,3,1,548,0,0.000000548
2014,積立金,積立金,積立金,10,1,1,"363,978,926","3,640",0.363978926
2014,投資及び出資金,投資及び出資金,投資及び出資金,11,11,1,"87,429,966",874,0.087429966
2014,貸付金,貸付金,貸付金,12,1,1,"245,705,541","2,457",0.245705541
2014,繰出金,繰出金,繰出金,13,1,1,"8,500,713",85,0.008500713
2014,前年度繰上充用金,前年度繰上充用金,前年度繰上充用金,14,1,1,0,0,0
2015,人件費,議員報酬等,議員報酬等,1,1,1,"2,136,434",21,0.002136434
2015,人件費,委員等報酬,委員等報酬,1,2,1,"48,105,833",481,0.048105833
2015,人件費,知事等特別職の給与,知事等特別職の給与,1,3,1,"167,136",2,0.000167136
2015,人件費,職員給,職員給,1,4,1,"1,085,925,790","10,859",1.08592579
2015,人件費,共済組合負担金,共済組合負担金,1,5,1,"205,463,869","2,055",0.205463869
2015,人件費,退職金,退職金,1,6,1,"112,224,722","1,122",0.112224722
2015,人件費,恩給及び退職年金,恩給及び退職年金,1,7,1,"2,061,765",21,0.002061765
2015,人件費,災害補償費,災害補償費,1,8,1,"2,396,089",24,0.002396089
2015,人件費,職員互助会補助金,職員互助会補助金,1,9,1,"78,359",1,0.000078359
2015,人件費,その他,その他,1,10,1,"16,948,775",169,0.016948775
2015,物件費,賃金,賃金,2,1,1,"1,291,941",13,0.001291941
2015,物件費,旅費,旅費,2,2,1,"5,961,039",60,0.005961039
2015,物件費,交際費,交際費,2,3,1,"34,732",0,0.000034732
2015,物件費,需用費,需用費,2,4,1,"56,034,199",560,0.056034199
2015,物件費,役務費,役務費,2,5,1,"19,629,045",196,0.019629045
2015,物件費,備品購入費,備品購入費,2,6,1,"3,474,623",35,0.003474623
2015,物件費,委託料,委託料,2,7,1,"120,289,702","1,203",0.120289702
2015,物件費,その他,その他,2,8,1,"49,370,022",516,0.049370022
2015,維持補修費,土木施設,土木施設,3,1,1,"46,480,941",465,0.046480941
2015,維持補修費,建物,建物,3,2,1,"52,520,329",525,0.052520329
2015,維持補修費,その他,その他,3,3,1,"1,504,567",15,0.001504567
2015,扶助費,社会福祉費,社会福祉費,4,1,1,"52,608,742",526,0.052608742
2015,扶助費,老人福祉費,老人福祉費,4,2,1,500,0,0.0000005
2015,扶助費,児童福祉費,児童福祉費,4,3,1,"46,204,257",462,0.046204257
2015,扶助費,生活保護費,生活保護費,4,4,1,"2,659,259",27,0.002659259
2015,扶助費,災害救助費,災害救助費,4,5,1,0,0,0
2015,扶助費,公衆衛生費,公衆衛生費,4,6,1,"26,715,960",267,0.02671596
2015,扶助費,その他,その他,4,7,1,"3,105,896",31,0.003105896
2015,補助費等,対　国,対　国,5,1,1,"28,514,105",285,0.028514105
2015,補助費等,対　同級他団体,対　同級他団体,5,2,1,"2,322,656",23,0.002322656
2015,補助費等,対　市町村,対　市町村,5,3,1,"1,758,711,274","17,587",1.758711274
2015,補助費等,対　その他,対　その他,5,4,1,"968,582,972","9,686",0.968582972
2015,普通建設事業費,補助事業費,その団体で行うもの,6,1,1,"181,949,737","1,819",0.181949737
2015,普通建設事業費,補助事業費,補助金,6,1,2,"26,840,318",268,0.026840318
2015,普通建設事業費,単独事業費,その団体で行うもの,6,2,1,"407,845,349","4,078",0.407845349
2015,普通建設事業費,単独事業費,補助金,6,2,2,"110,151,699","1,102",0.110151699
2015,普通建設事業費,国直轄事業負担金,国直轄事業負担金,6,3,1,"35,770,328",358,0.035770328
2015,普通建設事業費,同級他団体負担金,同級他団体負担金,6,4,1,0,0,0
2015,普通建設事業費,受託事業費,補助事業費,6,5,1,"1,587,618",16,0.001587618
2015,普通建設事業費,受託事業費,単独事業費,6,5,2,"1,706,923",17,0.001706923
2015,災害復旧事業費,災害復旧事業費,災害復旧事業費,7,1,1,"4,441,157",44,0.004441157
2015,失業対策事業費,失業対策事業費,失業対策事業費,8,1,1,0,0,0
2015,公債費,通常債分,元金,9,1,1,"443,325,500","4,411",0.4433255
2015,公債費,通常債分,利子,9,1,2,"86,896,718",869,0.086896718
2015,公債費,転貸債分,元金,9,2,1,"1,030,732",10,0.001030732
2015,公債費,転貸債分,利子,9,2,2,"91,105",1,0.000091105
2015,公債費,一時借入金利子,一時借入金利子,9,3,1,274,0,0.000000274
2015,積立金,積立金,積立金,10,1,1,"585,968,230","5,860",0.58596823
2015,投資及び出資金,投資及び出資金,投資及び出資金,11,11,1,"75,108,272",751,0.075108272
2015,貸付金,貸付金,貸付金,12,1,1,"243,057,707","2,431",0.243057707
2015,繰出金,繰出金,繰出金,13,1,1,"7,449,028",74,0.007449028
2015,前年度繰上充用金,前年度繰上充用金,前年度繰上充用金,14,1,1,0,0,0
2016,人件費,議員報酬等,議員報酬等,1,1,1,"2,168,459",22,0.002168459
2016,人件費,委員等報酬,委員等報酬,1,2,1,"49,961,262",500,0.049961262
2016,人件費,知事等特別職の給与,知事等特別職の給与,1,3,1,"168,927",2,0.000168927
2016,人件費,職員給,職員給,1,4,1,"1,095,411,651","10,954",1.095411651
2016,人件費,共済組合負担金,共済組合負担金,1,5,1,"218,630,300","2,186",0.2186303
2016,人件費,退職金,退職金,1,6,1,"106,646,898","1,066",0.106646898
2016,人件費,恩給及び退職年金,恩給及び退職年金,1,7,1,"1,773,738",18,0.001773738
2016,人件費,災害補償費,災害補償費,1,8,1,"2,444,821",24,0.002444821
2016,人件費,職員互助会補助金,職員互助会補助金,1,9,1,"78,587",1,0.000078587
2016,人件費,その他,その他,1,10,1,"17,550,246",176,0.017550246
2016,物件費,賃金,賃金,2,1,1,"1,317,799",13,0.001317799
2016,物件費,旅費,旅費,2,2,1,"6,121,723",61,0.006121723
2016,物件費,交際費,交際費,2,3,1,"34,900",0,0.0000349
2016,物件費,需用費,需用費,2,4,1,"50,857,608",509,0.050857608
2016,物件費,役務費,役務費,2,5,1,"20,748,862",207,0.020748862
2016,物件費,備品購入費,備品購入費,2,6,1,"3,393,255",34,0.003393255
2016,物件費,委託料,委託料,2,7,1,"130,726,872","1,307",0.130726872
2016,物件費,その他,その他,2,8,1,"56,685,730",582,0.05668573
2016,維持補修費,土木施設,土木施設,3,1,1,"46,470,410",465,0.04647041
2016,維持補修費,建物,建物,3,2,1,"55,102,078",551,0.055102078
2016,維持補修費,その他,その他,3,3,1,"1,474,119",15,0.001474119
2016,扶助費,社会福祉費,社会福祉費,4,1,1,"52,801,405",528,0.052801405
2016,扶助費,老人福祉費,老人福祉費,4,2,1,0,0,0
2016,扶助費,児童福祉費,児童福祉費,4,3,1,"47,683,417",477,0.047683417
2016,扶助費,生活保護費,生活保護費,4,4,1,"2,509,989",25,0.002509989
2016,扶助費,災害救助費,災害救助費,4,5,1,"9,391",0,0.000009391
2016,扶助費,公衆衛生費,公衆衛生費,4,6,1,"28,380,958",284,0.028380958
2016,扶助費,その他,その他,4,7,1,"3,001,391",30,0.003001391
2016,補助費等,対　国,対　国,5,1,1,"8,579,710",86,0.00857971
2016,補助費等,対　同級他団体,対　同級他団体,5,2,1,"1,659,322",17,0.001659322
2016,補助費等,対　市町村,対　市町村,5,3,1,"1,704,008,292","17,040",1.704008292
2016,補助費等,対　その他,対　その他,5,4,1,"985,437,884","9,854",0.985437884
2016,普通建設事業費,補助事業費,その団体で行うもの,6,1,1,"174,424,451","1,744",0.174424451
2016,普通建設事業費,補助事業費,補助金,6,1,2,"25,632,432",256,0.025632432
2016,普通建設事業費,単独事業費,その団体で行うもの,6,2,1,"497,342,373","4,973",0.497342373
2016,普通建設事業費,単独事業費,補助金,6,2,2,"119,829,688","1,198",0.119829688
2016,普通建設事業費,国直轄事業負担金,国直轄事業負担金,6,3,1,"49,309,612",493,0.049309612
2016,普通建設事業費,同級他団体負担金,同級他団体負担金,6,4,1,0,0,0
2016,普通建設事業費,受託事業費,補助事業費,6,5,1,"1,702,322",17,0.001702322
2016,普通建設事業費,受託事業費,単独事業費,6,5,2,"2,086,868",21,0.002086868
2016,災害復旧事業費,災害復旧事業費,災害復旧事業費,7,1,1,"4,290,572",43,0.004290572
2016,失業対策事業費,失業対策事業費,失業対策事業費,8,1,1,0,0,0
2016,公債費,通常債分,元金,9,1,1,"398,353,158","3,968",0.398353158
2016,公債費,通常債分,利子,9,1,2,"76,652,377",767,0.076652377
2016,公債費,転貸債分,元金,9,2,1,"947,698",9,0.000947698
2016,公債費,転貸債分,利子,9,2,2,"70,173",1,0.000070173
2016,公債費,一時借入金利子,一時借入金利子,9,3,1,28,0,0.000000028
2016,積立金,積立金,積立金,10,1,1,"367,985,240","3,680",0.36798524
2016,投資及び出資金,投資及び出資金,投資及び出資金,11,11,1,"64,823,560",648,0.06482356
2016,貸付金,貸付金,貸付金,12,1,1,"251,384,253","2,514",0.251384253
2016,繰出金,繰出金,繰出金,13,1,1,"7,196,612",72,0.007196612
2016,前年度繰上充用金,前年度繰上充用金,前年度繰上充用金,14,1,1,0,0,0
2017,人件費,議員報酬等,議員報酬等,1,1,1,"1,714,099",17,0.001714099
2017,人件費,委員等報酬,委員等報酬,1,2,1,"51,336,291",513,0.051336291
2017,人件費,知事等特別職の給与,知事等特別職の給与,1,3,1,"166,841",2,0.000166841
2017,人件費,職員給,職員給,1,4,1,"1,104,755,280","11,048",1.10475528
2017,人件費,共済組合負担金,共済組合負担金,1,5,1,"226,125,373","2,261",0.226125373
2017,人件費,退職金,退職金,1,6,1,"91,515,229",915,0.091515229
2017,人件費,恩給及び退職年金,恩給及び退職年金,1,7,1,"1,532,131",15,0.001532131
2017,人件費,災害補償費,災害補償費,1,8,1,"2,211,804",22,0.002211804
2017,人件費,職員互助会補助金,職員互助会補助金,1,9,1,"85,048",1,0.000085048
2017,人件費,その他,その他,1,10,1,"17,174,505",172,0.017174505
2017,物件費,賃金,賃金,2,1,1,"1,311,074",13,0.001311074
2017,物件費,旅費,旅費,2,2,1,"6,132,713",61,0.006132713
2017,物件費,交際費,交際費,2,3,1,"34,668",0,0.000034668
2017,物件費,需用費,需用費,2,4,1,"52,865,556",529,0.052865556
2017,物件費,役務費,役務費,2,5,1,"19,410,077",194,0.019410077
2017,物件費,備品購入費,備品購入費,2,6,1,"5,409,690",54,0.00540969
2017,物件費,委託料,委託料,2,7,1,"136,892,749","1,369",0.136892749
2017,物件費,その他,その他,2,8,1,"60,789,590",620,0.06078959
2017,維持補修費,土木施設,土木施設,3,1,1,"48,333,330",483,0.04833333
2017,維持補修費,建物,建物,3,2,1,"55,157,951",552,0.055157951
2017,維持補修費,その他,その他,3,3,1,"1,399,107",14,0.001399107
2017,扶助費,社会福祉費,社会福祉費,4,1,1,"54,140,617",541,0.054140617
2017,扶助費,老人福祉費,老人福祉費,4,2,1,492,0,0.000000492
2017,扶助費,児童福祉費,児童福祉費,4,3,1,"49,387,508",494,0.049387508
2017,扶助費,生活保護費,生活保護費,4,4,1,"2,405,524",24,0.002405524
2017,扶助費,災害救助費,災害救助費,4,5,1,0,0,0
2017,扶助費,公衆衛生費,公衆衛生費,4,6,1,"28,894,060",289,0.02889406
2017,扶助費,その他,その他,4,7,1,"2,887,605",29,0.002887605
2017,補助費等,対　国,対　国,5,1,1,"13,125,839",131,0.013125839
2017,補助費等,対　同級他団体,対　同級他団体,5,2,1,"199,914",2,0.000199914
2017,補助費等,対　市町村,対　市町村,5,3,1,"1,756,183,920","17,562",1.75618392
2017,補助費等,対　その他,対　その他,5,4,1,"1,026,344,728","10,263",1.026344728
2017,普通建設事業費,補助事業費,その団体で行うもの,6,1,1,"153,991,573","1,540",0.153991573
2017,普通建設事業費,補助事業費,補助金,6,1,2,"22,728,206",227,0.022728206
2017,普通建設事業費,単独事業費,その団体で行うもの,6,2,1,"475,626,818","4,756",0.475626818
2017,普通建設事業費,単独事業費,補助金,6,2,2,"112,780,667","1,128",0.112780667
2017,普通建設事業費,国直轄事業負担金,国直轄事業負担金,6,3,1,"44,115,151",441,0.044115151
2017,普通建設事業費,同級他団体負担金,同級他団体負担金,6,4,1,0,0,0
2017,普通建設事業費,受託事業費,補助事業費,6,5,1,"3,744,005",37,0.003744005
2017,普通建設事業費,受託事業費,単独事業費,6,5,2,"2,219,382",22,0.002219382
2017,災害復旧事業費,災害復旧事業費,災害復旧事業費,7,1,1,"1,226,630",12,0.00122663
2017,失業対策事業費,失業対策事業費,失業対策事業費,8,1,1,0,0,0
2017,公債費,通常債分,元金,9,1,1,"486,937,949","4,858",0.486937949
2017,公債費,通常債分,利子,9,1,2,"69,383,390",694,0.06938339
2017,公債費,転貸債分,元金,9,2,1,"715,773",7,0.000715773
2017,公債費,転貸債分,利子,9,2,2,"54,691",1,0.000054691
2017,公債費,一時借入金利子,一時借入金利子,9,3,1,28,0,0.000000028
2017,積立金,積立金,積立金,10,1,1,"293,545,563","2,935",0.293545563
2017,投資及び出資金,投資及び出資金,投資及び出資金,11,11,1,"76,976,015",770,0.076976015
2017,貸付金,貸付金,貸付金,12,1,1,"258,644,498","2,586",0.258644498
2017,繰出金,繰出金,繰出金,13,1,1,"6,857,311",69,0.006857311
2017,前年度繰上充用金,前年度繰上充用金,前年度繰上充用金,14,1,1,0,0,0
2018,人件費,議員報酬等,議員報酬等,1,1,1,"1,768,216",18,0.001768216
2018,人件費,委員等報酬,委員等報酬,1,2,1,"52,301,105",523,0.052301105
2018,人件費,知事等特別職の給与,知事等特別職の給与,1,3,1,"156,299",2,0.000156299
2018,人件費,職員給,職員給,1,4,1,"1,118,054,988","11,181",1.118054988
2018,人件費,共済組合負担金,共済組合負担金,1,5,1,"223,761,205","2,238",0.223761205
2018,人件費,退職金,退職金,1,6,1,"94,125,474",941,0.094125474
2018,人件費,恩給及び退職年金,恩給及び退職年金,1,7,1,"1,334,632",13,0.001334632
2018,人件費,災害補償費,災害補償費,1,8,1,"2,557,443",26,0.002557443
2018,人件費,職員互助会補助金,職員互助会補助金,1,9,1,"78,587",1,0.000078587
2018,人件費,その他,その他,1,10,1,"18,185,433",182,0.018185433
2018,物件費,賃金,賃金,2,1,1,"1,328,433",13,0.001328433
2018,物件費,旅費,旅費,2,2,1,"6,234,975",62,0.006234975
2018,物件費,交際費,交際費,2,3,1,"35,463",0,0.000035463
2018,物件費,需用費,需用費,2,4,1,"51,995,024",520,0.051995024
2018,物件費,役務費,役務費,2,5,1,"19,505,050",195,0.01950505
2018,物件費,備品購入費,備品購入費,2,6,1,"4,434,947",44,0.004434947
2018,物件費,委託料,委託料,2,7,1,"151,674,592","1,517",0.151674592
2018,物件費,その他,その他,2,8,1,"63,439,496",647,0.063439496
2018,維持補修費,土木施設,土木施設,3,1,1,"49,377,333",494,0.049377333
2018,維持補修費,建物,建物,3,2,1,"51,219,863",512,0.051219863
2018,維持補修費,その他,その他,3,3,1,"4,349,627",43,0.004349627
2018,扶助費,社会福祉費,社会福祉費,4,1,1,"54,897,766",549,0.054897766
2018,扶助費,老人福祉費,老人福祉費,4,2,1,212,0,0.000000212
2018,扶助費,児童福祉費,児童福祉費,4,3,1,"49,958,651",500,0.049958651
2018,扶助費,生活保護費,生活保護費,4,4,1,"2,472,068",25,0.002472068
2018,扶助費,災害救助費,災害救助費,4,5,1,0,0,0
2018,扶助費,公衆衛生費,公衆衛生費,4,6,1,"27,630,507",276,0.027630507
2018,扶助費,その他,その他,4,7,1,"2,856,768",29,0.002856768
2018,補助費等,対　国,対　国,5,1,1,"10,354,060",104,0.01035406
2018,補助費等,対　同級他団体,対　同級他団体,5,2,1,"17,806",0,0.000017806
2018,補助費等,対　市町村,対　市町村,5,3,1,"1,780,751,438","17,808",1.780751438
2018,補助費等,対　その他,対　その他,5,4,1,"941,226,951","9,412",0.941226951
2018,普通建設事業費,補助事業費,その団体で行うもの,6,1,1,"153,100,863","1,531",0.153100863
2018,普通建設事業費,補助事業費,補助金,6,1,2,"14,382,641",144,0.014382641
2018,普通建設事業費,単独事業費,その団体で行うもの,6,2,1,"1,110,199,596","11,102",1.110199596
2018,普通建設事業費,単独事業費,補助金,6,2,2,"146,715,437","1,467",0.146715437
2018,普通建設事業費,国直轄事業負担金,国直轄事業負担金,6,3,1,"42,586,617",426,0.042586617
2018,普通建設事業費,同級他団体負担金,同級他団体負担金,6,4,1,0,0,0
2018,普通建設事業費,受託事業費,補助事業費,6,5,1,"2,944,505",29,0.002944505
2018,普通建設事業費,受託事業費,単独事業費,6,5,2,"4,569,840",46,0.00456984
2018,災害復旧事業費,災害復旧事業費,災害復旧事業費,7,1,1,"1,507,736",15,0.001507736
2018,失業対策事業費,失業対策事業費,失業対策事業費,8,1,1,0,0,0
2018,公債費,通常債分,元金,9,1,1,"409,133,529","4,078",0.409133529
2018,公債費,通常債分,利子,9,1,2,"64,753,315",648,0.064753315
2018,公債費,転貸債分,元金,9,2,1,"542,877",5,0.000542877
2018,公債費,転貸債分,利子,9,2,2,"44,011",0,0.000044011
2018,公債費,一時借入金利子,一時借入金利子,9,3,1,27,0,0.000000027
2018,積立金,積立金,積立金,10,1,1,"189,617,218","1,896",0.189617218
2018,投資及び出資金,投資及び出資金,投資及び出資金,11,11,1,"84,315,044",843,0.084315044
2018,貸付金,貸付金,貸付金,12,1,1,"278,174,720","2,782",0.27817472
2018,繰出金,繰出金,繰出金,13,1,1,"90,339,592",903,0.090339592
2018,前年度繰上充用金,前年度繰上充用金,前年度繰上充用金,14,1,1,0,0,0
2019,人件費,議員報酬等,議員報酬等,1,1,1,"1,751,995",18,0.001751995
2019,人件費,委員等報酬,委員等報酬,1,2,1,"54,084,603",541,0.054084603
2019,人件費,知事等特別職の給与,知事等特別職の給与,1,3,1,"167,785",2,0.000167785
2019,人件費,職員給,職員給,1,4,1,"1,137,327,369","11,373",1.137327369
2019,人件費,共済組合負担金,共済組合負担金,1,5,1,"227,862,025","2,279",0.227862025
2019,人件費,退職金,退職金,1,6,1,"89,478,597",895,0.089478597
2019,人件費,恩給及び退職年金,恩給及び退職年金,1,7,1,"1,152,922",12,0.001152922
2019,人件費,災害補償費,災害補償費,1,8,1,"2,522,158",25,0.002522158
2019,人件費,職員互助会補助金,職員互助会補助金,1,9,1,"79,312",1,0.000079312
2019,人件費,その他,その他,1,10,1,"17,633,072",176,0.017633072
2019,物件費,賃金,賃金,2,1,1,"1,348,854",13,0.001348854
2019,物件費,旅費,旅費,2,2,1,"6,176,781",62,0.006176781
2019,物件費,交際費,交際費,2,3,1,"33,252",0,0.000033252
2019,物件費,需用費,需用費,2,4,1,"57,972,709",580,0.057972709
2019,物件費,役務費,役務費,2,5,1,"21,901,386",219,0.021901386
2019,物件費,備品購入費,備品購入費,2,6,1,"4,715,595",47,0.004715595
2019,物件費,委託料,委託料,2,7,1,"163,262,740","1,633",0.16326274
2019,物件費,その他,その他,2,8,1,"78,633,075",801,0.078633075
2019,維持補修費,土木施設,土木施設,3,1,1,"51,589,078",516,0.051589078
2019,維持補修費,建物,建物,3,2,1,"52,174,996",522,0.052174996
2019,維持補修費,その他,その他,3,3,1,"4,583,553",46,0.004583553
2019,扶助費,社会福祉費,社会福祉費,4,1,1,"55,997,955",560,0.055997955
2019,扶助費,老人福祉費,老人福祉費,4,2,1,588,0,0.000000588
2019,扶助費,児童福祉費,児童福祉費,4,3,1,"52,226,396",522,0.052226396
2019,扶助費,生活保護費,生活保護費,4,4,1,"2,511,414",25,0.002511414
2019,扶助費,災害救助費,災害救助費,4,5,1,0,0,0
2019,扶助費,公衆衛生費,公衆衛生費,4,6,1,"29,136,204",291,0.029136204
2019,扶助費,その他,その他,4,7,1,"2,767,553",28,0.002767553
2019,補助費等,対　国,対　国,5,1,1,"13,109,137",131,0.013109137
2019,補助費等,対　同級他団体,対　同級他団体,5,2,1,"23,437",0,0.000023437
2019,補助費等,対　市町村,対　市町村,5,3,1,"1,834,492,589","18,345",1.834492589
2019,補助費等,対　その他,対　その他,5,4,1,"1,064,586,321","10,646",1.064586321
2019,普通建設事業費,補助事業費,その団体で行うもの,6,1,1,"152,647,902","1,526",0.152647902
2019,普通建設事業費,補助事業費,補助金,6,1,2,"14,833,212",148,0.014833212
2019,普通建設事業費,単独事業費,その団体で行うもの,6,2,1,"721,197,806","7,212",0.721197806
2019,普通建設事業費,単独事業費,補助金,6,2,2,"185,626,901","1,856",0.185626901
2019,普通建設事業費,国直轄事業負担金,国直轄事業負担金,6,3,1,"33,916,770",339,0.03391677
2019,普通建設事業費,同級他団体負担金,同級他団体負担金,6,4,1,0,0,0
2019,普通建設事業費,受託事業費,補助事業費,6,5,1,"3,564,580",36,0.00356458
2019,普通建設事業費,受託事業費,単独事業費,6,5,2,"2,885,554",29,0.002885554
2019,災害復旧事業費,災害復旧事業費,災害復旧事業費,7,1,1,"2,464,051",25,0.002464051
2019,失業対策事業費,失業対策事業費,失業対策事業費,8,1,1,0,0,0
2019,公債費,通常債分,元金,9,1,1,"347,229,212","3,457",0.347229212
2019,公債費,通常債分,利子,9,1,2,"58,201,203",582,0.058201203
2019,公債費,転貸債分,元金,9,2,1,"561,979",6,0.000561979
2019,公債費,転貸債分,利子,9,2,2,"35,443",0,0.000035443
2019,公債費,一時借入金利子,一時借入金利子,9,3,1,581,0,0.000000581
2019,積立金,積立金,積立金,10,1,1,"569,387,339","5,694",0.569387339
2019,投資及び出資金,投資及び出資金,投資及び出資金,11,11,1,"71,080,805",711,0.071080805
2019,貸付金,貸付金,貸付金,12,1,1,"297,647,879","2,976",0.297647879
2019,繰出金,繰出金,繰出金,13,1,1,"90,530,088",905,0.090530088
2019,前年度繰上充用金,前年度繰上充用金,前年度繰上充用金,14,1,1,0,0,0
2020,人件費,議員報酬等,議員報酬等,1,1,1,"1,758,497",18,0.001758497
2020,人件費,委員等報酬,委員等報酬,1,2,1,"64,000,428",640,0.064000428
2020,人件費,知事等特別職の給与,知事等特別職の給与,1,3,1,"187,019",2,0.000187019
2020,人件費,職員給,職員給,1,4,1,"1,127,180,532","11,272",1.127180532
2020,人件費,共済組合負担金,共済組合負担金,1,5,1,"229,066,959","2,291",0.229066959
2020,人件費,退職金,退職金,1,6,1,"85,815,919",858,0.085815919
2020,人件費,恩給及び退職年金,恩給及び退職年金,1,7,1,"977,023",10,0.000977023
2020,人件費,災害補償費,災害補償費,1,8,1,"2,648,468",26,0.002648468
2020,人件費,職員互助会補助金,職員互助会補助金,1,9,1,"79,586",1,0.000079586
2020,人件費,その他,その他,1,10,1,"14,437,074",144,0.014437074
2020,物件費,賃金,賃金,2,1,1,0,0,0
2020,物件費,旅費,旅費,2,2,1,"2,557,390",26,0.00255739
2020,物件費,交際費,交際費,2,3,1,"7,894",0,0.000007894
2020,物件費,需用費,需用費,2,4,1,"66,211,513",662,0.066211513
2020,物件費,役務費,役務費,2,5,1,"24,883,458",249,0.024883458
2020,物件費,備品購入費,備品購入費,2,6,1,"4,380,062",44,0.004380062
2020,物件費,委託料,委託料,2,7,1,"182,027,538","1,820",0.182027538
2020,物件費,その他,その他,2,8,1,"95,890,089",983,0.095890089
2020,維持補修費,土木施設,土木施設,3,1,1,"53,009,212",530,0.053009212
2020,維持補修費,建物,建物,3,2,1,"50,445,531",504,0.050445531
2020,維持補修費,その他,その他,3,3,1,"4,386,537",44,0.004386537
2020,扶助費,社会福祉費,社会福祉費,4,1,1,"56,264,072",563,0.056264072
2020,扶助費,老人福祉費,老人福祉費,4,2,1,0,0,0
2020,扶助費,児童福祉費,児童福祉費,4,3,1,"51,349,591",513,0.051349591
2020,扶助費,生活保護費,生活保護費,4,4,1,"2,338,494",23,0.002338494
2020,扶助費,災害救助費,災害救助費,4,5,1,0,0,0
2020,扶助費,公衆衛生費,公衆衛生費,4,6,1,"35,437,638",354,0.035437638
2020,扶助費,その他,その他,4,7,1,"2,606,825",26,0.002606825
2020,補助費等,対　国,対　国,5,1,1,"8,848,007",88,0.008848007
2020,補助費等,対　同級他団体,対　同級他団体,5,2,1,"24,756",0,0.000024756
2020,補助費等,対　市町村,対　市町村,5,3,1,"1,884,512,830","18,845",1.88451283
2020,補助費等,対　その他,対　その他,5,4,1,"2,030,668,467","20,307",2.030668467
2020,普通建設事業費,補助事業費,その団体で行うもの,6,1,1,"128,610,364","1,286",0.128610364
2020,普通建設事業費,補助事業費,補助金,6,1,2,"34,033,086",340,0.034033086
2020,普通建設事業費,単独事業費,その団体で行うもの,6,2,1,"511,173,971","5,112",0.511173971
2020,普通建設事業費,単独事業費,補助金,6,2,2,"127,701,712","1,277",0.127701712
2020,普通建設事業費,国直轄事業負担金,国直轄事業負担金,6,3,1,"36,444,111",364,0.036444111
2020,普通建設事業費,同級他団体負担金,同級他団体負担金,6,4,1,0,0,0
2020,普通建設事業費,受託事業費,補助事業費,6,5,1,"131,465",1,0.000131465
2020,普通建設事業費,受託事業費,単独事業費,6,5,2,"1,764,182",18,0.001764182
2020,災害復旧事業費,災害復旧事業費,災害復旧事業費,7,1,1,"3,427,290",34,0.00342729
2020,失業対策事業費,失業対策事業費,失業対策事業費,8,1,1,0,0,0
2020,公債費,通常債分,元金,9,1,1,"336,335,849","3,339",0.336335849
2020,公債費,通常債分,利子,9,1,2,"51,340,244",513,0.051340244
2020,公債費,転貸債分,元金,9,2,1,"460,995",5,0.000460995
2020,公債費,転貸債分,利子,9,2,2,"27,699",0,0.000027699
2020,公債費,一時借入金利子,一時借入金利子,9,3,1,384,0,0.000000384
2020,積立金,積立金,積立金,10,1,1,"293,479,865","2,935",0.293479865
2020,投資及び出資金,投資及び出資金,投資及び出資金,11,11,1,"144,139,137","1,441",0.144139137
2020,貸付金,貸付金,貸付金,12,1,1,"752,571,121","7,526",0.752571121
2020,繰出金,繰出金,繰出金,13,1,1,"105,897,688","1,059",0.105897688
2020,前年度繰上充用金,前年度繰上充用金,前年度繰上充用金,14,1,1,0,0,0
2021,人件費,議員報酬等,議員報酬等,1,1,1,"1,727,521",17,0.001727521
2021,人件費,委員等報酬,委員等報酬,1,2,1,"66,710,992",667,0.066710992
2021,人件費,知事等特別職の給与,知事等特別職の給与,1,3,1,"207,997",2,0.000207997
2021,人件費,地方公務員共済組合負担金,地方公務員共済組合負担金,1,4,1,"228,495,726","2,285",0.228495726
2021,人件費,退職金,退職金,1,5,1,"89,923,100",899,0.0899231
2021,人件費,恩給及び退職年金,恩給及び退職年金,1,6,1,"823,669",8,0.000823669
2021,人件費,災害補償費,災害補償費,1,7,1,"2,543,188",25,0.002543188
2021,人件費,職員互助会補助金,職員互助会補助金,1,8,1,"79,693",1,0.000079693
2021,人件費,その他,その他,1,9,1,"15,185,617",152,0.015185617
2021,人件費,任期の定めのない常勤職員,任期の定めのない常勤職員,1,10,1,"1,082,898,208","10,829",1.082898208
2021,人件費,任期付職員,任期付職員,1,11,1,"19,392,987",194,0.019392987
2021,人件費,再任用職員,再任用職員,1,12,1,"33,849,936",338,0.033849936
2021,人件費,"会計年度任用職員
（フルタイム）","会計年度任用職員
（フルタイム）",1,13,1,0,0,0
2021,物件費,賃金,賃金,2,1,1,0,0,0
2021,物件費,旅費,旅費,2,2,1,"3,112,765",31,0.003112765
2021,物件費,交際費,交際費,2,3,1,"9,146",0,0.000009146
2021,物件費,需用費,需用費,2,4,1,"60,689,968",607,0.060689968
2021,物件費,役務費,役務費,2,5,1,"26,974,725",270,0.026974725
2021,物件費,備品購入費,備品購入費,2,6,1,"3,993,812",40,0.003993812
2021,物件費,委託料,委託料,2,7,1,"356,924,728","3,569",0.356924728
2021,物件費,その他,その他,2,8,1,"88,640,073",886,0.088640073
2021,維持補修費,土木施設,土木施設,3,1,1,"53,753,568",538,0.053753568
2021,維持補修費,建物,建物,3,2,1,"53,577,889",536,0.053577889
2021,維持補修費,その他,その他,3,3,1,"1,392,554",14,0.001392554
2021,扶助費,社会福祉費,社会福祉費,4,1,1,"58,648,145",586,0.058648145
2021,扶助費,老人福祉費,老人福祉費,4,2,1,"1,391",0,0.000001391
2021,扶助費,児童福祉費,児童福祉費,4,3,1,"56,315,420",563,0.05631542
2021,扶助費,生活保護費,生活保護費,4,4,1,"2,365,370",24,0.00236537
2021,扶助費,災害救助費,災害救助費,4,5,1,0,0,0
2021,扶助費,公衆衛生費,公衆衛生費,4,6,1,"49,031,518",490,0.049031518
2021,扶助費,その他,その他,4,7,1,"2,677,140",27,0.00267714
2021,補助費等,対　国,対　国,5,1,1,"45,326,519",453,0.045326519
2021,補助費等,対　同級他団体,対　同級他団体,5,2,1,"25,350",0,0.00002535
2021,補助費等,対　市町村,対　市町村,5,3,1,"2,034,429,396","20,344",2.034429396
2021,補助費等,対　その他,対　その他,5,4,1,"3,358,109,564","33,581",3.358109564
2021,普通建設事業費,補助事業費,その団体で行うもの,6,1,1,"151,990,202","1,520",0.151990202
2021,普通建設事業費,補助事業費,補助金,6,1,2,"24,163,996",242,0.024163996
2021,普通建設事業費,単独事業費,その団体で行うもの,6,2,1,"443,671,426","4,437",0.443671426
2021,普通建設事業費,単独事業費,補助金,6,2,2,"116,112,294","1,161",0.116112294
2021,普通建設事業費,国直轄事業負担金,国直轄事業負担金,6,3,1,"25,490,483",255,0.025490483
2021,普通建設事業費,同級他団体負担金,同級他団体負担金,6,4,1,0,0,0
2021,普通建設事業費,受託事業費,補助事業費,6,5,1,"662,380",7,0.00066238
2021,普通建設事業費,受託事業費,単独事業費,6,5,2,"1,637,106",16,0.001637106
2021,災害復旧事業費,災害復旧事業費,災害復旧事業費,7,1,1,"3,160,619",32,0.003160619
2021,失業対策事業費,失業対策事業費,失業対策事業費,8,1,1,0,0,0
2021,公債費,通常債分,元金,9,1,1,"319,754,152","3,198",0.319754152
2021,公債費,通常債分,利子,9,1,2,"46,902,063",469,0.046902063
2021,公債費,転貸債分,元金,9,2,1,"384,929",4,0.000384929
2021,公債費,転貸債分,利子,9,2,2,"22,128",0,0.000022128
2021,公債費,一時借入金利子,一時借入金利子,9,3,1,"1,622",0,0.000001622
2021,積立金,積立金,積立金,10,1,1,"228,411,200","2,284",0.2284112
2021,投資及び出資金,投資及び出資金,投資及び出資金,11,11,1,"104,564,805","1,046",0.104564805
2021,貸付金,貸付金,貸付金,12,1,1,"233,094,202","2,331",0.233094202
2021,繰出金,繰出金,繰出金,13,1,1,"91,603,196",916,0.091603196
2021,前年度繰上充用金,前年度繰上充用金,前年度繰上充用金,14,1,1,0,0,0
2022,人件費,議員報酬等,議員報酬等,1,1,1,"1,743,972",17,0.001743972
2022,人件費,委員等報酬,委員等報酬,1,2,1,"69,253,838",693,0.069253838
2022,人件費,知事等特別職の給与,知事等特別職の給与,1,3,1,"188,132",2,0.000188132
2022,人件費,地方公務員共済組合負担金,地方公務員共済組合負担金,1,4,1,"235,087,519","2,351",0.235087519
2022,人件費,退職金,退職金,1,5,1,"93,147,342",931,0.093147342
2022,人件費,恩給及び退職年金,恩給及び退職年金,1,6,1,"679,179",7,0.000679179
2022,人件費,災害補償費,災害補償費,1,7,1,"2,559,193",26,0.002559193
2022,人件費,職員互助会補助金,職員互助会補助金,1,8,1,"80,035",1,0.000080035
2022,人件費,その他,その他,1,9,1,"15,033,958",150,0.015033958
2022,人件費,任期の定めのない常勤職員,任期の定めのない常勤職員,1,10,1,"1,104,870,363","11,049",1.104870363
2022,人件費,任期付職員,任期付職員,1,11,1,"4,835,425",48,0.004835425
2022,人件費,再任用職員,再任用職員,1,12,1,"30,145,180",301,0.03014518
2022,人件費,"会計年度任用職員
（フルタイム）","会計年度任用職員
（フルタイム）",1,13,1,0,0,0
2022,物件費,賃金,賃金,2,1,1,0,0,0
2022,物件費,旅費,旅費,2,2,1,"5,166,335",52,0.005166335
2022,物件費,交際費,交際費,2,3,1,"14,752",0,0.000014752
2022,物件費,需用費,需用費,2,4,1,"65,468,613",655,0.065468613
2022,物件費,役務費,役務費,2,5,1,"27,816,223",278,0.027816223
2022,物件費,備品購入費,備品購入費,2,6,1,"3,905,444",39,0.003905444
2022,物件費,委託料,委託料,2,7,1,"392,960,227","3,930",0.392960227
2022,物件費,その他,その他,2,8,1,"135,023,073","1,350",0.135023073
2022,維持補修費,土木施設,土木施設,3,1,1,"55,646,562",556,0.055646562
2022,維持補修費,建物,建物,3,2,1,"55,319,155",553,0.055319155
2022,維持補修費,その他,その他,3,3,1,"2,074,135",21,0.002074135
2022,扶助費,社会福祉費,社会福祉費,4,1,1,"60,398,891",604,0.060398891
2022,扶助費,老人福祉費,老人福祉費,4,2,1,786,0,0.000000786
2022,扶助費,児童福祉費,児童福祉費,4,3,1,"59,364,903",594,0.059364903
2022,扶助費,生活保護費,生活保護費,4,4,1,"2,311,818",23,0.002311818
2022,扶助費,災害救助費,災害救助費,4,5,1,0,0,0
2022,扶助費,公衆衛生費,公衆衛生費,4,6,1,"66,002,950",660,0.06600295
2022,扶助費,その他,その他,4,7,1,"3,234,105",32,0.003234105
2022,補助費等,対　国,対　国,5,1,1,"51,092,155",511,0.051092155
2022,補助費等,対　同級他団体,対　同級他団体,5,2,1,"623,424",6,0.000623424
2022,補助費等,対　市町村,対　市町村,5,3,1,"2,156,273,375","21,563",2.156273375
2022,補助費等,対　その他,対　その他,5,4,1,"1,629,565,462","16,296",1.629565462
2022,普通建設事業費,補助事業費,その団体で行うもの,6,1,1,"161,072,848","1,611",0.161072848
2022,普通建設事業費,補助事業費,補助金,6,1,2,"22,895,574",229,0.022895574
2022,普通建設事業費,単独事業費,その団体で行うもの,6,2,1,"439,851,227","4,399",0.439851227
2022,普通建設事業費,単独事業費,補助金,6,2,2,"119,945,843","1,199",0.119945843
2022,普通建設事業費,国直轄事業負担金,国直轄事業負担金,6,3,1,"29,909,710",299,0.02990971
2022,普通建設事業費,同級他団体負担金,同級他団体負担金,6,4,1,0,0,0
2022,普通建設事業費,受託事業費,補助事業費,6,5,1,"3,273,540",33,0.00327354
2022,普通建設事業費,受託事業費,単独事業費,6,5,2,"1,744,521",17,0.001744521
2022,災害復旧事業費,災害復旧事業費,災害復旧事業費,7,1,1,"1,864,210",19,0.00186421
2022,失業対策事業費,失業対策事業費,失業対策事業費,8,1,1,0,0,0
2022,公債費,通常債分,元金,9,1,1,"341,633,417","3,416",0.341633417
2022,公債費,通常債分,利子,9,1,2,"43,283,763",433,0.043283763
2022,公債費,転貸債分,元金,9,2,1,"322,999",3,0.000322999
2022,公債費,転貸債分,利子,9,2,2,"18,572",0,0.000018572
2022,公債費,一時借入金利子,一時借入金利子,9,3,1,164,0,0.000000164
2022,積立金,積立金,積立金,10,1,1,"950,468,347","9,505",0.950468347
2022,投資及び出資金,投資及び出資金,投資及び出資金,11,11,1,"370,565,186","3,706",0.370565186
2022,貸付金,貸付金,貸付金,12,1,1,"280,437,505","2,804",0.280437505
2022,繰出金,繰出金,繰出金,13,1,1,"91,140,208",911,0.091140208
2022,前年度繰上充用金,前年度繰上充用金,前年度繰上充用金,14,1,1,0,0,0
2023,人件費,議員報酬等,議員報酬等,1,1,1,"1,677,108",17,0.001677108
2023,人件費,委員等報酬,委員等報酬,1,2,1,"74,105,371",741,0.074105371
2023,人件費,知事等特別職の給与,知事等特別職の給与,1,3,1,"195,981",2,0.000195981
2023,人件費,地方公務員共済組合負担金,地方公務員共済組合負担金,1,4,1,"235,036,371","2,350",0.235036371
2023,人件費,退職金,退職金,1,5,1,"47,481,061",475,0.047481061
2023,人件費,恩給及び退職年金,恩給及び退職年金,1,6,1,"567,652",6,0.000567652
2023,人件費,災害補償費,災害補償費,1,7,1,"2,649,326",26,0.002649326
2023,人件費,職員互助会補助金,職員互助会補助金,1,8,1,"80,040",1,0.00008004
2023,人件費,その他,その他,1,9,1,"16,975,595",170,0.016975595
2023,人件費,任期の定めのない常勤職員,任期の定めのない常勤職員,1,10,1,"1,104,955,590","11,050",1.10495559
2023,人件費,任期付職員,任期付職員,1,11,1,"21,129,383",211,0.021129383
2023,人件費,再任用職員,再任用職員,1,12,1,"32,662,172",327,0.032662172
2023,人件費,"会計年度任用職員
（フルタイム）","会計年度任用職員
（フルタイム）",1,13,1,0,0,0
2023,物件費,賃金,賃金,2,1,1,0,0,0
2023,物件費,旅費,旅費,2,2,1,"6,039,851",60,0.006039851
2023,物件費,交際費,交際費,2,3,1,"28,876",0,0.000028876
2023,物件費,需用費,需用費,2,4,1,"61,878,091",619,0.061878091
2023,物件費,役務費,役務費,2,5,1,"23,898,003",239,0.023898003
2023,物件費,備品購入費,備品購入費,2,6,1,"4,257,471",43,0.004257471
2023,物件費,委託料,委託料,2,7,1,"283,531,084","2,835",0.283531084
2023,物件費,その他,その他,2,8,1,"88,976,949",890,0.088976949
2023,維持補修費,土木施設,土木施設,3,1,1,"59,378,400",594,0.0593784
2023,維持補修費,建物,建物,3,2,1,"55,505,019",555,0.055505019
2023,維持補修費,その他,その他,3,3,1,"1,924,012",19,0.001924012
2023,扶助費,社会福祉費,社会福祉費,4,1,1,"63,389,692",634,0.063389692
2023,扶助費,老人福祉費,老人福祉費,4,2,1,0,0,0
2023,扶助費,児童福祉費,児童福祉費,4,3,1,"156,622,922","1,566",0.156622922
2023,扶助費,生活保護費,生活保護費,4,4,1,"2,438,821",24,0.002438821
2023,扶助費,災害救助費,災害救助費,4,5,1,0,0,0
2023,扶助費,公衆衛生費,公衆衛生費,4,6,1,"47,816,649",478,0.047816649
2023,扶助費,その他,その他,4,7,1,"3,427,981",34,0.003427981
2023,補助費等,対　国,対　国,5,1,1,"129,111,820","1,291",0.12911182
2023,補助費等,対　同級他団体,対　同級他団体,5,2,1,"351,231",4,0.000351231
2023,補助費等,対　市町村,対　市町村,5,3,1,"2,333,517,192","23,335",2.333517192
2023,補助費等,対　その他,対　その他,5,4,1,"1,233,481,567","12,335",1.233481567
2023,普通建設事業費,補助事業費,その団体で行うもの,6,1,1,"153,952,242","1,540",0.153952242
2023,普通建設事業費,補助事業費,補助金,6,1,2,"21,232,919",212,0.021232919
2023,普通建設事業費,単独事業費,その団体で行うもの,6,2,1,"470,493,492","4,705",0.470493492
2023,普通建設事業費,単独事業費,補助金,6,2,2,"104,110,078","1,041",0.104110078
2023,普通建設事業費,国直轄事業負担金,国直轄事業負担金,6,3,1,"33,360,064",334,0.033360064
2023,普通建設事業費,同級他団体負担金,同級他団体負担金,6,4,1,0,0,0
2023,普通建設事業費,受託事業費,補助事業費,6,5,1,"3,280,497",33,0.003280497
2023,普通建設事業費,受託事業費,単独事業費,6,5,2,"1,884,462",19,0.001884462
2023,災害復旧事業費,災害復旧事業費,災害復旧事業費,7,1,1,"1,691,654",17,0.001691654
2023,失業対策事業費,失業対策事業費,失業対策事業費,8,1,1,0,0,0
2023,公債費,通常債分,元金,9,1,1,"338,732,637","3,387",0.338732637
2023,公債費,通常債分,利子,9,1,2,"41,760,266",418,0.041760266
2023,公債費,転貸債分,元金,9,2,1,"262,810",3,0.00026281
2023,公債費,転貸債分,利子,9,2,2,"15,583",0,0.000015583
2023,公債費,一時借入金利子,一時借入金利子,9,3,1,33,0,0.000000033
2023,積立金,積立金,積立金,10,1,1,"436,364,943","4,364",0.436364943
2023,投資及び出資金,投資及び出資金,投資及び出資金,11,1,1,"278,123,747","2,781",0.278123747
2023,貸付金,貸付金,貸付金,12,1,1,"283,646,623","2,836",0.283646623
2023,繰出金,繰出金,繰出金,13,1,1,"91,282,376",913,0.091282376
2023,前年度繰上充用金,前年度繰上充用金,前年度繰上充用金,14,1,1,0,0,0
2024,人件費,議員報酬等,議員報酬等,1,1,1,"1,741,676",17,0.001741676
2024,人件費,委員等報酬,委員等報酬,1,2,1,"92,009,203",920,0.092009203
2024,人件費,知事等特別職の給与,知事等特別職の給与,1,3,1,"188,505",2,0.000188505
2024,人件費,任期の定めのない常勤職員,任期の定めのない常勤職員,1,4,1,"1,168,318,664","11,683",1.168318664
2024,人件費,任期付職員,任期付職員,1,5,1,"23,255,381",233,0.023255381
2024,人件費,暫定再任用職員,暫定再任用職員,1,6,1,"24,712,960",247,0.02471296
2024,人件費,"会計年度任用職員
（フルタイム）","会計年度任用職員
（フルタイム）",1,7,1,0,0,0
2024,人件費,地方公務員共済組合負担金,地方公務員共済組合負担金,1,8,1,"244,031,735","2,440",0.244031735
2024,人件費,退職金,退職金,1,9,1,"95,123,323",951,0.095123323
2024,人件費,恩給及び退職年金,恩給及び退職年金,1,10,1,"454,814",5,0.000454814
2024,人件費,災害補償費,災害補償費,1,11,1,"2,636,075",26,0.002636075
2024,人件費,職員互助会補助金,職員互助会補助金,1,12,1,"80,042",1,0.000080042
2024,人件費,その他,その他,1,13,1,"17,950,754",180,0.017950754
2024,物件費,旅費,旅費,2,1,1,"6,458,870",65,0.00645887
2024,物件費,交際費,交際費,2,2,1,"31,535",0,0.000031535
2024,物件費,需用費,需用費,2,3,1,"63,092,019",631,0.063092019
2024,物件費,役務費,役務費,2,4,1,"27,623,672",276,0.027623672
2024,物件費,備品購入費,備品購入費,2,5,1,"4,473,025",45,0.004473025
2024,物件費,委託料,委託料,2,6,1,"312,228,575","3,122",0.312228575
2024,物件費,その他,その他,2,7,1,"91,509,105",915,0.091509105
2024,維持補修費,土木施設,土木施設,3,1,1,"64,111,061",641,0.064111061
2024,維持補修費,建物,建物,3,2,1,"63,152,252",632,0.063152252
2024,維持補修費,その他,その他,3,3,1,"2,509,992",25,0.002509992
2024,扶助費,社会福祉費,社会福祉費,4,1,1,"65,132,432",651,0.065132432
2024,扶助費,老人福祉費,老人福祉費,4,2,1,0,0,0
2024,扶助費,児童福祉費,児童福祉費,4,3,1,"163,494,972","1,635",0.163494972
2024,扶助費,生活保護費,生活保護費,4,4,1,"2,375,262",24,0.002375262
2024,扶助費,災害救助費,災害救助費,4,5,1,0,0,0
2024,扶助費,公衆衛生費,公衆衛生費,4,6,1,"37,424,564",374,0.037424564
2024,扶助費,その他,その他,4,7,1,"3,520,466",35,0.003520466
2024,補助費等,対　国,対　国,5,1,1,"50,574,996",506,0.050574996
2024,補助費等,対　同級他団体,対　同級他団体,5,2,1,"368,935",4,0.000368935
2024,補助費等,対　市町村,対　市町村,5,3,1,"2,533,442,284","25,334",2.533442284
2024,補助費等,対　その他,対　その他,5,4,1,"1,251,512,396","12,515",1.251512396
2024,普通建設事業費,補助事業費,その団体で行うもの,6,1,1,"157,536,588","1,575",0.157536588
2024,普通建設事業費,補助事業費,補助金,6,1,2,"21,669,177",217,0.021669177
2024,普通建設事業費,単独事業費,その団体で行うもの,6,2,1,"567,910,848","5,679",0.567910848
2024,普通建設事業費,単独事業費,補助金,6,2,2,"106,892,398","1,069",0.106892398
2024,普通建設事業費,国直轄事業負担金,国直轄事業負担金,6,3,1,"30,805,687",308,0.030805687
2024,普通建設事業費,同級他団体負担金,同級他団体負担金,6,4,1,0,0,0
2024,普通建設事業費,受託事業費,補助事業費,6,5,1,"64,010",1,0.00006401
2024,普通建設事業費,受託事業費,単独事業費,6,5,2,"1,948,461",19,0.001948461
2024,災害復旧事業費,災害復旧事業費,災害復旧事業費,7,1,1,"1,385,183",14,0.001385183
2024,失業対策事業費,失業対策事業費,失業対策事業費,8,1,1,0,0,0
2024,公債費,通常債分,元金,9,1,1,"400,234,103","4,002",0.400234103
2024,公債費,通常債分,利子,9,1,2,"40,553,575",406,0.040553575
2024,公債費,転貸債分,元金,9,2,1,"236,245",2,0.000236245
2024,公債費,転貸債分,利子,9,2,2,"14,808",0,0.000014808
2024,公債費,一時借入金利子,一時借入金利子,9,3,1,342,0,0.000000342
2024,積立金,積立金,積立金,10,1,1,"299,653,201","2,997",0.299653201
2024,投資及び出資金,投資及び出資金,投資及び出資金,11,1,1,"441,246,457","4,412",0.441246457
2024,貸付金,貸付金,貸付金,12,1,1,"315,705,980","3,157",0.31570598
2024,繰出金,繰出金,繰出金,13,1,1,"89,411,411",894,0.089411411
2024,前年度繰上充用金,前年度繰上充用金,前年度繰上充用金,14,1,1,0,0,0
