年度,区分１,区分２,区分３,区分順序１,区分順序２,区分順序３,決算額（千円）,決算額（億円）
2005,議会費,議会費,議会費,1,1,1,"5,369,400",54
2005,総務費,総務管理費,総務管理費,2,1,1,"532,167,592","5,322"
2005,総務費,企画費,企画費,2,2,1,"1,998,261",20
2005,総務費,徴税費,徴税費,2,3,1,"75,173,074",752
2005,総務費,市町村振興費,市町村振興費,2,4,1,"66,181,048",662
2005,総務費,選挙費,選挙費,2,5,1,"9,397,042",94
2005,総務費,防災費,防災費,2,6,1,"7,080,134",71
2005,総務費,統計調査費,統計調査費,2,7,1,"8,797,222",88
2005,総務費,人事委員会費,人事委員会費,2,8,1,"818,590",8
2005,総務費,監査委員費,監査委員費,2,9,1,"933,327",9
2005,民生費,社会福祉費,社会福祉費,3,1,1,"169,071,850","1,691"
2005,民生費,老人福祉費,老人福祉費,3,2,1,"202,883,189","2,029"
2005,民生費,児童福祉費,児童福祉費,3,3,1,"144,478,820","1,445"
2005,民生費,生活保護費,生活保護費,3,4,1,"24,356,948",244
2005,民生費,災害救助費,災害救助費,3,5,1,"1,055,992",11
2005,衛生費,公衆衛生費,公衆衛生費,4,1,1,"74,198,008",742
2005,衛生費,結核対策費,結核対策費,4,2,1,"422,303",4
2005,衛生費,精神衛生費,精神衛生費,4,3,1,"28,760,912",288
2005,衛生費,環境衛生費,環境衛生費,4,4,1,"24,584,146",246
2005,衛生費,清掃費,清掃費,4,5,1,"20,675,072",207
2005,衛生費,保健所費,保健所費,4,6,1,"6,187,902",62
2005,衛生費,医薬費,医薬費,4,7,1,"34,412,170",344
2005,労働費,労政費,労政費,5,1,1,"11,667,539",117
2005,労働費,職業訓練費,職業訓練費,5,2,1,"8,972,179",90
2005,労働費,失業対策費,失業対策費,5,3,1,0,0
2005,労働費,労働委員会費,労働委員会費,5,4,1,"670,027",7
2005,農林水産業費,農業費,農業費,6,1,1,"3,168,055",32
2005,農林水産業費,畜産業費,畜産業費,6,2,1,"1,067,940",11
2005,農林水産業費,農地費,農地費,6,3,1,"895,051",9
2005,農林水産業費,林業費,林業費,6,4,1,"2,710,618",27
2005,農林水産業費,水産業費,水産業費,6,5,1,"8,615,867",86
2005,商工費,商業費,商業費,7,1,1,"135,503,839","1,355"
2005,商工費,工鉱業費,工鉱業費,7,2,1,"78,908,274",789
2005,商工費,観光費,観光費,7,3,1,"5,550,505",56
2005,土木費,土木管理費,土木管理費,8,1,1,"14,690,372",147
2005,土木費,道路橋りょう費,道路橋りょう費,8,2,1,"118,170,582","1,182"
2005,土木費,河川海岸費,河川海岸費,8,3,1,"29,360,326",294
2005,土木費,港湾費,港湾費,8,4,1,"35,943,683",359
2005,土木費,都市計画費,街路費,8,5,1,"228,219,840","2,282"
2005,土木費,都市計画費,公園費,8,5,2,"37,414,161",374
2005,土木費,都市計画費,下水道費,8,5,3,"226,681,067","2,267"
2005,土木費,都市計画費,区画整理費,8,5,4,"112,897,767","1,129"
2005,土木費,住宅費,住宅費,8,6,1,"118,730,641","1,187"
2005,土木費,空港費,空港費,8,7,1,"1,424,878",14
2005,警察費,警察費,警察費,9,1,1,"596,327,435","5,963"
2005,消防費,消防費,消防費,10,1,1,"215,932,556","2,159"
2005,教育費,教育総務費,教育総務費,11,1,1,"205,244,020","2,052"
2005,教育費,小学校費,小学校費,11,2,1,"288,339,946","2,883"
2005,教育費,中学校費,中学校費,11,3,1,"155,353,848","1,554"
2005,教育費,高等学校費,高等学校費,11,4,1,"154,371,819","1,544"
2005,教育費,幼稚園費,幼稚園費,11,5,1,0,0
2005,教育費,社会教育費,社会教育費,11,6,1,"6,891,847",69
2005,教育費,体育施設,体育施設,11,7,1,"4,466,897",45
2005,教育費,保健体育費,学校給食費,11,8,2,"2,238,811",22
2005,教育費,大学費,大学費,11,9,1,"19,086,829",191
2005,教育費,特殊学校費,特殊学校費,11,10,1,"58,942,439",589
2005,災害復旧費,農林水産施設,農林水産施設,12,1,1,"4,593,483",46
2005,災害復旧費,公共土木施設,公共土木施設,12,2,1,"7,604,394",76
2005,災害復旧費,その他,その他,12,3,1,"8,567",0
2005,公債費,公債費,公債費,13,1,1,"723,130,920","7,231"
2005,諸支出金,普通財産取得費,普通財産取得費,14,1,1,0,0
2005,諸支出金,公営企業費,公営企業費,14,2,1,"58,563,495",586
2005,前年度繰上充用金,前年度繰上充用金,前年度繰上充用金,15,1,1,0,0
2005,利子割交付金,利子割交付金,利子割交付金,16,1,1,"18,266,501",183
2005,配当割交付金,配当割交付金,配当割交付金,17,1,1,"8,649,315",86
2005,株式等譲渡所得割交付金,株式等譲渡所得割交付金,株式等譲渡所得割交付金,18,1,1,"12,721,204",127
2005,地方消費税交付金,地方消費税交付金,地方消費税交付金,19,1,1,"168,527,806","1,685"
2005,ゴルフ場利用税交付金,ゴルフ場利用税交付金,ゴルフ場利用税交付金,20,1,1,"587,256",6
2005,特別地方消費税交付金,特別地方消費税交付金,特別地方消費税交付金,21,1,1,0,0
2005,自動車取得税交付金,自動車取得税交付金,自動車取得税交付金,22,1,1,"29,872,116",299
2005,軽油引取税交付金,軽油引取税交付金,軽油引取税交付金,23,1,1,0,0
2005,特別区財政調整交付金,特別区財政調整交付金,特別区財政調整交付金,24,1,1,"860,227,980","8,602"
2006,議会費,議会費,議会費,1,1,1,"5,313,961",53
2006,総務費,総務管理費,総務管理費,2,1,1,"484,272,676","4,843"
2006,総務費,企画費,企画費,2,2,1,"1,960,793",20
2006,総務費,徴税費,徴税費,2,3,1,"78,489,052",785
2006,総務費,市町村振興費,市町村振興費,2,4,1,"88,599,643",886
2006,総務費,選挙費,選挙費,2,5,1,"2,210,987",22
2006,総務費,防災費,防災費,2,6,1,"7,294,966",73
2006,総務費,統計調査費,統計調査費,2,7,1,"2,675,531",27
2006,総務費,人事委員会費,人事委員会費,2,8,1,"792,795",8
2006,総務費,監査委員費,監査委員費,2,9,1,"936,412",9
2006,民生費,社会福祉費,社会福祉費,3,1,1,"196,667,286","1,967"
2006,民生費,老人福祉費,老人福祉費,3,2,1,"204,881,896","2,049"
2006,民生費,児童福祉費,児童福祉費,3,3,1,"154,094,172","1,541"
2006,民生費,生活保護費,生活保護費,3,4,1,"24,708,769",247
2006,民生費,災害救助費,災害救助費,3,5,1,"265,248",3
2006,衛生費,公衆衛生費,公衆衛生費,4,1,1,"69,665,994",697
2006,衛生費,結核対策費,結核対策費,4,2,1,"389,805",4
2006,衛生費,精神衛生費,精神衛生費,4,3,1,"28,082,066",281
2006,衛生費,環境衛生費,環境衛生費,4,4,1,"24,487,468",245
2006,衛生費,清掃費,清掃費,4,5,1,"17,007,082",170
2006,衛生費,保健所費,保健所費,4,6,1,"6,144,513",61
2006,衛生費,医薬費,医薬費,4,7,1,"37,734,371",377
2006,労働費,労政費,労政費,5,1,1,"7,179,082",72
2006,労働費,職業訓練費,職業訓練費,5,2,1,"8,580,523",86
2006,労働費,失業対策費,失業対策費,5,3,1,0,0
2006,労働費,労働委員会費,労働委員会費,5,4,1,"649,232",6
2006,農林水産業費,農業費,農業費,6,1,1,"3,623,185",36
2006,農林水産業費,畜産業費,畜産業費,6,2,1,"1,074,237",11
2006,農林水産業費,農地費,農地費,6,3,1,"921,117",9
2006,農林水産業費,林業費,林業費,6,4,1,"5,559,421",56
2006,農林水産業費,水産業費,水産業費,6,5,1,"10,180,732",102
2006,商工費,商業費,商業費,7,1,1,"134,412,932","1,344"
2006,商工費,工鉱業費,工鉱業費,7,2,1,"75,856,260",759
2006,商工費,観光費,観光費,7,3,1,"5,837,321",58
2006,土木費,土木管理費,土木管理費,8,1,1,"15,079,218",151
2006,土木費,道路橋りょう費,道路橋りょう費,8,2,1,"111,239,569","1,112"
2006,土木費,河川海岸費,河川海岸費,8,3,1,"26,214,816",262
2006,土木費,港湾費,港湾費,8,4,1,"50,104,647",501
2006,土木費,都市計画費,街路費,8,5,1,"218,248,471","2,182"
2006,土木費,都市計画費,公園費,8,5,2,"36,605,600",366
2006,土木費,都市計画費,下水道費,8,5,3,"189,223,941","1,892"
2006,土木費,都市計画費,区画整理費,8,5,4,"112,256,186","1,123"
2006,土木費,住宅費,住宅費,8,6,1,"145,864,527","1,459"
2006,土木費,空港費,空港費,8,7,1,"2,089,879",21
2006,警察費,警察費,警察費,9,1,1,"601,088,122","6,011"
2006,消防費,消防費,消防費,10,1,1,"213,813,926","2,138"
2006,教育費,教育総務費,教育総務費,11,1,1,"217,381,799","2,174"
2006,教育費,小学校費,小学校費,11,2,1,"285,506,503","2,855"
2006,教育費,中学校費,中学校費,11,3,1,"154,612,514","1,546"
2006,教育費,高等学校費,高等学校費,11,4,1,"150,127,806","1,501"
2006,教育費,幼稚園費,幼稚園費,11,6,1,0,0
2006,教育費,社会教育費,社会教育費,11,7,1,"5,561,616",56
2006,教育費,保健体育費,体育施設費,11,8,1,"4,636,763",46
2006,教育費,保健体育費,学校給食費,11,8,2,"2,220,712",22
2006,教育費,大学費,大学費,11,9,1,"21,032,967",210
2006,教育費,特殊学校費,特殊学校費,11,10,1,"60,429,855",604
2006,災害復旧費,農林水産施設,農林水産施設,12,1,1,"3,187,594",32
2006,災害復旧費,公共土木施設,公共土木施設,12,2,1,"2,646,970",26
2006,災害復旧費,その他,その他,12,3,1,0,0
2006,公債費,公債費,公債費,13,1,1,"965,517,858","9,655"
2006,諸支出金,普通財産取得費,普通財産取得費,14,1,1,0,0
2006,諸支出金,公営企業費,公営企業費,14,2,1,"54,862,321",549
2006,前年度繰上充用金,前年度繰上充用金,前年度繰上充用金,15,1,1,0,0
2006,利子割交付金,利子割交付金,利子割交付金,16,1,1,"20,108,569",201
2006,配当割交付金,配当割交付金,配当割交付金,17,1,1,"11,932,567",119
2006,株式等譲渡所得割交付金,株式等譲渡所得割交付金,株式等譲渡所得割交付金,18,1,1,"10,739,922",107
2006,地方消費税交付金,地方消費税交付金,地方消費税交付金,19,1,1,"176,408,823","1,764"
2006,ゴルフ場利用税交付金,ゴルフ場利用税交付金,ゴルフ場利用税交付金,20,1,1,"545,793",5
2006,特別地方消費税交付金,特別地方消費税交付金,特別地方消費税交付金,21,1,1,0,0
2006,自動車取得税交付金,自動車取得税交付金,自動車取得税交付金,22,1,1,"31,505,507",315
2006,軽油引取税交付金,軽油引取税交付金,軽油引取税交付金,23,1,1,0,0
2006,特別区財政調整交付金,特別区財政調整交付金,特別区財政調整交付金,24,1,1,"925,102,621","9,251"
2007,議会費,議会費,議会費,1,1,1,"5,305,724",53
2007,総務費,総務管理費,総務管理費,2,1,1,"677,666,204","6,777"
2007,総務費,企画費,企画費,2,2,1,"4,350,313",44
2007,総務費,徴税費,徴税費,2,3,1,"91,857,578",919
2007,総務費,市町村振興費,市町村振興費,2,4,1,"73,204,151",732
2007,総務費,選挙費,選挙費,2,5,1,"7,839,116",78
2007,総務費,防災費,防災費,2,6,1,"6,962,557",70
2007,総務費,統計調査費,統計調査費,2,7,1,"2,409,637",24
2007,総務費,人事委員会費,人事委員会費,2,8,1,"797,204",8
2007,総務費,監査委員費,監査委員費,2,9,1,"932,950",9
2007,民生費,社会福祉費,社会福祉費,3,1,1,"386,594,191","3,866"
2007,民生費,老人福祉費,老人福祉費,3,2,1,"196,573,187","1,966"
2007,民生費,児童福祉費,児童福祉費,3,3,1,"146,341,183","1,463"
2007,民生費,生活保護費,生活保護費,3,4,1,"24,403,227",244
2007,民生費,災害救助費,災害救助費,3,5,1,"960,769",10
2007,衛生費,公衆衛生費,公衆衛生費,4,1,1,"81,944,146",819
2007,衛生費,結核対策費,結核対策費,4,2,1,"393,179",4
2007,衛生費,精神衛生費,精神衛生費,4,3,1,"8,300,136",83
2007,衛生費,環境衛生費,環境衛生費,4,4,1,"75,667,884",757
2007,衛生費,清掃費,清掃費,4,5,1,"12,073,375",121
2007,衛生費,保健所費,保健所費,4,6,1,"6,155,241",62
2007,衛生費,医薬費,医薬費,4,7,1,"41,937,914",419
2007,労働費,労政費,労政費,5,1,1,"6,742,612",67
2007,労働費,職業訓練費,職業訓練費,5,2,1,"8,391,363",84
2007,労働費,失業対策費,失業対策費,5,3,1,0,0
2007,労働費,労働委員会費,労働委員会費,5,4,1,"634,089",6
2007,農林水産業費,農業費,農業費,6,1,1,"4,147,796",41
2007,農林水産業費,畜産業費,畜産業費,6,2,1,"1,051,513",11
2007,農林水産業費,農地費,農地費,6,3,1,"785,097",8
2007,農林水産業費,林業費,林業費,6,4,1,"2,955,703",30
2007,農林水産業費,水産業費,水産業費,6,5,1,"9,763,998",98
2007,商工費,商業費,商業費,7,1,1,"136,159,696","1,362"
2007,商工費,工鉱業費,工鉱業費,7,2,1,"93,559,020",936
2007,商工費,観光費,観光費,7,3,1,"5,943,002",59
2007,土木費,土木管理費,土木管理費,8,1,1,"15,501,635",155
2007,土木費,道路橋りょう費,道路橋りょう費,8,2,1,"122,191,897","1,222"
2007,土木費,河川海岸費,河川海岸費,8,3,1,"33,611,842",336
2007,土木費,港湾費,港湾費,8,4,1,"39,504,870",395
2007,土木費,都市計画費,街路費,8,5,1,"208,483,808","2,085"
2007,土木費,都市計画費,公園費,8,5,2,"49,280,675",493
2007,土木費,都市計画費,下水道費,8,5,3,"198,056,108","1,981"
2007,土木費,都市計画費,区画整理費,8,5,4,"119,113,041","1,191"
2007,土木費,住宅費,住宅費,8,6,1,"160,806,135","1,608"
2007,土木費,空港費,空港費,8,7,1,"2,253,686",23
2007,警察費,警察費,警察費,9,1,1,"609,613,044","6,096"
2007,消防費,消防費,消防費,10,1,1,"217,125,916","2,171"
2007,教育費,教育総務費,教育総務費,11,1,1,"229,956,435","2,300"
2007,教育費,小学校費,小学校費,11,2,1,"282,791,679","2,828"
2007,教育費,中学校費,中学校費,11,3,1,"154,533,238","1,545"
2007,教育費,高等学校費,高等学校費,11,4,1,"150,754,288","1,508"
2007,教育費,幼稚園費,幼稚園費,11,6,1,0,0
2007,教育費,社会教育費,社会教育費,11,7,1,"5,934,610",59
2007,教育費,保健体育費,体育施設,11,8,1,"11,660,967",117
2007,教育費,保健体育費,学校給食費,11,8,2,"2,311,628",23
2007,教育費,大学費,大学費,11,9,1,"19,304,127",193
2007,教育費,特殊学校費,特殊学校費,11,10,1,"62,465,712",625
2007,災害復旧費,農林水産施設,農林水産施設,12,1,1,"2,495,669",25
2007,災害復旧費,公共土木施設,公共土木施設,12,2,1,"1,488,523",15
2007,災害復旧費,その他,その他,12,3,1,0,0
2007,公債費,公債費,公債費,13,1,1,"755,222,689","7,552"
2007,諸支出金,普通財産取得費,普通財産取得費,14,1,1,0,0
2007,諸支出金,公営企業費,公営企業費,14,2,1,"52,748,373",527
2007,前年度繰上充用金,前年度繰上充用金,前年度繰上充用金,15,1,1,0,0
2007,利子割交付金,利子割交付金,利子割交付金,16,1,1,"27,981,242",280
2007,配当割交付金,配当割交付金,配当割交付金,17,1,1,"13,790,532",138
2007,株式等譲渡所得割交付金,株式等譲渡所得割交付金,株式等譲渡所得割交付金,18,1,1,"9,561,264",96
2007,地方消費税交付金,地方消費税交付金,地方消費税交付金,19,1,1,"174,442,263","1,744"
2007,ゴルフ場利用税交付金,ゴルフ場利用税交付金,ゴルフ場利用税交付金,20,1,1,"541,093",5
2007,特別地方消費税交付金,特別地方消費税交付金,特別地方消費税交付金,21,1,1,0,0
2007,自動車取得税交付金,自動車取得税交付金,自動車取得税交付金,22,1,1,"27,713,160",277
2007,軽油引取税交付金,軽油引取税交付金,軽油引取税交付金,23,1,1,0,0
2007,特別区財政調整交付金,特別区財政調整交付金,特別区財政調整交付金,24,1,1,"1,017,639,596","10,176"
2008,議会費,議会費,議会費,1,1,1,"5,503,144",55
2008,総務費,総務管理費,総務管理費,2,1,1,"598,864,335","5,989"
2008,総務費,企画費,企画費,2,2,1,"1,835,627",18
2008,総務費,徴税費,徴税費,2,3,1,"76,042,600",760
2008,総務費,市町村振興費,市町村振興費,2,4,1,"75,436,729",754
2008,総務費,選挙費,選挙費,2,5,1,"370,071",4
2008,総務費,防災費,防災費,2,6,1,"7,272,791",73
2008,総務費,統計調査費,統計調査費,2,7,1,"2,414,646",24
2008,総務費,人事委員会費,人事委員会費,2,8,1,"840,055",8
2008,総務費,監査委員費,監査委員費,2,9,1,"925,015",9
2008,民生費,社会福祉費,社会福祉費,3,1,1,"306,558,505","3,066"
2008,民生費,老人福祉費,老人福祉費,3,2,1,"212,430,747","2,124"
2008,民生費,児童福祉費,児童福祉費,3,3,1,"168,904,994","1,689"
2008,民生費,生活保護費,生活保護費,3,4,1,"24,909,915",249
2008,民生費,災害救助費,災害救助費,3,5,1,"1,279,764",13
2008,衛生費,公衆衛生費,公衆衛生費,4,1,1,"103,993,863","1,040"
2008,衛生費,結核対策費,結核対策費,4,2,1,"434,592",4
2008,衛生費,精神衛生費,精神衛生費,4,3,1,"8,214,325",82
2008,衛生費,環境衛生費,環境衛生費,4,4,1,"27,430,221",274
2008,衛生費,清掃費,清掃費,4,5,1,"14,023,475",140
2008,衛生費,保健所費,保健所費,4,6,1,"5,466,708",55
2008,衛生費,医薬費,医薬費,4,7,1,"41,464,582",415
2008,労働費,労政費,労政費,5,1,1,"22,336,456",223
2008,労働費,職業訓練費,職業訓練費,5,2,1,"9,190,104",92
2008,労働費,失業対策費,失業対策費,5,3,1,0,0
2008,労働費,労働委員会費,労働委員会費,5,4,1,"626,682",6
2008,農林水産業費,農業費,農業費,6,1,1,"3,578,363",36
2008,農林水産業費,畜産業費,畜産業費,6,2,1,"842,292",8
2008,農林水産業費,農地費,農地費,6,3,1,"700,437",7
2008,農林水産業費,林業費,林業費,6,4,1,"3,107,532",31
2008,農林水産業費,水産業費,水産業費,6,5,1,"9,948,337",99
2008,商工費,商業費,商業費,7,1,1,"193,518,490","1,935"
2008,商工費,工鉱業費,工鉱業費,7,2,1,"147,342,986","1,473"
2008,商工費,観光費,観光費,7,3,1,"14,283,143",143
2008,土木費,土木管理費,土木管理費,8,1,1,"14,582,251",146
2008,土木費,道路橋りょう費,道路橋りょう費,8,2,1,"101,708,574","1,017"
2008,土木費,河川海岸費,河川海岸費,8,3,1,"31,497,631",315
2008,土木費,港湾費,港湾費,8,4,1,"44,548,717",445
2008,土木費,都市計画費,街路費,8,5,1,"226,341,656","2,263"
2008,土木費,都市計画費,公園費,8,5,2,"48,101,610",481
2008,土木費,都市計画費,下水道費,8,5,3,"187,979,276","1,880"
2008,土木費,都市計画費,区画整理費,8,5,4,"142,052,389","1,421"
2008,土木費,住宅費,住宅費,8,6,1,"168,557,754","1,686"
2008,土木費,空港費,空港費,8,7,1,"2,217,043",22
2008,警察費,警察費,警察費,9,1,1,"620,522,818","6,205"
2008,消防費,消防費,消防費,10,1,1,"218,978,963","2,190"
2008,教育費,教育総務費,教育総務費,11,1,1,"234,176,607","2,342"
2008,教育費,小学校費,小学校費,11,2,1,"276,729,389","2,767"
2008,教育費,中学校費,中学校費,11,3,1,"151,974,770","1,520"
2008,教育費,高等学校費,高等学校費,11,4,1,"139,088,613","1,391"
2008,教育費,幼稚園費,幼稚園費,11,6,1,0,0
2008,教育費,社会教育費,社会教育費,11,7,1,"6,945,262",69
2008,教育費,保健体育費,体育施設,11,8,1,"7,312,022",73
2008,教育費,保健体育費,学校給食費,11,8,2,"2,317,826",23
2008,教育費,大学費,大学費,11,9,1,"20,413,543",204
2008,教育費,特殊学校費,特殊学校費,11,10,1,"67,014,443",670
2008,災害復旧費,農林水産施設,農林水産施設,12,1,1,"1,363,551",14
2008,災害復旧費,公共土木施設,公共土木施設,12,2,1,"3,120,747",31
2008,災害復旧費,その他,その他,12,3,4,0,0
2008,公債費,公債費,公債費,13,1,1,"822,649,357","8,226"
2008,諸支出金,普通財産取得費,普通財産取得費,14,1,1,0,0
2008,諸支出金,公営企業費,公営企業費,14,2,1,"58,493,421",585
2008,前年度繰上充用金,前年度繰上充用金,前年度繰上充用金,15,1,1,0,0
2008,利子割交付金,利子割交付金,利子割交付金,16,1,1,"22,621,155",226
2008,配当割交付金,配当割交付金,配当割交付金,17,1,1,"6,592,724",66
2008,株式等譲渡所得割交付金,株式等譲渡所得割交付金,株式等譲渡所得割交付金,18,1,1,"2,308,161",23
2008,地方消費税交付金,地方消費税交付金,地方消費税交付金,19,1,1,"165,108,954","1,651"
2008,ゴルフ場利用税交付金,ゴルフ場利用税交付金,ゴルフ場利用税交付金,20,1,1,"528,883",5
2008,特別地方消費税交付金,特別地方消費税交付金,特別地方消費税交付金,21,1,1,0,0
2008,自動車取得税交付金,自動車取得税交付金,自動車取得税交付金,22,1,1,"25,348,007",253
2008,軽油引取税交付金,軽油引取税交付金,軽油引取税交付金,23,1,1,0,0
2008,特別区財政調整交付金,特別区財政調整交付金,特別区財政調整交付金,24,1,1,"999,975,865","10,000"
2009,議会費,議会費,議会費,1,1,1,"5,483,323",55
2009,総務費,総務管理費,総務管理費,2,1,1,"452,292,657","4,523"
2009,総務費,企画費,企画費,2,2,1,"2,121,307",21
2009,総務費,徴税費,徴税費,2,3,1,"69,981,815",700
2009,総務費,市町村振興費,市町村振興費,2,4,1,"81,756,207",818
2009,総務費,選挙費,選挙費,2,5,1,"9,980,982",100
2009,総務費,防災費,防災費,2,6,1,"7,602,457",76
2009,総務費,統計調査費,統計調査費,2,7,1,"2,562,858",26
2009,総務費,人事委員会費,人事委員会費,2,8,1,"817,985",8
2009,総務費,監査委員費,監査委員費,2,9,1,"898,539",9
2009,民生費,社会福祉費,社会福祉費,3,1,1,"259,245,480","2,592"
2009,民生費,老人福祉費,老人福祉費,3,2,1,"280,910,779","2,809"
2009,民生費,児童福祉費,児童福祉費,3,3,1,"177,182,821","1,772"
2009,民生費,生活保護費,生活保護費,3,4,1,"26,944,612",269
2009,民生費,災害救助費,災害救助費,3,5,1,"1,251,580",13
2009,衛生費,公衆衛生費,公衆衛生費,4,1,1,"101,919,816","1,019"
2009,衛生費,結核対策費,結核対策費,4,2,1,"439,630",4
2009,衛生費,精神衛生費,精神衛生費,4,3,1,"7,534,162",75
2009,衛生費,環境衛生費,環境衛生費,4,4,1,"43,476,568",435
2009,衛生費,清掃費,清掃費,4,5,1,"17,461,303",175
2009,衛生費,保健所費,保健所費,4,6,1,"5,817,354",58
2009,衛生費,医薬費,医薬費,4,7,1,"55,776,378",558
2009,労働費,労政費,労政費,5,1,1,"40,923,125",409
2009,労働費,職業訓練費,職業訓練費,5,2,1,"11,976,672",120
2009,労働費,失業対策費,失業対策費,5,3,1,0,0
2009,労働費,労働委員会費,労働委員会費,5,4,1,"623,105",6
2009,農林水産業費,農業費,農業費,6,1,1,"3,595,097",36
2009,農林水産業費,畜産業費,畜産業費,6,2,1,"877,360",9
2009,農林水産業費,農地費,農地費,6,3,1,"695,872",7
2009,農林水産業費,林業費,林業費,6,4,1,"3,968,838",40
2009,農林水産業費,水産業費,水産業費,6,5,1,"9,671,065",97
2009,商工費,商業費,商業費,7,1,1,"214,626,929","2,146"
2009,商工費,工鉱業費,工鉱業費,7,2,1,"132,722,232","1,327"
2009,商工費,観光費,観光費,7,3,1,"6,965,947",70
2009,土木費,土木管理費,土木管理費,8,1,1,"14,942,998",149
2009,土木費,道路橋りょう費,道路橋りょう費,8,2,1,"116,483,667","1,165"
2009,土木費,河川海岸費,河川海岸費,8,3,1,"32,401,175",324
2009,土木費,港湾費,港湾費,8,4,1,"49,891,223",499
2009,土木費,都市計画費,街路費,8,5,1,"225,812,266","2,258"
2009,土木費,都市計画費,公園費,8,5,2,"49,509,733",495
2009,土木費,都市計画費,下水道費,8,5,3,"190,354,511","1,904"
2009,土木費,都市計画費,区画整理費,8,5,4,"128,385,249","1,284"
2009,土木費,住宅費,住宅費,8,6,1,"161,415,079","1,614"
2009,土木費,空港費,空港費,8,7,1,"2,327,538",23
2009,警察費,警察費,警察費,9,1,1,"616,912,729","6,169"
2009,消防費,消防費,消防費,10,1,1,"215,499,535","2,155"
2009,教育費,教育総務費,教育総務費,11,1,1,"238,424,471","2,384"
2009,教育費,小学校費,小学校費,11,2,1,"270,961,843","2,710"
2009,教育費,中学校費,中学校費,11,3,1,"147,471,570","1,475"
2009,教育費,高等学校費,高等学校費,11,4,1,"139,353,266","1,394"
2009,教育費,幼稚園費,幼稚園費,11,6,1,0,0
2009,教育費,社会教育費,社会教育費,11,7,1,"6,606,530",66
2009,教育費,保健体育費,体育施設,11,8,1,"7,481,276",75
2009,教育費,保健体育費,学校給食費,11,8,2,"2,327,236",23
2009,教育費,大学費,大学費,11,9,1,"20,482,393",205
2009,教育費,特殊学校費,特殊学校費,11,10,1,"68,993,842",690
2009,災害復旧費,農林水産施設,農林水産施設,12,1,6,"1,147,247",11
2009,災害復旧費,公共土木施設,公共土木施設,12,2,8,"2,116,418",21
2009,災害復旧費,その他,その他,12,3,4,0,0
2009,公債費,公債費,公債費,13,1,1,"677,866,627","6,779"
2009,諸支出金,普通財産取得費,普通財産取得費,14,1,1,0,0
2009,諸支出金,公営企業費,公営企業費,14,2,1,"47,843,809",478
2009,前年度繰上充用金,前年度繰上充用金,前年度繰上充用金,15,1,1,0,0
2009,利子割交付金,利子割交付金,利子割交付金,16,1,1,"17,652,412",177
2009,配当割交付金,配当割交付金,配当割交付金,17,1,1,"5,347,963",53
2009,株式等譲渡所得割交付金,株式等譲渡所得割交付金,株式等譲渡所得割交付金,18,1,1,"2,274,494",23
2009,地方消費税交付金,地方消費税交付金,地方消費税交付金,19,1,1,"175,835,628","1,758"
2009,ゴルフ場利用税交付金,ゴルフ場利用税交付金,ゴルフ場利用税交付金,20,1,1,"504,753",5
2009,特別地方消費税交付金,特別地方消費税交付金,特別地方消費税交付金,21,1,1,0,0
2009,自動車取得税交付金,自動車取得税交付金,自動車取得税交付金,22,1,1,"12,206,852",122
2009,軽油引取税交付金,軽油引取税交付金,軽油引取税交付金,23,1,1,0,0
2009,特別区財政調整交付金,特別区財政調整交付金,特別区財政調整交付金,24,1,1,"863,473,083","8,635"
2010,議会費,議会費,議会費,1,1,1,"5,444,629",54
2010,総務費,総務管理費,総務管理費,2,1,1,"186,928,337","1,869"
2010,総務費,企画費,企画費,2,2,1,"2,287,897",23
2010,総務費,徴税費,徴税費,2,3,1,"66,769,552",668
2010,総務費,市町村振興費,市町村振興費,2,4,1,"78,883,996",789
2010,総務費,選挙費,選挙費,2,5,1,"6,192,225",62
2010,総務費,防災費,防災費,2,6,1,"7,733,634",77
2010,総務費,統計調査費,統計調査費,2,7,1,"8,293,354",83
2010,総務費,人事委員会費,人事委員会費,2,8,1,"792,582",8
2010,総務費,監査委員費,監査委員費,2,9,1,"895,147",9
2010,民生費,社会福祉費,社会福祉費,3,1,1,"245,014,143","2,450"
2010,民生費,老人福祉費,老人福祉費,3,2,1,"257,657,621","2,577"
2010,民生費,児童福祉費,児童福祉費,3,3,1,"195,576,867","1,956"
2010,民生費,生活保護費,生活保護費,3,4,1,"31,502,089",315
2010,民生費,災害救助費,災害救助費,3,5,1,"2,080,206",21
2010,衛生費,公衆衛生費,公衆衛生費,4,1,1,"108,557,470","1,086"
2010,衛生費,結核対策費,結核対策費,4,2,1,"478,830",5
2010,衛生費,精神衛生費,精神衛生費,4,3,1,"7,854,210",79
2010,衛生費,環境衛生費,環境衛生費,4,4,1,"41,541,065",415
2010,衛生費,清掃費,清掃費,4,5,1,"18,145,183",181
2010,衛生費,保健所費,保健所費,4,6,1,"5,663,953",57
2010,衛生費,医薬費,医薬費,4,7,1,"50,910,001",509
2010,労働費,労政費,労政費,5,1,1,"30,344,418",303
2010,労働費,職業訓練費,職業訓練費,5,2,1,"13,608,371",136
2010,労働費,失業対策費,失業対策費,5,3,1,0,0
2010,労働費,労働委員会費,労働委員会費,5,4,1,"623,029",6
2010,農林水産業費,農業費,農業費,6,1,1,"3,775,638",38
2010,農林水産業費,畜産業費,畜産業費,6,2,1,"885,720",9
2010,農林水産業費,農地費,農地費,6,3,1,"634,228",6
2010,農林水産業費,林業費,林業費,6,4,1,"4,288,502",43
2010,農林水産業費,水産業費,水産業費,6,5,1,"9,757,654",98
2010,商工費,商業費,商業費,7,1,1,"186,309,359","1,863"
2010,商工費,工鉱業費,工鉱業費,7,2,1,"110,706,445","1,107"
2010,商工費,観光費,観光費,7,3,1,"6,271,430",63
2010,土木費,土木管理費,土木管理費,8,1,1,"15,350,211",154
2010,土木費,道路橋りょう費,道路橋りょう費,8,2,1,"107,879,941","1,079"
2010,土木費,河川海岸費,河川海岸費,8,3,1,"26,885,640",269
2010,土木費,港湾費,港湾費,8,4,1,"44,450,112",445
2010,土木費,都市計画費,街路費,8,5,1,"197,269,107","1,973"
2010,土木費,都市計画費,公園費,8,5,2,"43,261,111",433
2010,土木費,都市計画費,下水道費,8,5,3,"173,816,861","1,738"
2010,土木費,都市計画費,区画整理費,8,5,4,"110,332,814","1,103"
2010,土木費,住宅費,住宅費,8,6,1,"150,510,425","1,505"
2010,土木費,空港費,空港費,8,7,1,"2,196,110",22
2010,警察費,警察費,警察費,9,1,1,"611,137,151","6,111"
2010,消防費,消防費,消防費,10,1,1,"214,971,725","2,150"
2010,教育費,教育総務費,教育総務費,11,1,1,"263,715,709","2,637"
2010,教育費,小学校費,小学校費,11,2,1,"269,247,821","2,692"
2010,教育費,中学校費,中学校費,11,3,1,"146,295,973","1,463"
2010,教育費,高等学校費,高等学校費,11,4,1,"139,757,341","1,398"
2010,教育費,幼稚園費,幼稚園費,11,5,1,0,0
2010,教育費,社会教育費,社会教育費,11,6,1,"6,437,037",64
2010,教育費,保健体育費,体育施設,11,7,1,"8,953,090",90
2010,教育費,保健体育費,学校給食費,11,8,2,"2,333,991",23
2010,教育費,大学費,大学費,11,9,1,"21,006,483",210
2010,教育費,特殊学校費,特殊学校費,11,10,1,"66,671,165",667
2010,災害復旧費,農林水産施設,農林水産施設,12,1,1,"1,229,331",12
2010,災害復旧費,公共土木施設,公共土木施設,12,2,1,"613,193",6
2010,災害復旧費,その他,その他,12,3,1,0,0
2010,公債費,公債費,公債費,13,1,1,"559,820,424","5,598"
2010,諸支出金,普通財産取得費,普通財産取得費,14,1,1,0,0
2010,諸支出金,公営企業費,公営企業費,14,2,1,"48,138,467",481
2010,前年度繰上充用金,前年度繰上充用金,前年度繰上充用金,15,1,1,0,0
2010,利子割交付金,利子割交付金,利子割交付金,16,1,1,"17,643,549",176
2010,配当割交付金,配当割交付金,配当割交付金,17,1,1,"6,656,531",67
2010,株式等譲渡所得割交付金,株式等譲渡所得割交付金,株式等譲渡所得割交付金,18,1,1,"2,050,071",21
2010,地方消費税交付金,地方消費税交付金,地方消費税交付金,19,1,1,"175,533,603","1,755"
2010,ゴルフ場利用税交付金,ゴルフ場利用税交付金,ゴルフ場利用税交付金,20,1,1,"471,587",5
2010,特別地方消費税交付金,特別地方消費税交付金,特別地方消費税交付金,21,1,1,0,0
2010,自動車取得税交付金,自動車取得税交付金,自動車取得税交付金,22,1,1,"13,672,361",137
2010,軽油引取税交付金,軽油引取税交付金,軽油引取税交付金,23,1,1,0,0
2010,特別区財政調整交付金,特別区財政調整交付金,特別区財政調整交付金,24,1,1,"867,556,697","8,676"
2011,議会費,議会費,議会費,1,1,1,"5,741,799",57
2011,総務費,総務管理費,総務管理費,2,1,1,"173,848,929","1,738"
2011,総務費,企画費,企画費,2,2,1,"2,116,761",21
2011,総務費,徴税費,徴税費,2,3,1,"63,094,708",631
2011,総務費,市町村振興費,市町村振興費,2,4,1,"81,034,009",810
2011,総務費,選挙費,選挙費,2,5,1,"2,730,527",27
2011,総務費,防災費,防災費,2,6,1,"8,604,327",86
2011,総務費,統計調査費,統計調査費,2,7,1,"2,130,075",21
2011,総務費,人事委員会費,人事委員会費,2,8,1,"794,741",8
2011,総務費,監査委員費,監査委員費,2,9,1,"878,639",9
2011,民生費,社会福祉費,社会福祉費,3,1,1,"267,879,301","2,679"
2011,民生費,老人福祉費,老人福祉費,3,2,1,"281,602,584","2,816"
2011,民生費,児童福祉費,児童福祉費,3,3,1,"209,657,172","2,097"
2011,民生費,生活保護費,生活保護費,3,4,1,"35,240,450",352
2011,民生費,災害救助費,災害救助費,3,5,1,"13,870,553",139
2011,衛生費,公衆衛生費,公衆衛生費,4,1,1,"97,721,435",977
2011,衛生費,結核対策費,結核対策費,4,2,1,"514,160",5
2011,衛生費,精神衛生費,精神衛生費,4,3,1,"7,546,499",75
2011,衛生費,環境衛生費,環境衛生費,4,4,1,"46,450,096",465
2011,衛生費,清掃費,清掃費,4,5,1,"26,201,519",262
2011,衛生費,保健所費,保健所費,4,6,1,"5,772,380",58
2011,衛生費,医薬費,医薬費,4,7,1,"55,926,858",559
2011,労働費,労政費,労政費,5,1,1,"33,386,789",334
2011,労働費,職業訓練費,職業訓練費,5,2,1,"10,344,409",103
2011,労働費,失業対策費,失業対策費,5,3,1,0,0
2011,労働費,労働委員会費,労働委員会費,5,4,1,"615,588",6
2011,農林水産業費,農業費,農業費,6,1,1,"4,134,328",41
2011,農林水産業費,畜産業費,畜産業費,6,2,1,"905,680",9
2011,農林水産業費,農地費,農地費,6,3,1,"590,609",6
2011,農林水産業費,林業費,林業費,6,4,1,"3,775,835",38
2011,農林水産業費,水産業費,水産業費,6,5,1,"10,671,424",107
2011,商工費,商業費,商業費,7,1,1,"215,014,398","2,150"
2011,商工費,工鉱業費,工鉱業費,7,2,1,"117,474,593","1,175"
2011,商工費,観光費,観光費,7,3,1,"6,851,613",69
2011,土木費,土木管理費,土木管理費,8,1,1,"15,153,111",152
2011,土木費,道路橋りょう費,道路橋りょう費,8,2,1,"108,046,273","1,080"
2011,土木費,河川海岸費,河川海岸費,8,3,1,"32,102,198",321
2011,土木費,港湾費,港湾費,8,4,1,"42,785,532",428
2011,土木費,都市計画費,街路費,8,5,1,"185,718,538","1,857"
2011,土木費,都市計画費,公園費,8,5,2,"35,912,914",359
2011,土木費,都市計画費,下水道費,8,5,3,"171,995,768","1,720"
2011,土木費,都市計画費,区画整理費,8,5,4,"84,164,676",842
2011,土木費,住宅費,住宅費,8,6,1,"167,792,836","1,678"
2011,土木費,空港費,空港費,8,7,1,"2,723,770",27
2011,警察費,警察費,警察費,9,1,1,"604,352,700","6,044"
2011,消防費,消防費,消防費,10,1,1,"218,462,657","2,185"
2011,教育費,教育総務費,教育総務費,11,1,1,"265,936,211","2,659"
2011,教育費,小学校費,小学校費,11,2,1,"269,164,797","2,692"
2011,教育費,中学校費,中学校費,11,3,1,"145,944,216","1,459"
2011,教育費,高等学校費,高等学校費,11,4,1,"144,114,478","1,441"
2011,教育費,幼稚園費,幼稚園費,11,5,1,0,0
2011,教育費,社会教育費,社会教育費,11,6,1,"7,699,116",77
2011,教育費,保健体育費,体育施設費,11,7,1,"18,569,009",186
2011,教育費,保健体育費,学校給食費,11,8,2,"2,468,604",25
2011,教育費,大学費,大学費,11,9,1,"22,602,944",226
2011,教育費,特殊学校費,特殊学校費,11,10,1,"66,989,791",670
2011,災害復旧費,農林水産施設,農地,12,1,1,0,0
2011,災害復旧費,農林水産施設,農業用施設,12,1,2,"145,078",1
2011,災害復旧費,農林水産施設,林業用施設,12,1,3,"780,546",8
2011,災害復旧費,農林水産施設,漁業用施設,12,1,4,0,0
2011,災害復旧費,農林水産施設,共同利用施設,12,1,5,0,0
2011,災害復旧費,農林水産施設,その他,12,1,6,0,0
2011,災害復旧費,公共土木施設,河川,12,2,1,0,0
2011,災害復旧費,公共土木施設,海岸,12,2,2,"42,867",0
2011,災害復旧費,公共土木施設,道路,12,2,3,"31,409",0
2011,災害復旧費,公共土木施設,港湾,12,2,4,"41,692",0
2011,災害復旧費,公共土木施設,漁港,12,2,5,0,0
2011,災害復旧費,公共土木施設,下水道,12,2,6,0,0
2011,災害復旧費,公共土木施設,公園,12,2,7,0,0
2011,災害復旧費,公共土木施設,その他,12,2,8,0,0
2011,災害復旧費,その他,公立学校,12,3,1,"100,757",1
2011,災害復旧費,その他,公営住宅,12,3,2,0,0
2011,災害復旧費,その他,社会福祉施設,12,3,3,"176,484",2
2011,災害復旧費,その他,その他,12,3,4,0,0
2011,公債費,公債費,公債費,13,1,1,"529,441,990","5,294"
2011,諸支出金,普通財産取得費,普通財産取得費,14,1,1,0,0
2011,諸支出金,公営企業費,公営企業費,14,2,1,"42,892,015",429
2011,前年度繰上充用金,前年度繰上充用金,前年度繰上充用金,15,1,1,0,0
2011,利子割交付金,利子割交付金,利子割交付金,16,1,1,"16,492,888",165
2011,配当割交付金,配当割交付金,配当割交付金,17,1,1,"7,349,540",73
2011,株式等譲渡所得割交付金,株式等譲渡所得割交付金,株式等譲渡所得割交付金,18,1,1,"1,635,634",16
2011,地方消費税交付金,地方消費税交付金,地方消費税交付金,19,1,1,"175,388,708","1,754"
2011,ゴルフ場利用税交付金,ゴルフ場利用税交付金,ゴルフ場利用税交付金,20,1,1,"438,799",4
2011,特別地方消費税交付金,特別地方消費税交付金,特別地方消費税交付金,21,1,1,0,0
2011,自動車取得税交付金,自動車取得税交付金,自動車取得税交付金,22,1,1,"11,530,623",115
2011,軽油引取税交付金,軽油引取税交付金,軽油引取税交付金,23,1,1,0,0
2011,特別区財政調整交付金,特別区財政調整交付金,特別区財政調整交付金,24,1,1,"886,526,903","8,865"
2012,議会費,議会費,議会費,1,1,1,"5,517,753",55
2012,総務費,総務管理費,総務管理費,2,1,1,"195,854,121","1,959"
2012,総務費,企画費,企画費,2,2,1,"2,419,195",24
2012,総務費,徴税費,徴税費,2,3,1,"62,063,304",621
2012,総務費,市町村振興費,市町村振興費,2,4,1,"81,861,615",819
2012,総務費,選挙費,選挙費,2,5,1,"8,588,383",86
2012,総務費,防災費,防災費,2,6,1,"7,755,677",78
2012,総務費,統計調査費,統計調査費,2,7,1,"1,788,840",18
2012,総務費,人事委員会費,人事委員会費,2,8,1,"812,519",8
2012,総務費,監査委員費,監査委員費,2,9,1,"879,138",9
2012,民生費,社会福祉費,社会福祉費,3,1,1,"272,330,956","2,723"
2012,民生費,老人福祉費,老人福祉費,3,2,1,"306,464,870","3,065"
2012,民生費,児童福祉費,児童福祉費,3,3,1,"219,520,018","2,195"
2012,民生費,生活保護費,生活保護費,3,4,1,"33,386,766",334
2012,民生費,災害救助費,災害救助費,3,5,1,"1,358,555",14
2012,衛生費,公衆衛生費,公衆衛生費,4,1,1,"97,227,244",972
2012,衛生費,結核対策費,結核対策費,4,2,1,"395,313",4
2012,衛生費,精神衛生費,精神衛生費,4,3,1,"5,942,174",59
2012,衛生費,環境衛生費,環境衛生費,4,4,1,"26,986,560",270
2012,衛生費,清掃費,清掃費,4,5,1,"27,856,534",279
2012,衛生費,保健所費,保健所費,4,6,1,"5,813,225",58
2012,衛生費,医薬費,医薬費,4,7,1,"56,652,684",567
2012,労働費,労政費,労政費,5,1,1,"31,060,149",311
2012,労働費,職業訓練費,職業訓練費,5,2,1,"10,736,805",107
2012,労働費,失業対策費,失業対策費,5,3,1,0,0
2012,労働費,労働委員会費,労働委員会費,5,4,1,"594,775",6
2012,農林水産業費,農業費,農業費,6,1,1,"4,048,801",40
2012,農林水産業費,畜産業費,畜産業費,6,2,1,"787,703",8
2012,農林水産業費,農地費,農地費,6,3,1,"585,227",6
2012,農林水産業費,林業費,林業費,6,4,1,"3,877,434",39
2012,農林水産業費,水産業費,水産業費,6,5,1,"9,392,659",94
2012,商工費,商業費,商業費,7,1,1,"200,639,455","2,006"
2012,商工費,工鉱業費,工鉱業費,7,2,1,"101,703,989","1,017"
2012,商工費,観光費,観光費,7,3,1,"6,702,603",67
2012,土木費,土木管理費,土木管理費,8,1,1,"16,830,590",168
2012,土木費,道路橋りょう費,道路橋りょう費,8,2,1,"114,206,063","1,142"
2012,土木費,河川海岸費,河川海岸費,8,3,1,"34,334,740",343
2012,土木費,港湾費,港湾費,8,4,1,"41,500,398",415
2012,土木費,都市計画費,街路費,8,5,1,"166,287,076","1,663"
2012,土木費,都市計画費,公園費,8,5,2,"36,266,464",363
2012,土木費,都市計画費,下水道費,8,5,3,"170,425,137","1,704"
2012,土木費,都市計画費,区画整理費,8,5,4,"125,921,329","1,259"
2012,土木費,住宅費,住宅費,8,6,1,"106,160,805","1,062"
2012,土木費,空港費,空港費,8,7,1,"2,466,495",25
2012,警察費,警察費,警察費,9,1,1,"594,519,438","5,945"
2012,消防費,消防費,消防費,10,1,1,"218,175,013","2,182"
2012,教育費,教育総務費,教育総務費,11,1,1,"257,863,702","2,579"
2012,教育費,小学校費,小学校費,11,2,1,"269,810,127","2,698"
2012,教育費,中学校費,中学校費,11,3,1,"145,724,652","1,457"
2012,教育費,高等学校費,高等学校費,11,4,1,"142,174,162","1,422"
2012,教育費,幼稚園費,幼稚園費,11,5,1,0,0
2012,教育費,社会教育費,社会教育費,11,6,1,"6,544,916",65
2012,教育費,保健体育費,体育施設費,11,7,1,"22,865,542",229
2012,教育費,保健体育費,学校給食費,11,8,2,"2,436,981",24
2012,教育費,大学費,大学費,11,9,1,"21,090,993",211
2012,教育費,特殊学校費,特殊学校費,11,10,1,"65,843,223",658
2012,災害復旧費,農林水産施設,農地,12,1,1,0,0
2012,災害復旧費,農林水産施設,農業用施設,12,1,2,446,0
2012,災害復旧費,農林水産施設,林業用施設,12,1,3,"898,053",9
2012,災害復旧費,農林水産施設,漁業用施設,12,1,4,0,0
2012,災害復旧費,農林水産施設,共同利用施設,12,1,5,0,0
2012,災害復旧費,農林水産施設,その他,12,1,6,0,0
2012,災害復旧費,公共土木施設,河川,12,2,1,"17,491",0
2012,災害復旧費,公共土木施設,海岸,12,2,2,"71,377",1
2012,災害復旧費,公共土木施設,道路,12,2,3,"95,108",1
2012,災害復旧費,公共土木施設,港湾,12,2,4,"171,014",2
2012,災害復旧費,公共土木施設,漁港,12,2,5,"39,273",0
2012,災害復旧費,公共土木施設,下水道,12,2,6,0,0
2012,災害復旧費,公共土木施設,公園,12,2,7,0,0
2012,災害復旧費,公共土木施設,その他,12,2,8,0,0
2012,災害復旧費,その他,公立学校,12,3,1,0,0
2012,災害復旧費,その他,公営住宅,12,3,2,0,0
2012,災害復旧費,その他,社会福祉施設,12,3,3,"56,285",1
2012,災害復旧費,その他,その他,12,3,4,0,0
2012,公債費,公債費,公債費,13,1,1,"524,889,182","5,249"
2012,諸支出金,普通財産取得費,普通財産取得費,14,1,1,0,0
2012,諸支出金,公営企業費,公営企業費,14,2,1,"42,080,959",421
2012,前年度繰上充用金,前年度繰上充用金,前年度繰上充用金,15,1,1,0,0
2012,利子割交付金,利子割交付金,利子割交付金,16,1,1,"15,851,242",159
2012,配当割交付金,配当割交付金,配当割交付金,17,1,1,"8,011,031",80
2012,株式等譲渡所得割交付金,株式等譲渡所得割交付金,株式等譲渡所得割交付金,18,1,1,"2,056,828",21
2012,地方消費税交付金,地方消費税交付金,地方消費税交付金,19,1,1,"175,965,708","1,760"
2012,ゴルフ場利用税交付金,ゴルフ場利用税交付金,ゴルフ場利用税交付金,20,1,1,"442,196",4
2012,特別地方消費税交付金,特別地方消費税交付金,特別地方消費税交付金,21,1,1,0,0
2012,自動車取得税交付金,自動車取得税交付金,自動車取得税交付金,22,1,1,"13,032,241",130
2012,軽油引取税交付金,軽油引取税交付金,軽油引取税交付金,23,1,1,0,0
2012,特別区財政調整交付金,特別区財政調整交付金,特別区財政調整交付金,24,1,1,"905,047,311","9,050"
2013,議会費,議会費,議会費,1,1,1,"5,508,180",55
2013,総務費,総務管理費,総務管理費,2,1,1,"288,444,399","2,884"
2013,総務費,企画費,企画費,2,2,1,"2,692,115",27
2013,総務費,徴税費,徴税費,2,3,1,"63,668,512",637
2013,総務費,市町村振興費,市町村振興費,2,4,1,"81,912,190",819
2013,総務費,選挙費,選挙費,2,5,1,"12,964,905",130
2013,総務費,防災費,防災費,2,6,1,"7,861,320",79
2013,総務費,統計調査費,統計調査費,2,7,1,"2,157,241",22
2013,総務費,人事委員会費,人事委員会費,2,8,1,"809,084",8
2013,総務費,監査委員費,監査委員費,2,9,1,"878,693",9
2013,民生費,社会福祉費,社会福祉費,3,1,1,"279,445,173","2,794"
2013,民生費,老人福祉費,老人福祉費,3,2,1,"287,903,127","2,879"
2013,民生費,児童福祉費,児童福祉費,3,3,1,"213,845,490","2,138"
2013,民生費,生活保護費,生活保護費,3,4,1,"33,993,451",340
2013,民生費,災害救助費,災害救助費,3,5,1,"3,362,366",34
2013,衛生費,公衆衛生費,公衆衛生費,4,1,1,"87,696,507",877
2013,衛生費,結核対策費,結核対策費,4,2,1,"379,424",4
2013,衛生費,精神衛生費,精神衛生費,4,3,1,"6,003,672",60
2013,衛生費,環境衛生費,環境衛生費,4,4,1,"34,464,278",345
2013,衛生費,清掃費,清掃費,4,5,1,"33,126,732",331
2013,衛生費,保健所費,保健所費,4,6,1,"5,207,998",52
2013,衛生費,医薬費,医薬費,4,7,1,"56,521,999",565
2013,労働費,労政費,労政費,5,1,1,"20,029,848",200
2013,労働費,職業訓練費,職業訓練費,5,2,1,"9,969,565",100
2013,労働費,失業対策費,失業対策費,5,3,1,0,0
2013,労働費,労働委員会費,労働委員会費,5,4,1,"607,921",6
2013,農林水産業費,農業費,農業費,6,1,1,"3,857,878",39
2013,農林水産業費,畜産業費,畜産業費,6,2,1,"755,695",8
2013,農林水産業費,農地費,農地費,6,3,1,"886,646",9
2013,農林水産業費,林業費,林業費,6,4,1,"3,692,132",37
2013,農林水産業費,水産業費,水産業費,6,5,1,"9,480,143",95
2013,商工費,商業費,商業費,7,1,1,"213,344,021","2,133"
2013,商工費,工鉱業費,工鉱業費,7,2,1,"110,645,771","1,106"
2013,商工費,観光費,観光費,7,3,1,"6,464,382",65
2013,土木費,土木管理費,土木管理費,8,1,1,"17,604,555",176
2013,土木費,道路橋りょう費,道路橋りょう費,8,2,1,"112,574,752","1,126"
2013,土木費,河川海岸費,河川海岸費,8,3,1,"34,768,947",348
2013,土木費,港湾費,港湾費,8,4,1,"46,271,504",463
2013,土木費,都市計画費,街路費,8,5,1,"153,239,095","1,532"
2013,土木費,都市計画費,公園費,8,5,2,"40,175,071",402
2013,土木費,都市計画費,下水道費,8,5,3,"185,685,280","1,857"
2013,土木費,都市計画費,区画整理費,8,5,4,"114,480,828","1,145"
2013,土木費,住宅費,住宅費,8,6,1,"115,000,781","1,150"
2013,土木費,空港費,空港費,8,7,1,"3,007,942",30
2013,警察費,警察費,警察費,9,1,1,"587,884,177","5,879"
2013,消防費,消防費,消防費,10,1,1,"218,582,261","2,186"
2013,教育費,教育総務費,教育総務費,11,1,1,"254,056,670","2,541"
2013,教育費,小学校費,小学校費,11,2,1,"267,999,609","2,680"
2013,教育費,中学校費,中学校費,11,3,1,"145,632,823","1,456"
2013,教育費,高等学校費,高等学校費,11,4,1,"137,773,563","1,378"
2013,教育費,幼稚園費,幼稚園費,11,5,1,815,0
2013,教育費,社会教育費,社会教育費,11,6,1,"6,680,319",67
2013,教育費,保健体育費,体育施設費,11,7,1,"27,468,151",275
2013,教育費,保健体育費,学校給食費,11,8,2,"2,318,086",23
2013,教育費,大学費,大学費,11,9,1,"20,901,587",209
2013,教育費,特殊支援学校費,特殊支援学校費,11,10,1,"72,574,171",726
2013,災害復旧費,農林水産施設,農地,12,1,1,0,0
2013,災害復旧費,農林水産施設,農業用施設,12,1,2,"33,362",0
2013,災害復旧費,農林水産施設,林業用施設,12,1,3,"877,744",9
2013,災害復旧費,農林水産施設,漁業用施設,12,1,4,0,0
2013,災害復旧費,農林水産施設,共同利用施設,12,1,5,0,0
2013,災害復旧費,農林水産施設,その他,12,1,6,0,0
2013,災害復旧費,公共土木施設,河川,12,2,1,"991,033",10
2013,災害復旧費,公共土木施設,海岸,12,2,2,"11,953",0
2013,災害復旧費,公共土木施設,道路,12,2,3,"102,631",1
2013,災害復旧費,公共土木施設,港湾,12,2,4,"240,979",2
2013,災害復旧費,公共土木施設,漁港,12,2,5,"15,976",0
2013,災害復旧費,公共土木施設,下水道,12,2,6,0,0
2013,災害復旧費,公共土木施設,公園,12,2,7,0,0
2013,災害復旧費,公共土木施設,その他,12,2,8,0,0
2013,災害復旧費,その他,公立学校,12,3,1,0,0
2013,災害復旧費,その他,公営住宅,12,3,2,0,0
2013,災害復旧費,その他,社会福祉施設,12,3,3,"213,517",2
2013,災害復旧費,その他,その他,12,3,4,0,0
2013,公債費,公債費,公債費,13,1,1,"547,468,566","5,475"
2013,諸支出金,普通財産取得費,普通財産取得費,14,1,1,0,0
2013,諸支出金,公営企業費,公営企業費,14,2,1,"23,414,714",234
2013,前年度繰上充用金,前年度繰上充用金,前年度繰上充用金,15,1,1,0,0
2013,利子割交付金,利子割交付金,利子割交付金,16,1,1,"20,206,627",202
2013,配当割交付金,配当割交付金,配当割交付金,17,1,1,"13,759,208",138
2013,株式等譲渡所得割交付金,株式等譲渡所得割交付金,株式等譲渡所得割交付金,18,1,1,"17,937,297",179
2013,地方消費税交付金,地方消費税交付金,地方消費税交付金,19,1,1,"174,465,999","1,745"
2013,ゴルフ場利用税交付金,ゴルフ場利用税交付金,ゴルフ場利用税交付金,20,1,1,"451,775",5
2013,特別地方消費税交付金,特別地方消費税交付金,特別地方消費税交付金,21,1,1,0,0
2013,自動車取得税交付金,自動車取得税交付金,自動車取得税交付金,22,1,1,"12,684,195",127
2013,軽油引取税交付金,軽油引取税交付金,軽油引取税交付金,23,1,1,0,0
2013,特別区財政調整交付金,特別区財政調整交付金,特別区財政調整交付金,24,1,1,"936,100,801","9,361"
2014,議会費,議会費,議会費,1,1,1,"5,637,963",56
2014,総務費,総務管理費,総務管理費,2,1,1,"471,932,880","4,719"
2014,総務費,企画費,企画費,2,2,1,"2,797,524",28
2014,総務費,徴税費,徴税費,2,3,1,"64,576,954",646
2014,総務費,市町村振興費,市町村振興費,2,4,1,"84,855,576",849
2014,総務費,選挙費,選挙費,2,5,1,"6,053,759",61
2014,総務費,防災費,防災費,2,6,1,"8,051,725",81
2014,総務費,統計調査費,統計調査費,2,7,1,"2,520,958",25
2014,総務費,人事委員会費,人事委員会費,2,8,1,"820,177",8
2014,総務費,監査委員費,監査委員費,2,9,1,"892,575",9
2014,民生費,社会福祉費,社会福祉費,3,1,1,"298,957,374","2,990"
2014,民生費,老人福祉費,老人福祉費,3,2,1,"278,386,801","2,784"
2014,民生費,児童福祉費,児童福祉費,3,3,1,"249,273,225","2,493"
2014,民生費,生活保護費,生活保護費,3,4,1,"30,175,641",302
2014,民生費,災害救助費,災害救助費,3,5,1,"2,525,420",25
2014,衛生費,公衆衛生費,公衆衛生費,4,1,1,"114,396,599","1,144"
2014,衛生費,結核対策費,結核対策費,4,2,1,"386,551",4
2014,衛生費,精神衛生費,精神衛生費,4,3,1,"6,287,183",63
2014,衛生費,環境衛生費,環境衛生費,4,4,1,"42,683,827",427
2014,衛生費,清掃費,清掃費,4,5,1,"25,526,932",255
2014,衛生費,保健所費,保健所費,4,6,1,"6,294,221",63
2014,衛生費,医薬費,医薬費,4,7,1,"59,857,470",599
2014,労働費,労政費,労政費,5,1,1,"13,313,661",133
2014,労働費,職業訓練費,職業訓練費,5,2,1,"11,733,264",117
2014,労働費,失業対策費,失業対策費,5,3,1,0,0
2014,労働費,労働委員会費,労働委員会費,5,4,1,"622,067",6
2014,農林水産業費,農業費,農業費,6,1,1,"4,061,627",41
2014,農林水産業費,畜産業費,畜産業費,6,2,1,"799,277",8
2014,農林水産業費,農地費,農地費,6,3,1,"671,866",7
2014,農林水産業費,林業費,林業費,6,4,1,"4,136,799",41
2014,農林水産業費,水産業費,水産業費,6,5,1,"10,562,757",106
2014,商工費,商業費,商業費,7,1,1,"194,010,092","1,940"
2014,商工費,工鉱業費,工鉱業費,7,2,1,"119,556,641","1,196"
2014,商工費,観光費,観光費,7,3,1,"7,926,590",79
2014,土木費,土木管理費,土木管理費,8,1,1,"18,033,478",180
2014,土木費,道路橋りょう費,道路橋りょう費,8,2,1,"123,185,239","1,232"
2014,土木費,河川海岸費,河川海岸費,8,3,1,"44,026,256",440
2014,土木費,港湾費,港湾費,8,4,1,"47,399,649",474
2014,土木費,都市計画費,街路費,8,5,1,"122,789,029","1,228"
2014,土木費,都市計画費,公園費,8,5,2,"50,852,892",509
2014,土木費,都市計画費,下水道費,8,5,3,"175,287,558","1,753"
2014,土木費,都市計画費,区画整理費,8,5,4,"75,489,126",755
2014,土木費,住宅費,住宅費,8,6,1,"124,766,713","1,248"
2014,土木費,空港費,空港費,8,7,1,"2,376,858",24
2014,警察費,警察費,警察費,9,1,1,"595,973,872","5,960"
2014,消防費,消防費,消防費,10,1,1,"220,699,991","2,207"
2014,教育費,教育総務費,教育総務費,11,1,1,"246,556,784","2,466"
2014,教育費,小学校費,小学校費,11,2,1,"271,856,445","2,719"
2014,教育費,中学校費,中学校費,11,3,1,"147,181,291","1,472"
2014,教育費,高等学校費,高等学校費,11,4,1,"146,376,229","1,464"
2014,教育費,特別支援学校費,特別支援学校費,11,5,1,"70,184,704",702
2014,教育費,幼稚園費,幼稚園費,11,6,1,11,0
2014,教育費,社会教育費,社会教育費,11,7,1,"7,723,557",77
2014,教育費,保健体育費,体育施設費,11,8,1,"23,972,478",240
2014,教育費,保健体育費,学校給食費,11,8,2,"2,577,949",26
2014,教育費,大学費,大学費,11,9,1,"22,846,524",228
2014,災害復旧費,農林水産施設,農地,12,1,1,0,0
2014,災害復旧費,農林水産施設,農業用施設,12,1,2,"465,820",5
2014,災害復旧費,農林水産施設,林業用施設,12,1,3,"1,386,125",14
2014,災害復旧費,農林水産施設,漁業用施設,12,1,4,0,0
2014,災害復旧費,農林水産施設,共同利用施設,12,1,5,0,0
2014,災害復旧費,農林水産施設,その他,12,1,6,0,0
2014,災害復旧費,公共土木施設,河川,12,2,1,"1,239,855",12
2014,災害復旧費,公共土木施設,海岸,12,2,2,0,0
2014,災害復旧費,公共土木施設,道路,12,2,3,"30,157",0
2014,災害復旧費,公共土木施設,港湾,12,2,4,"382,584",4
2014,災害復旧費,公共土木施設,漁港,12,2,5,"630,448",6
2014,災害復旧費,公共土木施設,下水道,12,2,6,0,0
2014,災害復旧費,公共土木施設,公園,12,2,7,0,0
2014,災害復旧費,公共土木施設,その他,12,2,8,0,0
2014,災害復旧費,その他,公立学校,12,3,1,0,0
2014,災害復旧費,その他,公営住宅,12,3,2,0,0
2014,災害復旧費,その他,社会福祉施設,12,3,3,"215,982",2
2014,災害復旧費,その他,その他,12,3,4,0,0
2014,公債費,公債費,公債費,13,1,1,"590,409,006","5,904"
2014,諸支出金,普通財産取得費,普通財産取得費,14,1,1,0,0
2014,諸支出金,公営企業費,公営企業費,14,2,1,"20,952,099",210
2014,前年度繰上充用金,前年度繰上充用金,前年度繰上充用金,15,1,1,0,0
2014,利子割交付金,利子割交付金,利子割交付金,16,1,1,"20,443,957",204
2014,配当割交付金,配当割交付金,配当割交付金,17,1,1,"25,815,462",258
2014,株式等譲渡所得割交付金,株式等譲渡所得割交付金,株式等譲渡所得割交付金,18,1,1,"21,723,495",217
2014,地方消費税交付金,地方消費税交付金,地方消費税交付金,19,1,1,"211,347,961","2,113"
2014,ゴルフ場利用税交付金,ゴルフ場利用税交付金,ゴルフ場利用税交付金,20,1,1,"418,783",4
2014,特別地方消費税交付金,特別地方消費税交付金,特別地方消費税交付金,21,1,1,0,0
2014,自動車取得税交付金,自動車取得税交付金,自動車取得税交付金,22,1,1,"6,510,330",65
2014,軽油引取税交付金,軽油引取税交付金,軽油引取税交付金,23,1,1,0,0
2014,特別区財政調整交付金,特別区財政調整交付金,特別区財政調整交付金,24,1,1,"981,602,646","9,816"
2015,議会費,議会費,議会費,1,1,1,"5,629,301",56
2015,総務費,総務管理費,総務管理費,2,1,1,"563,450,647","5,635"
2015,総務費,企画費,企画費,2,2,1,"2,741,275",27
2015,総務費,徴税費,徴税費,2,3,1,"65,116,239",651
2015,総務費,市町村振興費,市町村振興費,2,4,1,"87,598,427",876
2015,総務費,選挙費,選挙費,2,5,1,"370,068",4
2015,総務費,防災費,防災費,2,6,1,"11,848,602",118
2015,総務費,統計調査費,統計調査費,2,7,1,"8,049,240",80
2015,総務費,人事委員会費,人事委員会費,2,8,1,"823,218",8
2015,総務費,監査委員費,監査委員費,2,9,1,"911,345",9
2015,民生費,社会福祉費,社会福祉費,3,1,1,"368,885,032","3,689"
2015,民生費,老人福祉費,老人福祉費,3,2,1,"328,691,350","3,287"
2015,民生費,児童福祉費,児童福祉費,3,3,1,"245,712,747","2,457"
2015,民生費,生活保護費,生活保護費,3,4,1,"24,368,504",244
2015,民生費,災害救助費,災害救助費,3,5,1,"2,135,965",21
2015,衛生費,公衆衛生費,公衆衛生費,4,1,1,"90,060,535",901
2015,衛生費,結核対策費,結核対策費,4,2,1,"359,371",4
2015,衛生費,精神衛生費,精神衛生費,4,3,1,"6,879,511",69
2015,衛生費,環境衛生費,環境衛生費,4,4,1,"74,047,359",740
2015,衛生費,清掃費,清掃費,4,5,1,"21,860,840",219
2015,衛生費,保健所費,保健所費,4,6,1,"5,076,778",51
2015,衛生費,医薬費,医薬費,4,7,1,"56,178,271",562
2015,労働費,労政費,労政費,5,1,1,"19,861,271",199
2015,労働費,職業訓練費,職業訓練費,5,2,1,"9,011,862",90
2015,労働費,失業対策費,失業対策費,5,3,1,0,0
2015,労働費,労働委員会費,労働委員会費,5,4,1,"606,359",6
2015,農林水産業費,農業費,農業費,6,1,1,"4,695,106",47
2015,農林水産業費,畜産業費,畜産業費,6,2,1,"720,522",7
2015,農林水産業費,農地費,農地費,6,3,1,"580,733",6
2015,農林水産業費,林業費,林業費,6,4,1,"4,503,927",45
2015,農林水産業費,水産業費,水産業費,6,5,1,"9,426,372",94
2015,商工費,商業費,商業費,7,1,1,"215,059,788","2,151"
2015,商工費,工鉱業費,工鉱業費,7,2,1,"103,719,041","1,037"
2015,商工費,観光費,観光費,7,3,1,"40,385,217",404
2015,土木費,土木管理費,土木管理費,8,1,1,"18,403,637",184
2015,土木費,道路橋りょう費,道路橋りょう費,8,2,1,"132,140,621","1,321"
2015,土木費,河川海岸費,河川海岸費,8,3,1,"49,847,092",498
2015,土木費,港湾費,港湾費,8,4,1,"48,682,417",487
2015,土木費,都市計画費,街路費,8,5,1,"118,911,861","1,189"
2015,土木費,都市計画費,公園費,8,5,2,"50,232,491",502
2015,土木費,都市計画費,下水道費,8,5,3,"166,095,512","1,661"
2015,土木費,都市計画費,区画整理費,8,5,4,"72,444,693",724
2015,土木費,住宅費,住宅費,8,6,1,"129,868,309","1,299"
2015,土木費,空港費,空港費,8,7,1,"2,432,955",24
2015,警察費,警察費,警察費,9,1,1,"604,004,551","6,040"
2015,消防費,消防費,消防費,10,1,1,"221,949,859","2,219"
2015,教育費,教育総務費,教育総務費,11,1,1,"243,115,454","2,431"
2015,教育費,小学校費,小学校費,11,2,1,"277,455,723","2,775"
2015,教育費,中学校費,中学校費,11,3,1,"148,556,302","1,486"
2015,教育費,高等学校費,高等学校費,11,4,1,"142,614,459","1,426"
2015,教育費,特別支援学校費,特別支援学校費,11,5,1,"75,186,938",752
2015,教育費,幼稚園費,幼稚園費,11,6,1,"33,921",0
2015,教育費,社会教育費,社会教育費,11,7,1,"8,152,469",82
2015,教育費,保健体育費,体育施設費,11,8,1,"44,346,000",443
2015,教育費,保健体育費,学校給食費,11,8,2,"2,523,122",25
2015,教育費,大学費,大学費,11,9,1,"22,058,330",221
2015,教育費,特殊学校費,特殊学校費,11,10,1,0,0
2015,災害復旧費,農林水産施設,農地,12,1,1,0,0
2015,災害復旧費,農林水産施設,農業用施設,12,1,2,"472,172",5
2015,災害復旧費,農林水産施設,林業用施設,12,1,3,"1,479,169",15
2015,災害復旧費,農林水産施設,漁業用施設,12,1,4,0,0
2015,災害復旧費,農林水産施設,共同利用施設,12,1,5,0,0
2015,災害復旧費,農林水産施設,その他,12,1,6,0,0
2015,災害復旧費,農林水産施設,農林水産施設,12,1,7,0,0
2015,災害復旧費,公共土木施設,河川,12,2,1,"2,328,941",23
2015,災害復旧費,公共土木施設,海岸,12,2,2,0,0
2015,災害復旧費,公共土木施設,道路,12,2,3,0,0
2015,災害復旧費,公共土木施設,港湾,12,2,4,"179,453",2
2015,災害復旧費,公共土木施設,漁港,12,2,5,0,0
2015,災害復旧費,公共土木施設,下水道,12,2,6,0,0
2015,災害復旧費,公共土木施設,公園,12,2,7,0,0
2015,災害復旧費,公共土木施設,その他,12,2,8,0,0
2015,災害復旧費,公共土木施設,公共土木施設,12,2,9,0,0
2015,災害復旧費,その他,公立学校,12,3,1,0,0
2015,災害復旧費,その他,公営住宅,12,3,2,0,0
2015,災害復旧費,その他,社会福祉施設,12,3,3,0,0
2015,災害復旧費,その他,その他,12,3,4,0,0
2015,公債費,公債費,公債費,13,1,1,"531,344,329","5,313"
2015,諸支出金,普通財産取得費,普通財産取得費,14,1,1,0,0
2015,諸支出金,公営企業費,公営企業費,14,2,1,"24,278,729",243
2015,前年度繰上充用金,前年度繰上充用金,前年度繰上充用金,15,1,1,0,0
2015,利子割交付金,利子割交付金,利子割交付金,16,1,1,"17,686,833",177
2015,配当割交付金,配当割交付金,配当割交付金,17,1,1,"21,322,202",213
2015,株式等譲渡所得割交付金,株式等譲渡所得割交付金,株式等譲渡所得割交付金,18,1,1,"21,047,855",210
2015,地方消費税交付金,地方消費税交付金,地方消費税交付金,19,1,1,"350,211,661","3,502"
2015,ゴルフ場利用税交付金,ゴルフ場利用税交付金,ゴルフ場利用税交付金,20,1,1,"449,448",4
2015,特別地方消費税交付金,特別地方消費税交付金,特別地方消費税交付金,21,1,1,0,0
2015,自動車取得税交付金,自動車取得税交付金,自動車取得税交付金,22,1,1,"9,167,823",92
2015,軽油引取税交付金,軽油引取税交付金,軽油引取税交付金,23,1,1,0,0
2015,特別区財政調整交付金,特別区財政調整交付金,特別区財政調整交付金,24,1,1,"996,356,074","9,964"
2016,議会費,議会費,議会費,1,1,1,"5,639,510",56
2016,総務費,総務管理費,総務管理費,2,1,1,"159,363,256","1,594"
2016,総務費,企画費,企画費,2,2,1,"2,594,917",26
2016,総務費,徴税費,徴税費,2,3,1,"67,782,697",678
2016,総務費,市町村振興費,市町村振興費,2,4,1,"86,676,336",867
2016,総務費,選挙費,選挙費,2,5,1,"10,004,779",100
2016,総務費,防災費,防災費,2,6,1,"14,142,787",141
2016,総務費,統計調査費,統計調査費,2,7,1,"2,313,395",23
2016,総務費,人事委員会費,人事委員会費,2,8,1,"840,839",8
2016,総務費,監査委員費,監査委員費,2,9,1,"927,967",9
2016,民生費,社会福祉費,社会福祉費,3,1,1,"513,984,470","5,140"
2016,民生費,老人福祉費,老人福祉費,3,2,1,"317,443,562","3,174"
2016,民生費,児童福祉費,児童福祉費,3,3,1,"255,448,107","2,554"
2016,民生費,生活保護費,生活保護費,3,4,1,"24,143,300",241
2016,民生費,災害救助費,災害救助費,3,5,1,"2,665,678",27
2016,衛生費,公衆衛生費,公衆衛生費,4,1,1,"85,963,961",860
2016,衛生費,結核対策費,結核対策費,4,2,1,"380,906",4
2016,衛生費,精神衛生費,精神衛生費,4,3,1,"6,291,782",63
2016,衛生費,環境衛生費,環境衛生費,4,4,1,"43,980,085",440
2016,衛生費,清掃費,清掃費,4,5,1,"20,828,955",208
2016,衛生費,保健所費,保健所費,4,6,1,"4,939,223",49
2016,衛生費,医薬費,医薬費,4,7,1,"57,019,150",570
2016,労働費,労政費,労政費,5,1,1,"19,246,114",192
2016,労働費,職業訓練費,職業訓練費,5,2,1,"9,081,362",91
2016,労働費,失業対策費,失業対策費,5,3,1,0,0
2016,労働費,労働委員会費,労働委員会費,5,4,1,"597,776",6
2016,農林水産業費,農業費,農業費,6,1,1,"6,198,863",62
2016,農林水産業費,畜産業費,畜産業費,6,2,1,"756,976",8
2016,農林水産業費,農地費,農地費,6,3,1,"604,747",6
2016,農林水産業費,林業費,林業費,6,4,1,"5,138,909",51
2016,農林水産業費,水産業費,水産業費,6,5,1,"9,526,941",95
2016,商工費,商業費,商業費,7,1,1,"217,912,317","2,179"
2016,商工費,工鉱業費,工鉱業費,7,2,1,"137,396,222","1,374"
2016,商工費,観光費,観光費,7,3,1,"18,066,424",181
2016,土木費,土木管理費,土木管理費,8,1,1,"18,653,363",187
2016,土木費,道路橋りょう費,道路橋りょう費,8,2,1,"214,829,338","2,148"
2016,土木費,河川海岸費,河川海岸費,8,3,1,"50,817,535",508
2016,土木費,港湾費,港湾費,8,4,1,"56,813,480",568
2016,土木費,都市計画費,街路費,8,5,1,"130,888,887","1,309"
2016,土木費,都市計画費,公園費,8,5,2,"42,703,808",427
2016,土木費,都市計画費,下水道費,8,5,3,"165,072,970","1,651"
2016,土木費,都市計画費,区画整理費,8,5,4,"96,690,308",967
2016,土木費,住宅費,住宅費,8,6,1,"129,854,878","1,299"
2016,土木費,空港費,空港費,8,7,1,"3,103,497",31
2016,警察費,警察費,警察費,9,1,1,"623,195,717","6,232"
2016,消防費,消防費,消防費,10,1,1,"225,507,676","2,255"
2016,教育費,教育総務費,教育総務費,11,1,1,"241,307,516","2,413"
2016,教育費,小学校費,小学校費,11,2,1,"282,503,141","2,825"
2016,教育費,中学校費,中学校費,11,3,1,"150,160,532","1,502"
2016,教育費,高等学校費,高等学校費,11,4,1,"152,248,259","1,522"
2016,教育費,特別支援学校費,特別支援学校費,11,5,1,"88,203,955",882
2016,教育費,幼稚園費,幼稚園費,11,6,1,"31,143",0
2016,教育費,社会教育費,社会教育費,11,7,1,"11,580,099",116
2016,教育費,保健体育費,体育施設費,11,8,1,"77,733,946",777
2016,教育費,保健体育費,学校給食費,11,8,2,"2,645,178",26
2016,教育費,大学費,大学費,11,9,1,"21,585,724",216
2016,教育費,特殊学校費,特殊学校費,11,10,1,0,0
2016,災害復旧費,農林水産施設,農地,12,1,1,0,0
2016,災害復旧費,農林水産施設,農業用施設,12,1,2,"43,515",0
2016,災害復旧費,農林水産施設,林業用施設,12,1,3,"1,247,747",12
2016,災害復旧費,農林水産施設,漁業用施設,12,1,4,0,0
2016,災害復旧費,農林水産施設,共同利用施設,12,1,5,0,0
2016,災害復旧費,農林水産施設,その他,12,1,6,0,0
2016,災害復旧費,農林水産施設,農林水産施設,12,1,7,0,0
2016,災害復旧費,公共土木施設,河川,12,2,1,"2,999,315",30
2016,災害復旧費,公共土木施設,海岸,12,2,2,0,0
2016,災害復旧費,公共土木施設,道路,12,2,3,0,0
2016,災害復旧費,公共土木施設,港湾,12,2,4,0,0
2016,災害復旧費,公共土木施設,漁港,12,2,5,0,0
2016,災害復旧費,公共土木施設,下水道,12,2,6,0,0
2016,災害復旧費,公共土木施設,公園,12,2,7,0,0
2016,災害復旧費,公共土木施設,その他,12,2,8,0,0
2016,災害復旧費,公共土木施設,公共土木施設,12,2,9,0,0
2016,災害復旧費,その他,公立学校,12,3,1,0,0
2016,災害復旧費,その他,公営住宅,12,3,2,0,0
2016,災害復旧費,その他,社会福祉施設,12,3,3,0,0
2016,災害復旧費,その他,その他,12,3,4,0,0
2016,公債費,公債費,公債費,13,1,1,"476,023,434","4,760"
2016,諸支出金,普通財産取得費,普通財産取得費,14,1,1,0,0
2016,諸支出金,公営企業費,公営企業費,14,2,1,"25,243,135",252
2016,前年度繰上充用金,前年度繰上充用金,前年度繰上充用金,15,1,1,0,0
2016,利子割交付金,利子割交付金,利子割交付金,16,1,1,"4,928,549",49
2016,配当割交付金,配当割交付金,配当割交付金,17,1,1,"16,102,668",161
2016,株式等譲渡所得割交付金,株式等譲渡所得割交付金,株式等譲渡所得割交付金,18,1,1,"9,389,419",94
2016,地方消費税交付金,地方消費税交付金,地方消費税交付金,19,1,1,"316,326,102","3,163"
2016,ゴルフ場利用税交付金,ゴルフ場利用税交付金,ゴルフ場利用税交付金,20,1,1,"456,391",5
2016,特別地方消費税交付金,特別地方消費税交付金,特別地方消費税交付金,21,1,1,0,0
2016,自動車取得税交付金,自動車取得税交付金,自動車取得税交付金,22,1,1,"9,273,684",93
2016,軽油引取税交付金,軽油引取税交付金,軽油引取税交付金,23,1,1,0,0
2016,特別区財政調整交付金,特別区財政調整交付金,特別区財政調整交付金,24,1,1,"987,804,199","9,878"
2017,議会費,議会費,議会費,1,1,1,"4,939,956",49
2017,総務費,総務管理費,総務管理費,2,1,1,"406,770,762","4,068"
2017,総務費,企画費,企画費,2,2,1,"3,262,937",33
2017,総務費,徴税費,徴税費,2,3,1,"68,750,724",688
2017,総務費,市町村振興費,市町村振興費,2,4,1,"83,291,753",833
2017,総務費,選挙費,選挙費,2,5,1,"10,979,494",110
2017,総務費,防災費,防災費,2,6,1,"10,066,985",101
2017,総務費,統計調査費,統計調査費,2,7,1,"1,771,675",18
2017,総務費,人事委員会費,人事委員会費,2,8,1,"848,193",8
2017,総務費,監査委員費,監査委員費,2,9,1,"931,482",9
2017,民生費,社会福祉費,社会福祉費,3,1,1,"326,806,199","3,268"
2017,民生費,老人福祉費,老人福祉費,3,2,1,"319,704,469","3,197"
2017,民生費,児童福祉費,児童福祉費,3,3,1,"296,573,591","2,966"
2017,民生費,生活保護費,生活保護費,3,4,1,"23,143,621",231
2017,民生費,災害救助費,災害救助費,3,5,1,"1,146,310",11
2017,衛生費,公衆衛生費,公衆衛生費,4,1,1,"91,956,630",920
2017,衛生費,結核対策費,結核対策費,4,2,1,"395,484",4
2017,衛生費,精神衛生費,精神衛生費,4,3,1,"7,216,297",72
2017,衛生費,環境衛生費,環境衛生費,4,4,1,"39,151,658",392
2017,衛生費,清掃費,清掃費,4,5,1,"19,928,421",199
2017,衛生費,保健所費,保健所費,4,6,1,"5,784,968",58
2017,衛生費,医薬費,医薬費,4,7,1,"55,093,121",551
2017,労働費,労政費,労政費,5,1,1,"22,525,135",225
2017,労働費,職業訓練費,職業訓練費,5,2,1,"9,224,027",92
2017,労働費,失業対策費,失業対策費,5,3,1,0,0
2017,労働費,労働委員会費,労働委員会費,5,4,1,"597,517",6
2017,農林水産業費,農業費,農業費,6,1,1,"4,467,516",45
2017,農林水産業費,畜産業費,畜産業費,6,2,1,"793,153",8
2017,農林水産業費,農地費,農地費,6,3,1,"636,493",6
2017,農林水産業費,林業費,林業費,6,4,1,"4,597,723",46
2017,農林水産業費,水産業費,水産業費,6,5,1,"8,506,374",85
2017,商工費,商業費,商業費,7,1,1,"211,915,945","2,119"
2017,商工費,工鉱業費,工鉱業費,7,2,1,"109,931,049","1,099"
2017,商工費,観光費,観光費,7,3,1,"18,244,887",182
2017,土木費,土木管理費,土木管理費,8,1,1,"17,364,851",174
2017,土木費,道路橋りょう費,道路橋りょう費,8,2,1,"143,615,654","1,436"
2017,土木費,河川海岸費,河川海岸費,8,3,1,"55,657,743",557
2017,土木費,港湾費,港湾費,8,4,1,"78,575,564",786
2017,土木費,都市計画費,街路費,8,5,1,"137,118,722","1,371"
2017,土木費,都市計画費,公園費,8,5,2,"42,916,541",429
2017,土木費,都市計画費,下水道費,8,5,3,"167,896,344","1,679"
2017,土木費,都市計画費,区画整理費,8,5,4,"80,708,262",807
2017,土木費,住宅費,住宅費,8,6,1,"119,301,671","1,193"
2017,土木費,空港費,空港費,8,7,1,"2,436,866",24
2017,警察費,警察費,警察費,9,1,1,"621,033,959","6,210"
2017,消防費,消防費,消防費,10,1,1,"229,883,281","2,299"
2017,教育費,教育総務費,教育総務費,11,1,1,"252,134,814","2,521"
2017,教育費,小学校費,小学校費,11,2,1,"289,426,274","2,894"
2017,教育費,中学校費,中学校費,11,3,1,"150,584,120","1,506"
2017,教育費,高等学校費,高等学校費,11,4,1,"151,654,120","1,517"
2017,教育費,特別支援学校費,特別支援学校費,11,5,1,"86,086,190",861
2017,教育費,幼稚園費,幼稚園費,11,6,1,"53,715",1
2017,教育費,社会教育費,社会教育費,11,7,1,"8,166,833",82
2017,教育費,保健体育費,体育施設費,11,8,1,"52,822,528",528
2017,教育費,保健体育費,学校給食費,11,8,2,"2,750,753",28
2017,教育費,大学費,大学費,11,9,1,"20,921,971",209
2017,教育費,特殊学校費,特殊学校費,11,10,1,0,0
2017,災害復旧費,農林水産施設,農地,12,1,1,0,0
2017,災害復旧費,農林水産施設,農業用施設,12,1,2,"94,664",1
2017,災害復旧費,農林水産施設,林業用施設,12,1,3,"1,099,383",11
2017,災害復旧費,農林水産施設,漁業用施設,12,1,4,0,0
2017,災害復旧費,農林水産施設,共同利用施設,12,1,5,0,0
2017,災害復旧費,農林水産施設,その他,12,1,6,0,0
2017,災害復旧費,農林水産施設,農林水産施設,12,1,7,0,0
2017,災害復旧費,公共土木施設,河川,12,2,1,"20,703",0
2017,災害復旧費,公共土木施設,海岸,12,2,2,0,0
2017,災害復旧費,公共土木施設,道路,12,2,3,0,0
2017,災害復旧費,公共土木施設,港湾,12,2,4,0,0
2017,災害復旧費,公共土木施設,漁港,12,2,5,"12,000",0
2017,災害復旧費,公共土木施設,下水道,12,2,6,0,0
2017,災害復旧費,公共土木施設,公園,12,2,7,0,0
2017,災害復旧費,公共土木施設,その他,12,2,8,0,0
2017,災害復旧費,公共土木施設,公共土木施設,12,3,9,0,0
2017,災害復旧費,その他,公立学校,12,3,1,0,0
2017,災害復旧費,その他,公営住宅,12,3,2,0,0
2017,災害復旧費,その他,社会福祉施設,12,3,3,0,0
2017,災害復旧費,その他,その他,12,3,4,0,0
2017,公債費,公債費,公債費,13,1,1,"557,091,831","5,571"
2017,諸支出金,普通財産取得費,普通財産取得費,14,1,1,0,0
2017,諸支出金,公営企業費,公営企業費,14,2,1,"26,907,940",269
2017,前年度繰上充用金,前年度繰上充用金,前年度繰上充用金,15,1,1,0,0
2017,利子割交付金,利子割交付金,利子割交付金,16,1,1,"5,296,661",53
2017,配当割交付金,配当割交付金,配当割交付金,17,1,1,"21,845,567",218
2017,株式等譲渡所得割交付金,株式等譲渡所得割交付金,株式等譲渡所得割交付金,18,1,1,"21,954,267",220
2017,地方消費税交付金,地方消費税交付金,地方消費税交付金,19,1,1,"323,682,490","3,237"
2017,ゴルフ場利用税交付金,ゴルフ場利用税交付金,ゴルフ場利用税交付金,20,1,1,"445,520",4
2017,特別地方消費税交付金,特別地方消費税交付金,特別地方消費税交付金,21,1,1,0,0
2017,自動車取得税交付金,自動車取得税交付金,自動車取得税交付金,22,1,1,"11,655,566",117
2017,軽油引取税交付金,軽油引取税交付金,軽油引取税交付金,23,1,1,0,0
2017,特別区財政調整交付金,特別区財政調整交付金,特別区財政調整交付金,24,1,1,"976,299,046","9,763"
2017,分離課税所得割交付金,分離課税所得割交付金,分離課税所得割交付金,25,1,1,0,0
2017,道府県民税所得割臨時交付金,道府県民税所得割臨時交付金,道府県民税所得割臨時交付金,26,1,1,0,0
2018,議会費,議会費,議会費,1,1,1,"4,974,341",50
2018,総務費,総務管理費,総務管理費,2,1,1,"323,456,227","3,235"
2018,総務費,企画費,企画費,2,2,1,"3,708,450",37
2018,総務費,徴税費,徴税費,2,3,1,"71,424,203",714
2018,総務費,市町村振興費,市町村振興費,2,4,1,"90,725,818",907
2018,総務費,選挙費,選挙費,2,5,1,"355,966",4
2018,総務費,防災費,防災費,2,6,1,"9,572,825",96
2018,総務費,統計調査費,統計調査費,2,7,1,"2,195,004",22
2018,総務費,人事委員会費,人事委員会費,2,8,1,"864,777",9
2018,総務費,監査委員費,監査委員費,2,9,1,"931,841",9
2018,民生費,社会福祉費,社会福祉費,3,1,1,"310,256,435","3,103"
2018,民生費,老人福祉費,老人福祉費,3,2,1,"336,607,603","3,366"
2018,民生費,児童福祉費,児童福祉費,3,3,1,"310,081,141","3,101"
2018,民生費,生活保護費,生活保護費,3,4,1,"22,293,688",223
2018,民生費,災害救助費,災害救助費,3,5,1,"647,294",6
2018,衛生費,公衆衛生費,公衆衛生費,4,1,1,"84,240,456",842
2018,衛生費,結核対策費,結核対策費,4,2,1,"376,712",4
2018,衛生費,精神衛生費,精神衛生費,4,3,1,"6,904,358",69
2018,衛生費,環境衛生費,環境衛生費,4,4,1,"32,578,554",326
2018,衛生費,清掃費,清掃費,4,5,1,"19,538,516",195
2018,衛生費,保健所費,保健所費,4,6,1,"6,711,442",67
2018,衛生費,医薬費,医薬費,4,7,1,"51,979,767",520
2018,労働費,労政費,労政費,5,1,1,"17,758,131",178
2018,労働費,職業訓練費,職業訓練費,5,2,1,"9,426,984",94
2018,労働費,失業対策費,失業対策費,5,3,1,0,0
2018,労働費,労働委員会費,労働委員会費,5,4,1,"607,156",6
2018,農林水産業費,農業費,農業費,6,1,1,"4,278,968",43
2018,農林水産業費,畜産業費,畜産業費,6,2,1,"1,084,082",11
2018,農林水産業費,農地費,農地費,6,3,1,"615,033",6
2018,農林水産業費,林業費,林業費,6,4,1,"4,779,997",48
2018,農林水産業費,水産業費,水産業費,6,5,1,"8,532,093",85
2018,商工費,商業費,商業費,7,1,1,"241,886,202","2,419"
2018,商工費,工鉱業費,工鉱業費,7,2,1,"119,127,779","1,191"
2018,商工費,観光費,観光費,7,3,1,"18,576,919",186
2018,土木費,土木管理費,土木管理費,8,1,1,"16,809,829",168
2018,土木費,道路橋りょう費,道路橋りょう費,8,2,1,"137,737,728","1,377"
2018,土木費,河川海岸費,河川海岸費,8,3,1,"57,492,952",575
2018,土木費,港湾費,港湾費,8,4,1,"85,774,725",858
2018,土木費,都市計画費,街路費,8,5,1,"141,759,272","1,418"
2018,土木費,都市計画費,公園費,8,5,2,"63,644,745",636
2018,土木費,都市計画費,下水道費,8,5,3,"166,692,952","1,667"
2018,土木費,都市計画費,区画整理費,8,5,4,"89,321,016",893
2018,土木費,住宅費,住宅費,8,6,1,"126,929,580","1,269"
2018,土木費,空港費,空港費,8,7,1,"3,363,748",34
2018,警察費,警察費,警察費,9,1,1,"627,093,487","6,271"
2018,消防費,消防費,消防費,10,1,1,"231,786,037","2,318"
2018,教育費,教育総務費,教育総務費,11,1,1,"250,288,868","2,503"
2018,教育費,小学校費,小学校費,11,2,1,"300,906,964","3,009"
2018,教育費,中学校費,中学校費,11,3,1,"151,295,926","1,513"
2018,教育費,高等学校費,高等学校費,11,4,1,"157,995,646","1,580"
2018,教育費,特別支援学校費,特別支援学校費,11,5,1,"94,954,201",950
2018,教育費,幼稚園費,幼稚園費,11,6,1,"90,226",1
2018,教育費,社会教育費,社会教育費,11,7,1,"9,653,286",97
2018,教育費,保健体育費,体育施設費,11,8,1,"79,362,246",794
2018,教育費,保健体育費,学校給食費,11,8,2,"2,888,811",29
2018,教育費,大学費,大学費,11,9,1,"21,513,001",215
2018,教育費,特殊学校費,特殊学校費,11,10,1,0,0
2018,災害復旧費,農林水産施設,農地,12,1,1,0,0
2018,災害復旧費,農林水産施設,農業用施設,12,1,2,"148,776",1
2018,災害復旧費,農林水産施設,林業用施設,12,1,3,"1,187,238",12
2018,災害復旧費,農林水産施設,漁業用施設,12,1,4,0,0
2018,災害復旧費,農林水産施設,共同利用施設,12,1,5,0,0
2018,災害復旧費,農林水産施設,その他,12,1,6,0,0
2018,災害復旧費,農林水産施設,農林水産施設,12,1,7,0,0
2018,災害復旧費,公共土木施設,河川,12,2,1,335,0
2018,災害復旧費,公共土木施設,海岸,12,2,2,0,0
2018,災害復旧費,公共土木施設,道路,12,2,3,0,0
2018,災害復旧費,公共土木施設,港湾,12,2,4,"36,750",0
2018,災害復旧費,公共土木施設,漁港,12,2,5,"134,933",1
2018,災害復旧費,公共土木施設,下水道,12,2,6,0,0
2018,災害復旧費,公共土木施設,公園,12,2,7,0,0
2018,災害復旧費,公共土木施設,その他,12,2,8,0,0
2018,災害復旧費,公共土木施設,公共土木施設,12,2,9,0,0
2018,災害復旧費,その他,公立学校,12,3,1,0,0
2018,災害復旧費,その他,公営住宅,12,3,2,0,0
2018,災害復旧費,その他,社会福祉施設,12,3,3,0,0
2018,災害復旧費,その他,その他,12,3,4,0,0
2018,公債費,公債費,公債費,13,1,1,"474,473,759","4,745"
2018,諸支出金,普通財産取得費,普通財産取得費,14,1,1,"542,273,764","5,423"
2018,諸支出金,公営企業費,公営企業費,14,2,1,"29,391,205",294
2018,前年度繰上充用金,前年度繰上充用金,前年度繰上充用金,15,1,1,0,0
2018,利子割交付金,利子割交付金,利子割交付金,16,1,1,"5,661,621",57
2018,配当割交付金,配当割交付金,配当割交付金,17,1,1,"18,872,322",189
2018,株式等譲渡所得割交付金,株式等譲渡所得割交付金,株式等譲渡所得割交付金,18,1,1,"15,418,786",154
2018,地方消費税交付金,地方消費税交付金,地方消費税交付金,19,1,1,"276,135,573","2,761"
2018,ゴルフ場利用税交付金,ゴルフ場利用税交付金,ゴルフ場利用税交付金,20,1,1,"441,704",4
2018,特別地方消費税交付金,特別地方消費税交付金,特別地方消費税交付金,21,1,1,0,0
2018,自動車取得税交付金,自動車取得税交付金,自動車取得税交付金,22,1,1,"12,218,064",122
2018,軽油引取税交付金,軽油引取税交付金,軽油引取税交付金,23,1,1,0,0
2018,特別区財政調整交付金,特別区財政調整交付金,特別区財政調整交付金,24,1,1,"1,068,163,142","10,682"
2018,分離課税所得割交付金,分離課税所得割交付金,分離課税所得割交付金,25,1,1,0,0
2018,道府県民税所得割臨時交付金,道府県民税所得割臨時交付金,道府県民税所得割臨時交付金,26,1,1,0,0
2019,議会費,議会費,議会費,1,1,1,"5,019,607",50
2019,総務費,総務管理費,総務管理費,2,1,1,"647,563,537","6,476"
2019,総務費,企画費,企画費,2,2,1,"4,816,644",48
2019,総務費,徴税費,徴税費,2,3,1,"68,480,841",685
2019,総務費,市町村振興費,市町村振興費,2,4,1,"94,042,148",940
2019,総務費,選挙費,選挙費,2,5,1,"5,436,267",54
2019,総務費,防災費,防災費,2,6,1,"11,584,254",116
2019,総務費,統計調査費,統計調査費,2,7,1,"1,992,626",20
2019,総務費,人事委員会費,人事委員会費,2,8,1,"841,005",8
2019,総務費,監査委員費,監査委員費,2,9,1,"916,441",9
2019,民生費,社会福祉費,社会福祉費,3,1,1,"376,547,848","3,765"
2019,民生費,老人福祉費,老人福祉費,3,2,1,"345,235,409","3,452"
2019,民生費,児童福祉費,児童福祉費,3,3,1,"348,215,319","3,482"
2019,民生費,生活保護費,生活保護費,3,4,1,"21,794,968",218
2019,民生費,災害救助費,災害救助費,3,5,1,"5,135,966",51
2019,衛生費,公衆衛生費,公衆衛生費,4,1,1,"90,130,317",901
2019,衛生費,結核対策費,結核対策費,4,2,1,"355,864",4
2019,衛生費,精神衛生費,精神衛生費,4,3,1,"7,244,156",72
2019,衛生費,環境衛生費,環境衛生費,4,4,1,"76,855,321",769
2019,衛生費,清掃費,清掃費,4,5,1,"20,426,029",204
2019,衛生費,保健所費,保健所費,4,6,1,"5,510,957",55
2019,衛生費,医薬費,医薬費,4,7,1,"51,485,311",515
2019,労働費,労政費,労政費,5,1,1,"21,806,708",218
2019,労働費,職業訓練費,職業訓練費,5,2,1,"9,883,709",99
2019,労働費,失業対策費,失業対策費,5,3,1,0,0
2019,労働費,労働委員会費,労働委員会費,5,4,1,"601,180",6
2019,農林水産業費,農業費,農業費,6,1,1,"5,026,592",50
2019,農林水産業費,畜産業費,畜産業費,6,2,1,"2,513,482",25
2019,農林水産業費,農地費,農地費,6,3,1,"847,774",8
2019,農林水産業費,林業費,林業費,6,4,1,"5,064,033",51
2019,農林水産業費,水産業費,水産業費,6,5,1,"7,892,879",79
2019,商工費,商業費,商業費,7,1,1,"293,934,448","2,939"
2019,商工費,工鉱業費,工鉱業費,7,2,1,"129,730,979","1,297"
2019,商工費,観光費,観光費,7,3,1,"21,220,631",212
2019,土木費,土木管理費,土木管理費,8,1,1,"49,280,111",493
2019,土木費,道路橋りょう費,道路橋りょう費,8,2,1,"139,875,940","1,399"
2019,土木費,河川海岸費,河川海岸費,8,3,1,"63,631,881",636
2019,土木費,港湾費,港湾費,8,4,1,"77,311,442",773
2019,土木費,都市計画費,街路費,8,5,1,"132,013,696","1,320"
2019,土木費,都市計画費,公園費,8,5,2,"53,524,431",535
2019,土木費,都市計画費,下水道費,8,5,3,"159,372,727","1,594"
2019,土木費,都市計画費,区画整理費,8,5,4,"86,493,968",865
2019,土木費,住宅費,住宅費,8,6,1,"123,816,042","1,238"
2019,土木費,空港費,空港費,8,7,1,"2,699,039",27
2019,警察費,警察費,警察費,9,1,1,"642,702,704","6,427"
2019,消防費,消防費,消防費,10,1,1,"242,534,217","2,425"
2019,教育費,教育総務費,教育総務費,11,1,1,"257,973,871","2,580"
2019,教育費,小学校費,小学校費,11,2,1,"302,534,114","3,025"
2019,教育費,中学校費,中学校費,11,3,1,"150,528,824","1,505"
2019,教育費,高等学校費,高等学校費,11,4,1,"160,144,024","1,601"
2019,教育費,特別支援学校費,特別支援学校費,11,5,1,"94,306,162",943
2019,教育費,幼稚園費,幼稚園費,11,6,1,"169,778",2
2019,教育費,社会教育費,社会教育費,11,7,1,"8,563,266",86
2019,教育費,保健体育費,体育施設費,11,8,1,"272,561,611","2,726"
2019,教育費,保健体育費,学校給食費,11,8,2,"2,928,949",29
2019,教育費,大学費,大学費,11,9,1,"21,007,667",210
2019,教育費,特殊学校費,特殊学校費,11,10,1,0,0
2019,災害復旧費,農林水産施設,農地,12,1,1,0,0
2019,災害復旧費,農林水産施設,農業用施設,12,1,2,"373,804",4
2019,災害復旧費,農林水産施設,林業用施設,12,1,3,"1,048,249",10
2019,災害復旧費,農林水産施設,漁業用施設,12,1,4,0,0
2019,災害復旧費,農林水産施設,共同利用施設,12,1,5,0,0
2019,災害復旧費,農林水産施設,その他,12,1,6,0,0
2019,災害復旧費,農林水産施設,農林水産施設,12,1,7,0,0
2019,災害復旧費,公共土木施設,河川,12,2,1,"138,300",1
2019,災害復旧費,公共土木施設,海岸,12,2,2,0,0
2019,災害復旧費,公共土木施設,道路,12,2,3,"202,600",2
2019,災害復旧費,公共土木施設,港湾,12,2,4,"701,098",7
2019,災害復旧費,公共土木施設,漁港,12,2,5,0,0
2019,災害復旧費,公共土木施設,下水道,12,2,6,0,0
2019,災害復旧費,公共土木施設,公園,12,2,7,0,0
2019,災害復旧費,公共土木施設,その他,12,2,8,0,0
2019,災害復旧費,公共土木施設,公共土木施設,12,2,9,0,0
2019,災害復旧費,その他,公立学校,12,3,1,0,0
2019,災害復旧費,その他,公営住宅,12,3,2,0,0
2019,災害復旧費,その他,社会福祉施設,12,3,3,0,0
2019,災害復旧費,その他,その他,12,3,4,0,0
2019,公債費,公債費,公債費,13,1,1,"406,028,418","4,060"
2019,諸支出金,普通財産取得費,普通財産取得費,14,1,1,0,0
2019,諸支出金,公営企業費,公営企業費,14,2,1,"29,422,191",294
2019,前年度繰上充用金,前年度繰上充用金,前年度繰上充用金,15,1,1,0,0
2019,利子割交付金,利子割交付金,利子割交付金,16,1,1,"4,287,026",43
2019,配当割交付金,配当割交付金,配当割交付金,17,1,1,"21,336,041",213
2019,株式等譲渡所得割交付金,株式等譲渡所得割交付金,株式等譲渡所得割交付金,18,1,1,"13,183,582",132
2019,地方消費税交付金,地方消費税交付金,地方消費税交付金,19,1,1,"264,293,805","2,643"
2019,ゴルフ場利用税交付金,ゴルフ場利用税交付金,ゴルフ場利用税交付金,20,1,1,"435,075",4
2019,特別地方消費税交付金,特別地方消費税交付金,特別地方消費税交付金,21,1,1,0,0
2019,自動車取得税交付金,自動車取得税交付金,自動車取得税交付金,22,1,1,"6,142,011",61
2019,軽油引取税交付金,軽油引取税交付金,軽油引取税交付金,23,1,1,0,0
2019,特別区財政調整交付金,特別区財政調整交付金,特別区財政調整交付金,24,1,1,"1,099,225,769","10,992"
2019,分離課税所得割交付金,分離課税所得割交付金,分離課税所得割交付金,25,1,1,0,0
2019,道府県民税所得割臨時交付金,道府県民税所得割臨時交付金,道府県民税所得割臨時交付金,26,1,1,0,0
2019,自動車税環境性能割交付金,自動車税環境性能割交付金,自動車税環境性能割交付金,27,1,1,"2,169,073",22
2020,議会費,議会費,議会費,1,1,1,"5,099,661",51
2020,総務費,総務管理費,総務管理費,2,1,1,"369,050,124","3,691"
2020,総務費,企画費,企画費,2,2,1,"6,372,665",64
2020,総務費,徴税費,徴税費,2,3,1,"70,199,459",702
2020,総務費,市町村振興費,市町村振興費,2,4,1,"165,322,401","1,653"
2020,総務費,選挙費,選挙費,2,5,1,"5,899,275",59
2020,総務費,防災費,防災費,2,6,1,"11,860,251",119
2020,総務費,統計調査費,統計調査費,2,7,1,"8,527,332",85
2020,総務費,人事委員会費,人事委員会費,2,8,1,"887,062",9
2020,総務費,監査委員費,監査委員費,2,9,1,"905,075",9
2020,民生費,社会福祉費,社会福祉費,3,1,1,"572,104,516","5,721"
2020,民生費,老人福祉費,老人福祉費,3,2,1,"378,311,509","3,783"
2020,民生費,児童福祉費,児童福祉費,3,3,1,"368,726,854","3,687"
2020,民生費,生活保護費,生活保護費,3,4,1,"21,610,470",216
2020,民生費,災害救助費,災害救助費,3,5,1,"1,114,314",11
2020,衛生費,公衆衛生費,公衆衛生費,4,1,1,"401,328,162","4,013"
2020,衛生費,結核対策費,結核対策費,4,2,1,"336,698",3
2020,衛生費,精神衛生費,精神衛生費,4,3,1,"6,621,349",66
2020,衛生費,環境衛生費,環境衛生費,4,4,1,"50,207,726",502
2020,衛生費,清掃費,清掃費,4,5,1,"23,280,196",233
2020,衛生費,保健所費,保健所費,4,6,1,"6,964,523",70
2020,衛生費,医薬費,医薬費,4,7,1,"55,051,914",551
2020,労働費,労政費,労政費,5,1,1,"71,523,545",715
2020,労働費,職業訓練費,職業訓練費,5,2,1,"14,243,619",142
2020,労働費,失業対策費,失業対策費,5,3,1,0,0
2020,労働費,労働委員会費,労働委員会費,5,4,1,"604,473",6
2020,農林水産業費,農業費,農業費,6,1,1,"5,155,688",52
2020,農林水産業費,畜産業費,畜産業費,6,2,1,"3,753,623",38
2020,農林水産業費,農地費,農地費,6,3,1,"2,826,366",28
2020,農林水産業費,林業費,林業費,6,4,1,"4,951,617",50
2020,農林水産業費,水産業費,水産業費,6,5,1,"8,267,556",83
2020,商工費,商業費,商業費,7,1,1,"961,025,278","9,610"
2020,商工費,工鉱業費,工鉱業費,7,2,1,"315,808,988","3,158"
2020,商工費,観光費,観光費,7,3,1,"20,541,651",205
2020,土木費,土木管理費,土木管理費,8,1,1,"16,637,245",166
2020,土木費,道路橋りょう費,道路橋りょう費,8,2,1,"134,202,555","1,342"
2020,土木費,河川海岸費,河川海岸費,8,3,1,"65,317,957",653
2020,土木費,港湾費,港湾費,8,4,1,"58,356,832",584
2020,土木費,都市計画費,街路費,8,5,1,"148,072,054","1,481"
2020,土木費,都市計画費,公園費,8,5,2,"42,582,318",426
2020,土木費,都市計画費,下水道費,8,5,3,"164,402,620","1,644"
2020,土木費,都市計画費,区画整理費,8,5,4,"74,322,699",743
2020,土木費,住宅費,住宅費,8,6,1,"110,473,420","1,105"
2020,土木費,空港費,空港費,8,7,1,"3,325,942",33
2020,警察費,警察費,警察費,9,1,1,"632,615,111","6,326"
2020,消防費,消防費,消防費,10,1,1,"233,617,734","2,336"
2020,教育費,教育総務費,教育総務費,11,1,1,"275,423,847","2,754"
2020,教育費,小学校費,小学校費,11,2,1,"309,629,509","3,096"
2020,教育費,中学校費,中学校費,11,3,1,"151,414,247","1,514"
2020,教育費,高等学校費,高等学校費,11,4,1,"154,687,771","1,547"
2020,教育費,特別支援学校費,特別支援学校費,11,5,1,"99,279,294",993
2020,教育費,幼稚園費,幼稚園費,11,6,1,"243,317",2
2020,教育費,社会教育費,社会教育費,11,7,1,"7,957,238",80
2020,教育費,保健体育費,体育施設費,11,8,1,"176,280,018","1,763"
2020,教育費,保健体育費,学校給食費,11,8,2,"4,075,534",41
2020,教育費,大学費,大学費,11,9,1,"23,979,008",240
2020,教育費,特殊学校費,特殊学校費,11,10,1,0,0
2020,災害復旧費,農林水産施設,農地,12,1,1,0,0
2020,災害復旧費,農林水産施設,農業用施設,12,1,2,"323,925",3
2020,災害復旧費,農林水産施設,林業用施設,12,1,3,"1,634,961",16
2020,災害復旧費,農林水産施設,漁業用施設,12,1,4,0,0
2020,災害復旧費,農林水産施設,共同利用施設,12,1,5,0,0
2020,災害復旧費,農林水産施設,その他,12,1,6,0,0
2020,災害復旧費,農林水産施設,農林水産施設,12,1,7,0,0
2020,災害復旧費,公共土木施設,河川,12,2,1,"249,993",2
2020,災害復旧費,公共土木施設,海岸,12,2,2,0,0
2020,災害復旧費,公共土木施設,道路,12,2,3,"358,508",4
2020,災害復旧費,公共土木施設,港湾,12,2,4,"334,520",3
2020,災害復旧費,公共土木施設,漁港,12,2,5,"526,288",5
2020,災害復旧費,公共土木施設,下水道,12,2,6,0,0
2020,災害復旧費,公共土木施設,公園,12,2,7,0,0
2020,災害復旧費,公共土木施設,その他,12,2,8,0,0
2020,災害復旧費,公共土木施設,公共土木施設,12,2,9,0,0
2020,災害復旧費,その他,公立学校,12,3,1,0,0
2020,災害復旧費,その他,公営住宅,12,3,2,0,0
2020,災害復旧費,その他,社会福祉施設,12,3,3,0,0
2020,災害復旧費,その他,その他,12,3,4,0,0
2020,公債費,公債費,公債費,13,1,1,"388,165,171","3,882"
2020,諸支出金,普通財産取得費,普通財産取得費,14,1,1,0,0
2020,諸支出金,公営企業費,公営企業費,14,2,1,"28,663,279",287
2020,前年度繰上充用金,前年度繰上充用金,前年度繰上充用金,15,1,1,0,0
2020,利子割交付金,利子割交付金,利子割交付金,16,1,1,"4,106,531",41
2020,配当割交付金,配当割交付金,配当割交付金,17,1,1,"19,885,040",199
2020,株式等譲渡所得割交付金,株式等譲渡所得割交付金,株式等譲渡所得割交付金,18,1,1,"23,209,102",232
2020,地方消費税交付金,地方消費税交付金,地方消費税交付金,19,1,1,"322,231,213","3,222"
2020,ゴルフ場利用税交付金,ゴルフ場利用税交付金,ゴルフ場利用税交付金,20,1,1,"384,602",4
2020,特別地方消費税交付金,特別地方消費税交付金,特別地方消費税交付金,21,1,1,0,0
2020,自動車取得税交付金,自動車取得税交付金,自動車取得税交付金,22,1,1,"1,878",0
2020,軽油引取税交付金,軽油引取税交付金,軽油引取税交付金,23,1,1,0,0
2020,特別区財政調整交付金,特別区財政調整交付金,特別区財政調整交付金,24,1,1,"987,395,908","9,874"
2020,分離課税所得割交付金,分離課税所得割交付金,分離課税所得割交付金,25,1,1,0,0
2020,道府県民税所得割臨時交付金,道府県民税所得割臨時交付金,道府県民税所得割臨時交付金,26,1,1,0,0
2020,自動車税環境性能割交付金,自動車税環境性能割交付金,自動車税環境性能割交付金,27,1,1,"3,710,782",37
2020,法人事業税交付金,法人事業税交付金,法人事業税交付金,28,1,1,"2,978,661",30
2021,議会費,議会費,議会費,1,1,1,"5,145,977",51
2021,総務費,総務管理費,総務管理費,2,1,1,"352,844,551","3,528"
2021,総務費,企画費,企画費,2,2,1,"7,305,889",73
2021,総務費,徴税費,徴税費,2,3,1,"71,772,698",718
2021,総務費,市町村振興費,市町村振興費,2,4,1,"126,404,633","1,264"
2021,総務費,選挙費,選挙費,2,5,1,"11,941,204",119
2021,総務費,防災費,防災費,2,6,1,"13,497,563",135
2021,総務費,統計調査費,統計調査費,2,7,1,"2,286,930",23
2021,総務費,人事委員会費,人事委員会費,2,8,1,"823,049",8
2021,総務費,監査委員費,監査委員費,2,9,1,"946,848",9
2021,民生費,社会福祉費,社会福祉費,3,1,1,"480,100,664","4,801"
2021,民生費,老人福祉費,老人福祉費,3,2,1,"373,320,794","3,733"
2021,民生費,児童福祉費,児童福祉費,3,3,1,"377,104,701","3,771"
2021,民生費,生活保護費,生活保護費,3,4,1,"22,545,443",225
2021,民生費,災害救助費,災害救助費,3,5,1,"1,104,247",11
2021,衛生費,公衆衛生費,公衆衛生費,4,1,1,"546,032,199","5,460"
2021,衛生費,結核対策費,結核対策費,4,2,1,"313,109",3
2021,衛生費,精神衛生費,精神衛生費,4,3,1,"6,511,831",65
2021,衛生費,環境衛生費,環境衛生費,4,4,1,"58,684,548",587
2021,衛生費,清掃費,清掃費,4,5,1,"23,451,069",235
2021,衛生費,保健所費,保健所費,4,6,1,"5,353,826",54
2021,衛生費,医薬費,医薬費,4,7,1,"58,241,792",582
2021,労働費,労政費,労政費,5,1,1,"38,875,977",389
2021,労働費,職業訓練費,職業訓練費,5,2,1,"13,080,259",131
2021,労働費,失業対策費,失業対策費,5,3,1,0,0
2021,労働費,労働委員会費,労働委員会費,5,4,1,"620,910",6
2021,農林水産業費,農業費,農業費,6,1,1,"4,575,673",46
2021,農林水産業費,畜産業費,畜産業費,6,2,1,"1,043,779",10
2021,農林水産業費,農地費,農地費,6,3,1,"1,796,385",18
2021,農林水産業費,林業費,林業費,6,4,1,"4,368,229",44
2021,農林水産業費,水産業費,水産業費,6,5,1,"8,112,737",81
2021,商工費,商業費,商業費,7,1,1,"1,948,660,450","19,487"
2021,商工費,工鉱業費,工鉱業費,7,2,1,"127,883,189","1,279"
2021,商工費,観光費,観光費,7,3,1,"22,437,062",224
2021,土木費,土木管理費,土木管理費,8,1,1,"17,495,970",175
2021,土木費,道路橋りょう費,道路橋りょう費,8,2,1,"132,305,687","1,323"
2021,土木費,河川海岸費,河川海岸費,8,3,1,"60,953,523",610
2021,土木費,港湾費,港湾費,8,4,1,"45,317,973",453
2021,土木費,都市計画費,街路費,8,5,1,"130,353,267","1,304"
2021,土木費,都市計画費,公園費,8,5,2,"45,998,252",460
2021,土木費,都市計画費,下水道費,8,5,3,"126,775,031","1,268"
2021,土木費,都市計画費,区画整理費,8,5,4,"81,305,076",813
2021,土木費,住宅費,住宅費,8,6,1,"114,596,215","1,146"
2021,土木費,空港費,空港費,8,7,1,"3,628,142",36
2021,警察費,警察費,警察費,9,1,1,"619,452,733","6,195"
2021,消防費,消防費,消防費,10,1,1,"230,441,696","2,304"
2021,教育費,教育総務費,教育総務費,11,1,1,"284,514,830","2,845"
2021,教育費,小学校費,小学校費,11,2,1,"308,260,990","3,083"
2021,教育費,中学校費,中学校費,11,3,1,"148,661,897","1,487"
2021,教育費,高等学校費,高等学校費,11,4,1,"162,375,643","1,624"
2021,教育費,特別支援学校費,特別支援学校費,11,5,1,"93,770,128",938
2021,教育費,幼稚園費,幼稚園費,11,6,1,"182,912",2
2021,教育費,社会教育費,社会教育費,11,7,1,"8,296,717",83
2021,教育費,保健体育費,体育施設費,11,8,1,"303,701,360","3,037"
2021,教育費,保健体育費,学校給食費,11,8,2,"3,274,341",33
2021,教育費,大学費,大学費,11,9,1,"23,334,626",233
2021,災害復旧費,農林水産施設,農地,12,1,1,0,0
2021,災害復旧費,農林水産施設,農業用施設,12,1,2,"467,392",5
2021,災害復旧費,農林水産施設,林業用施設,12,1,3,"1,890,484",19
2021,災害復旧費,農林水産施設,漁業用施設,12,1,4,0,0
2021,災害復旧費,農林水産施設,共同利用施設,12,1,5,0,0
2021,災害復旧費,農林水産施設,その他,12,1,6,0,0
2021,災害復旧費,公共土木施設,河川,12,2,1,0,0
2021,災害復旧費,公共土木施設,海岸,12,2,2,0,0
2021,災害復旧費,公共土木施設,道路,12,2,3,0,0
2021,災害復旧費,公共土木施設,港湾,12,2,4,"802,743",8
2021,災害復旧費,公共土木施設,漁港,12,2,5,0,0
2021,災害復旧費,公共土木施設,下水道,12,2,6,0,0
2021,災害復旧費,公共土木施設,公園,12,2,7,0,0
2021,災害復旧費,公共土木施設,その他,12,2,8,0,0
2021,災害復旧費,その他,公立学校,12,3,1,0,0
2021,災害復旧費,その他,公営住宅,12,3,2,0,0
2021,災害復旧費,その他,社会福祉施設,12,3,3,0,0
2021,災害復旧費,その他,その他,12,3,4,0,0
2021,公債費,公債費,公債費,13,1,1,"367,064,894","3,671"
2021,諸支出金,普通財産取得費,普通財産取得費,14,1,1,0,0
2021,諸支出金,公営企業費,公営企業費,14,2,1,"33,267,196",333
2021,前年度繰上充用金,前年度繰上充用金,前年度繰上充用金,15,1,1,0,0
2021,利子割交付金,利子割交付金,利子割交付金,16,1,1,"3,852,075",39
2021,配当割交付金,配当割交付金,配当割交付金,17,1,1,"27,717,423",277
2021,株式等譲渡所得割交付金,株式等譲渡所得割交付金,株式等譲渡所得割交付金,18,1,1,"33,935,588",339
2021,地方消費税交付金,地方消費税交付金,地方消費税交付金,19,1,1,"352,946,572","3,529"
2021,ゴルフ場利用税交付金,ゴルフ場利用税交付金,ゴルフ場利用税交付金,20,1,1,"449,521",4
2021,特別地方消費税交付金,特別地方消費税交付金,特別地方消費税交付金,21,1,1,0,0
2021,自動車取得税交付金,自動車取得税交付金,自動車取得税交付金,22,1,1,51,0
2021,軽油引取税交付金,軽油引取税交付金,軽油引取税交付金,23,1,1,0,0
2021,特別区財政調整交付金,特別区財政調整交付金,特別区財政調整交付金,24,1,1,"1,091,570,668","10,916"
2021,分離課税所得割交付金,分離課税所得割交付金,分離課税所得割交付金,25,1,1,0,0
2021,道府県民税所得割臨時交付金,道府県民税所得割臨時交付金,道府県民税所得割臨時交付金,26,1,1,0,0
2021,自動車税環境性能割交付金,自動車税環境性能割交付金,自動車税環境性能割交付金,27,1,1,"4,770,336",48
2021,法人事業税交付金,法人事業税交付金,法人事業税交付金,28,1,1,"8,544,311",85
2022,議会費,議会費,議会費,1,1,1,"5,007,912",50
2022,総務費,総務管理費,総務管理費,2,1,1,"834,625,355","8,346"
2022,総務費,企画費,企画費,2,2,1,"8,929,251",89
2022,総務費,徴税費,徴税費,2,3,1,"77,872,355",779
2022,総務費,市町村振興費,市町村振興費,2,4,1,"146,976,958","1,470"
2022,総務費,選挙費,選挙費,2,5,1,"6,577,480",66
2022,総務費,防災費,防災費,2,6,1,"13,046,514",130
2022,総務費,統計調査費,統計調査費,2,7,1,"1,601,285",16
2022,総務費,人事委員会費,人事委員会費,2,8,1,"876,373",9
2022,総務費,監査委員費,監査委員費,2,9,1,"929,146",9
2022,民生費,社会福祉費,社会福祉費,3,1,1,"443,078,880","4,431"
2022,民生費,老人福祉費,老人福祉費,3,2,1,"388,627,413","3,886"
2022,民生費,児童福祉費,児童福祉費,3,3,1,"390,204,017","3,902"
2022,民生費,生活保護費,生活保護費,3,4,1,"21,424,795",214
2022,民生費,災害救助費,災害救助費,3,5,1,"1,407,654",14
2022,衛生費,公衆衛生費,公衆衛生費,4,1,1,"668,691,717","6,687"
2022,衛生費,結核対策費,結核対策費,4,2,1,"314,863",3
2022,衛生費,精神衛生費,精神衛生費,4,3,1,"6,837,595",68
2022,衛生費,環境衛生費,環境衛生費,4,4,1,"374,008,247","3,740"
2022,衛生費,清掃費,清掃費,4,5,1,"23,260,319",233
2022,衛生費,保健所費,保健所費,4,6,1,"5,926,554",59
2022,衛生費,医薬費,医薬費,4,7,1,"100,164,009","1,002"
2022,労働費,労政費,労政費,5,1,1,"31,502,504",315
2022,労働費,職業訓練費,職業訓練費,5,2,1,"13,448,711",134
2022,労働費,失業対策費,失業対策費,5,3,1,0,0
2022,労働費,労働委員会費,労働委員会費,5,4,1,"645,719",6
2022,農林水産業費,農業費,農業費,6,1,1,"5,719,669",57
2022,農林水産業費,畜産業費,畜産業費,6,2,1,"1,400,601",14
2022,農林水産業費,農地費,農地費,6,3,1,"2,941,178",29
2022,農林水産業費,林業費,林業費,6,4,1,"8,697,434",87
2022,農林水産業費,水産業費,水産業費,6,5,1,"7,693,702",77
2022,商工費,商業費,商業費,7,1,1,"541,759,532","5,418"
2022,商工費,工鉱業費,工鉱業費,7,2,1,"155,300,706","1,553"
2022,商工費,観光費,観光費,7,3,1,"77,816,104",778
2022,土木費,土木管理費,土木管理費,8,1,1,"18,649,369",186
2022,土木費,道路橋りょう費,道路橋りょう費,8,2,1,"142,943,566","1,429"
2022,土木費,河川海岸費,河川海岸費,8,3,1,"52,702,577",527
2022,土木費,港湾費,港湾費,8,4,1,"47,625,986",476
2022,土木費,都市計画費,街路費,8,5,1,"133,501,100","1,335"
2022,土木費,都市計画費,公園費,8,5,2,"63,252,989",633
2022,土木費,都市計画費,下水道費,8,5,3,"147,141,577","1,471"
2022,土木費,都市計画費,区画整理費,8,5,4,"86,238,033",862
2022,土木費,住宅費,住宅費,8,6,1,"114,459,226","1,145"
2022,土木費,空港費,空港費,8,7,1,"3,044,724",30
2022,警察費,警察費,警察費,9,1,1,"629,478,667","6,295"
2022,消防費,消防費,消防費,10,1,1,"234,801,616","2,348"
2022,教育費,教育総務費,教育総務費,11,1,1,"300,516,934","3,005"
2022,教育費,小学校費,小学校費,11,2,1,"312,243,960","3,122"
2022,教育費,中学校費,中学校費,11,3,1,"149,622,604","1,496"
2022,教育費,高等学校費,高等学校費,11,4,1,"160,537,486","1,605"
2022,教育費,特別支援学校費,特別支援学校費,11,5,1,"97,436,404",974
2022,教育費,幼稚園費,幼稚園費,11,6,1,"233,094",2
2022,教育費,社会教育費,社会教育費,11,7,1,"9,102,424",91
2022,教育費,保健体育費,体育施設費,11,8,1,"64,263,896",643
2022,教育費,保健体育費,学校給食費,11,8,2,"3,454,538",35
2022,教育費,大学費,大学費,11,9,1,"26,402,315",264
2022,災害復旧費,農林水産施設,農地,12,1,1,0,0
2022,災害復旧費,農林水産施設,農業用施設,12,1,2,"172,193",2
2022,災害復旧費,農林水産施設,林業用施設,12,1,3,"1,692,017",17
2022,災害復旧費,農林水産施設,漁業用施設,12,1,4,0,0
2022,災害復旧費,農林水産施設,共同利用施設,12,1,5,0,0
2022,災害復旧費,農林水産施設,その他,12,1,6,0,0
2022,災害復旧費,公共土木施設,河川,12,2,1,0,0
2022,災害復旧費,公共土木施設,海岸,12,2,2,0,0
2022,災害復旧費,公共土木施設,道路,12,2,3,0,0
2022,災害復旧費,公共土木施設,港湾,12,2,4,0,0
2022,災害復旧費,公共土木施設,漁港,12,2,5,0,0
2022,災害復旧費,公共土木施設,下水道,12,2,6,0,0
2022,災害復旧費,公共土木施設,公園,12,2,7,0,0
2022,災害復旧費,公共土木施設,その他,12,2,8,0,0
2022,災害復旧費,その他,公立学校,12,3,1,0,0
2022,災害復旧費,その他,公営住宅,12,3,2,0,0
2022,災害復旧費,その他,社会福祉施設,12,3,3,0,0
2022,災害復旧費,その他,その他,12,3,4,0,0
2022,公債費,公債費,公債費,13,1,1,"385,258,915","3,853"
2022,諸支出金,普通財産取得費,普通財産取得費,14,1,1,0,0
2022,諸支出金,公営企業費,公営企業費,14,2,1,"28,988,644",290
2022,前年度繰上充用金,前年度繰上充用金,前年度繰上充用金,15,1,1,0,0
2022,利子割交付金,利子割交付金,利子割交付金,16,1,1,"5,099,705",51
2022,配当割交付金,配当割交付金,配当割交付金,17,1,1,"27,167,433",272
2022,株式等譲渡所得割交付金,株式等譲渡所得割交付金,株式等譲渡所得割交付金,18,1,1,"20,897,510",209
2022,地方消費税交付金,地方消費税交付金,地方消費税交付金,19,1,1,"374,143,444","3,741"
2022,ゴルフ場利用税交付金,ゴルフ場利用税交付金,ゴルフ場利用税交付金,20,1,1,"464,005",5
2022,特別地方消費税交付金,特別地方消費税交付金,特別地方消費税交付金,21,1,1,0,0
2022,自動車取得税交付金,自動車取得税交付金,自動車取得税交付金,22,1,1,955,0
2022,軽油引取税交付金,軽油引取税交付金,軽油引取税交付金,23,1,1,0,0
2022,特別区財政調整交付金,特別区財政調整交付金,特別区財政調整交付金,24,1,1,"1,160,370,493","11,604"
2022,分離課税所得割交付金,分離課税所得割交付金,分離課税所得割交付金,25,1,1,0,0
2022,道府県民税所得割臨時交付金,道府県民税所得割臨時交付金,道府県民税所得割臨時交付金,26,1,1,0,0
2022,自動車税環境性能割交付金,自動車税環境性能割交付金,自動車税環境性能割交付金,27,1,1,"5,578,291",56
2022,法人事業税交付金,法人事業税交付金,法人事業税交付金,28,1,1,"13,512,916",135
2023,議会費,議会費,議会費,1,1,1,"4,683,557",47
2023,総務費,総務管理費,総務管理費,2,1,1,"543,805,100","5,438"
2023,総務費,企画費,企画費,2,2,1,"8,621,479",86
2023,総務費,徴税費,徴税費,2,3,1,"76,512,238",765
2023,総務費,市町村振興費,市町村振興費,2,4,1,"225,104,048","2,251"
2023,総務費,選挙費,選挙費,2,5,1,"743,355",7
2023,総務費,防災費,防災費,2,6,1,"19,094,749",191
2023,総務費,統計調査費,統計調査費,2,7,1,"1,894,048",19
2023,総務費,人事委員会費,人事委員会費,2,8,1,"852,501",9
2023,総務費,監査委員費,監査委員費,2,9,1,"791,438",8
2023,民生費,社会福祉費,社会福祉費,3,1,1,"454,994,542","4,550"
2023,民生費,老人福祉費,老人福祉費,3,2,1,"391,237,595","3,912"
2023,民生費,児童福祉費,児童福祉費,3,3,1,"519,775,723","5,198"
2023,民生費,生活保護費,生活保護費,3,4,1,"20,527,104",205
2023,民生費,災害救助費,災害救助費,3,5,1,"932,717",9
2023,衛生費,公衆衛生費,公衆衛生費,4,1,1,"194,273,612","1,943"
2023,衛生費,結核対策費,結核対策費,4,2,1,"357,549",4
2023,衛生費,精神衛生費,精神衛生費,4,3,1,"7,238,561",72
2023,衛生費,環境衛生費,環境衛生費,4,4,1,"302,508,759","3,025"
2023,衛生費,清掃費,清掃費,4,5,1,"21,655,033",217
2023,衛生費,保健所費,保健所費,4,6,1,"5,012,450",50
2023,衛生費,医薬費,医薬費,4,7,1,"106,767,250","1,068"
2023,労働費,労政費,労政費,5,1,1,"43,583,557",436
2023,労働費,職業訓練費,職業訓練費,5,2,1,"15,810,872",158
2023,労働費,失業対策費,失業対策費,5,3,1,0,0
2023,労働費,労働委員会費,労働委員会費,5,4,1,"584,918",6
2023,農林水産業費,農業費,農業費,6,1,1,"6,405,394",64
2023,農林水産業費,畜産業費,畜産業費,6,2,1,"983,707",10
2023,農林水産業費,農地費,農地費,6,3,1,"3,607,027",36
2023,農林水産業費,林業費,林業費,6,4,1,"7,132,837",71
2023,農林水産業費,水産業費,水産業費,6,5,1,"9,805,361",98
2023,商工費,商業費,商業費,7,1,1,"300,063,568","3,001"
2023,商工費,工鉱業費,工鉱業費,7,2,1,"153,163,218","1,532"
2023,商工費,観光費,観光費,7,3,1,"29,279,605",293
2023,土木費,土木管理費,土木管理費,8,1,1,"18,241,862",182
2023,土木費,道路橋りょう費,道路橋りょう費,8,2,1,"159,356,894","1,594"
2023,土木費,河川海岸費,河川海岸費,8,3,1,"53,515,509",535
2023,土木費,港湾費,港湾費,8,4,1,"51,427,999",514
2023,土木費,都市計画費,街路費,8,5,1,"125,479,676","1,255"
2023,土木費,都市計画費,公園費,8,5,2,"55,769,853",558
2023,土木費,都市計画費,下水道費,8,5,3,"155,102,479","1,551"
2023,土木費,都市計画費,区画整理費,8,5,4,"78,430,606",784
2023,土木費,住宅費,住宅費,8,6,1,"116,225,539","1,162"
2023,土木費,空港費,空港費,8,7,1,"3,561,628",36
2023,警察費,警察費,警察費,9,1,1,"634,387,121","6,344"
2023,消防費,消防費,消防費,10,1,1,"245,266,086","2,453"
2023,教育費,教育総務費,教育総務費,11,1,1,"288,668,671","2,887"
2023,教育費,小学校費,小学校費,11,2,1,"320,311,938","3,203"
2023,教育費,中学校費,中学校費,11,3,1,"151,211,977","1,512"
2023,教育費,高等学校費,高等学校費,11,4,1,"160,509,148","1,605"
2023,教育費,特別支援学校費,特別支援学校費,11,5,1,"102,566,746","1,026"
2023,教育費,幼稚園費,幼稚園費,11,6,1,"196,094",2
2023,教育費,社会教育費,社会教育費,11,7,1,"9,316,023",93
2023,教育費,保健体育費,体育施設費,11,8,1,"26,102,682",261
2023,教育費,保健体育費,学校給食費,11,8,2,"3,653,812",37
2023,教育費,大学費,大学費,11,9,1,"23,496,188",235
2023,災害復旧費,農林水産施設,農地,12,1,1,0,0
2023,災害復旧費,農林水産施設,農業用施設,12,1,2,"119,643",1
2023,災害復旧費,農林水産施設,林業用施設,12,1,3,"1,572,011",16
2023,災害復旧費,農林水産施設,漁業用施設,12,1,4,0,0
2023,災害復旧費,農林水産施設,共同利用施設,12,1,5,0,0
2023,災害復旧費,農林水産施設,その他,12,1,6,0,0
2023,災害復旧費,公共土木施設,河川,12,2,1,0,0
2023,災害復旧費,公共土木施設,海岸,12,2,2,0,0
2023,災害復旧費,公共土木施設,道路,12,2,3,0,0
2023,災害復旧費,公共土木施設,港湾,12,2,4,0,0
2023,災害復旧費,公共土木施設,漁港,12,2,5,0,0
2023,災害復旧費,公共土木施設,下水道,12,2,6,0,0
2023,災害復旧費,公共土木施設,公園,12,2,7,0,0
2023,災害復旧費,公共土木施設,その他,12,2,8,0,0
2023,災害復旧費,その他,公立学校,12,3,1,0,0
2023,災害復旧費,その他,公営住宅,12,3,2,0,0
2023,災害復旧費,その他,社会福祉施設,12,3,3,0,0
2023,災害復旧費,その他,その他,12,3,4,0,0
2023,公債費,公債費,公債費,13,1,1,"380,771,329","3,808"
2023,諸支出金,普通財産取得費,普通財産取得費,14,1,1,0,0
2023,諸支出金,公営企業費,公営企業費,14,2,1,"33,080,337",331
2023,前年度繰上充用金,前年度繰上充用金,前年度繰上充用金,15,1,1,0,0
2023,利子割交付金,利子割交付金,利子割交付金,16,1,1,"5,987,278",60
2023,配当割交付金,配当割交付金,配当割交付金,17,1,1,"31,868,093",319
2023,株式等譲渡所得割交付金,株式等譲渡所得割交付金,株式等譲渡所得割交付金,18,1,1,"34,266,322",343
2023,地方消費税交付金,地方消費税交付金,地方消費税交付金,19,1,1,"371,743,682","3,717"
2023,ゴルフ場利用税交付金,ゴルフ場利用税交付金,ゴルフ場利用税交付金,20,1,1,"462,457",5
2023,特別地方消費税交付金,特別地方消費税交付金,特別地方消費税交付金,21,1,1,0,0
2023,自動車取得税交付金,自動車取得税交付金,自動車取得税交付金,22,1,1,"163,653",2
2023,軽油引取税交付金,軽油引取税交付金,軽油引取税交付金,23,1,1,0,0
2023,特別区財政調整交付金,特別区財政調整交付金,特別区財政調整交付金,24,1,1,"1,209,548,963","12,095"
2023,分離課税所得割交付金,分離課税所得割交付金,分離課税所得割交付金,25,1,1,0,0
2023,道府県民税所得割臨時交付金,道府県民税所得割臨時交付金,道府県民税所得割臨時交付金,26,1,1,0,0
2023,自動車税環境性能割交付金,自動車税環境性能割交付金,自動車税環境性能割交付金,27,1,1,"6,123,309",61
2023,法人事業税交付金,法人事業税交付金,法人事業税交付金,28,1,1,"16,976,627",170
2024,議会費,議会費,議会費,1,1,1,"4,802,994",48
2024,総務費,総務管理費,総務管理費,2,1,1,"573,929,904","5,739"
2024,総務費,企画費,企画費,2,2,1,"14,477,203",145
2024,総務費,徴税費,徴税費,2,3,1,"85,635,492",856
2024,総務費,市町村振興費,市町村振興費,2,4,1,"225,233,897","2,252"
2024,総務費,選挙費,選挙費,2,5,1,"16,586,167",166
2024,総務費,防災費,防災費,2,6,1,"15,542,939",155
2024,総務費,統計調査費,統計調査費,2,7,1,"1,560,869",16
2024,総務費,人事委員会費,人事委員会費,2,8,1,"928,252",9
2024,総務費,監査委員費,監査委員費,2,9,1,"798,618",8
2024,民生費,社会福祉費,社会福祉費,3,1,1,"393,822,622","3,938"
2024,民生費,老人福祉費,老人福祉費,3,2,1,"409,101,357","4,091"
2024,民生費,児童福祉費,児童福祉費,3,3,1,"563,958,931","5,640"
2024,民生費,生活保護費,生活保護費,3,4,1,"20,600,254",206
2024,民生費,災害救助費,災害救助費,3,5,1,"1,506,283",15
2024,衛生費,公衆衛生費,公衆衛生費,4,1,1,"83,497,559",835
2024,衛生費,結核対策費,結核対策費,4,2,1,"388,882",4
2024,衛生費,精神衛生費,精神衛生費,4,3,1,"7,751,307",78
2024,衛生費,環境衛生費,環境衛生費,4,4,1,"230,507,631","2,305"
2024,衛生費,清掃費,清掃費,4,5,1,"27,988,654",280
2024,衛生費,保健所費,保健所費,4,6,1,"5,872,861",59
2024,衛生費,医薬費,医薬費,4,7,1,"127,112,248","1,271"
2024,労働費,労政費,労政費,5,1,1,"36,509,428",365
2024,労働費,職業訓練費,職業訓練費,5,2,1,"15,782,441",158
2024,労働費,失業対策費,失業対策費,5,3,1,0,0
2024,労働費,労働委員会費,労働委員会費,5,4,1,"583,772",6
2024,農林水産業費,農業費,農業費,6,1,1,"6,601,090",66
2024,農林水産業費,畜産業費,畜産業費,6,2,1,"1,048,448",10
2024,農林水産業費,農地費,農地費,6,3,1,"3,447,503",34
2024,農林水産業費,林業費,林業費,6,4,1,"7,268,255",73
2024,農林水産業費,水産業費,水産業費,6,5,1,"8,026,284",80
2024,商工費,商業費,商業費,7,1,1,"312,823,868","3,128"
2024,商工費,工鉱業費,工鉱業費,7,2,1,"150,106,884","1,501"
2024,商工費,観光費,観光費,7,3,1,"34,852,824",349
2024,土木費,土木管理費,土木管理費,8,1,1,"23,516,328",235
2024,土木費,道路橋りょう費,道路橋りょう費,8,2,1,"163,068,332","1,631"
2024,土木費,河川海岸費,河川海岸費,8,3,1,"57,681,374",577
2024,土木費,港湾費,港湾費,8,4,1,"69,536,009",695
2024,土木費,都市計画費,街路費,8,5,1,"151,405,218","1,514"
2024,土木費,都市計画費,公園費,8,5,2,"77,706,046",777
2024,土木費,都市計画費,下水道費,8,5,3,"189,539,863","1,895"
2024,土木費,都市計画費,区画整理費,8,5,4,"177,195,837","1,772"
2024,土木費,住宅費,住宅費,8,6,1,"143,819,159","1,438"
2024,土木費,空港費,空港費,8,7,1,"3,428,198",34
2024,警察費,警察費,警察費,9,1,1,"650,271,565","6,503"
2024,消防費,消防費,消防費,10,1,1,"262,356,909","2,624"
2024,教育費,教育総務費,教育総務費,11,1,1,"386,947,247","3,869"
2024,教育費,小学校費,小学校費,11,2,1,"344,775,303","3,448"
2024,教育費,中学校費,中学校費,11,3,1,"161,275,387","1,613"
2024,教育費,高等学校費,高等学校費,11,4,1,"174,210,050","1,742"
2024,教育費,特別支援学校費,特別支援学校費,11,5,1,"111,312,616","1,113"
2024,教育費,幼稚園費,幼稚園費,11,6,1,"176,006",2
2024,教育費,社会教育費,社会教育費,11,7,1,"9,833,534",98
2024,教育費,保健体育費,体育施設費,11,8,1,"28,675,870",287
2024,教育費,保健体育費,学校給食費,11,8,2,"24,198,069",242
2024,教育費,大学費,大学費,11,9,1,"27,195,877",272
2024,災害復旧費,農林水産施設,農地,12,1,1,0,0
2024,災害復旧費,農林水産施設,農業用施設,12,1,2,"23,628",0
2024,災害復旧費,農林水産施設,林業用施設,12,1,3,"1,361,555",14
2024,災害復旧費,農林水産施設,漁業用施設,12,1,4,0,0
2024,災害復旧費,農林水産施設,共同利用施設,12,1,5,0,0
2024,災害復旧費,農林水産施設,その他,12,1,6,0,0
2024,災害復旧費,公共土木施設,河川,12,2,1,0,0
2024,災害復旧費,公共土木施設,海岸,12,2,2,0,0
2024,災害復旧費,公共土木施設,道路,12,2,3,0,0
2024,災害復旧費,公共土木施設,港湾,12,2,4,0,0
2024,災害復旧費,公共土木施設,漁港,12,2,5,0,0
2024,災害復旧費,公共土木施設,下水道,12,2,6,0,0
2024,災害復旧費,公共土木施設,公園,12,2,7,0,0
2024,災害復旧費,公共土木施設,その他,12,2,8,0,0
2024,災害復旧費,その他,公立学校,12,3,1,0,0
2024,災害復旧費,その他,公営住宅,12,3,2,0,0
2024,災害復旧費,その他,社会福祉施設,12,3,3,0,0
2024,災害復旧費,その他,その他,12,3,4,0,0
2024,公債費,公債費,公債費,13,1,1,"441,039,073","4,410"
2024,諸支出金,普通財産取得費,普通財産取得費,14,1,1,0,0
2024,諸支出金,公営企業費,公営企業費,14,2,1,"29,260,604",293
2024,前年度繰上充用金,前年度繰上充用金,前年度繰上充用金,15,1,1,0,0
2024,利子割交付金,利子割交付金,利子割交付金,16,1,1,"8,315,120",83
2024,配当割交付金,配当割交付金,配当割交付金,17,1,1,"42,895,864",429
2024,株式等譲渡所得割交付金,株式等譲渡所得割交付金,株式等譲渡所得割交付金,18,1,1,"62,693,334",627
2024,分離課税所得割交付金,分離課税所得割交付金,分離課税所得割交付金,19,1,1,0,0
2024,地方消費税交付金,地方消費税交付金,地方消費税交付金,20,1,1,"389,891,694","3,899"
2024,ゴルフ場利用税交付金,ゴルフ場利用税交付金,ゴルフ場利用税交付金,21,1,1,"442,973",4
2024,自動車取得税交付金,自動車取得税交付金,自動車取得税交付金,22,1,1,"75,643",1
2024,軽油引取税交付金,軽油引取税交付金,軽油引取税交付金,23,1,1,0,0
2024,自動車税環境性能割交付金,自動車税環境性能割交付金,自動車税環境性能割交付金,24,1,1,"8,157,153",82
2024,法人事業税交付金,法人事業税交付金,法人事業税交付金,25,1,1,"17,938,667",179
2024,特別区財政調整交付金,特別区財政調整交付金,特別区財政調整交付金,26,1,1,"1,259,932,193","12,599"
